[0.205s] DEBUG:colcon:Command line arguments: ['/usr/bin/colcon', 'build']
[0.205s] DEBUG:colcon:Parsed command line arguments: Namespace(log_base=None, log_level=None, verb_name='build', build_base='build', install_base='install', merge_install=False, symlink_install=False, test_result_base=None, continue_on_error=False, executor='parallel', parallel_workers=6, event_handlers=None, ignore_user_meta=False, metas=['./colcon.meta'], base_paths=['.'], packages_ignore=None, packages_ignore_regex=None, paths=None, packages_up_to=None, packages_up_to_regex=None, packages_above=None, packages_above_and_dependencies=None, packages_above_depth=None, packages_select_by_dep=None, packages_skip_by_dep=None, packages_skip_up_to=None, packages_select_build_failed=False, packages_skip_build_finished=False, packages_select_test_failures=False, packages_skip_test_passed=False, packages_select=None, packages_skip=None, packages_select_regex=None, packages_skip_regex=None, packages_start=None, packages_end=None, allow_overriding=[], cmake_args=None, cmake_target=None, cmake_target_skip_unavailable=False, cmake_clean_cache=False, cmake_clean_first=False, cmake_force_configure=False, ament_cmake_args=None, catkin_cmake_args=None, catkin_skip_building_tests=False, mixin_files=None, mixin=None, verb_parser=<colcon_mixin.mixin.mixin_argument.MixinArgumentDecorator object at 0xffff93d55f60>, verb_extension=<colcon_core.verb.build.BuildVerb object at 0xffff93d555a0>, main=<bound method BuildVerb.main of <colcon_core.verb.build.BuildVerb object at 0xffff93d555a0>>, mixin_verb=('build',))
[0.522s] Level 1:colcon.colcon_core.package_discovery:discover_packages(colcon_meta) check parameters
[0.522s] Level 1:colcon.colcon_core.package_discovery:discover_packages(recursive) check parameters
[0.522s] Level 1:colcon.colcon_core.package_discovery:discover_packages(ignore) check parameters
[0.522s] Level 1:colcon.colcon_core.package_discovery:discover_packages(path) check parameters
[0.523s] Level 1:colcon.colcon_core.package_discovery:discover_packages(colcon_meta) discover
[0.523s] Level 1:colcon.colcon_core.package_discovery:discover_packages(recursive) discover
[0.523s] INFO:colcon.colcon_core.package_discovery:Crawling recursively for packages in '/home/wolfwagen/Undergrad_Minchan_Folder/ROOMBA_PROJECT_1'
[0.523s] Level 1:colcon.colcon_core.package_identification:_identify(.) by extensions ['ignore', 'ignore_ament_install']
[0.523s] Level 1:colcon.colcon_core.package_identification:_identify(.) by extension 'ignore'
[0.523s] Level 1:colcon.colcon_core.package_identification:_identify(.) by extension 'ignore_ament_install'
[0.523s] Level 1:colcon.colcon_core.package_identification:_identify(.) by extensions ['colcon_pkg']
[0.524s] Level 1:colcon.colcon_core.package_identification:_identify(.) by extension 'colcon_pkg'
[0.524s] Level 1:colcon.colcon_core.package_identification:_identify(.) by extensions ['colcon_meta']
[0.524s] Level 1:colcon.colcon_core.package_identification:_identify(.) by extension 'colcon_meta'
[0.524s] Level 1:colcon.colcon_core.package_identification:_identify(.) by extensions ['ros']
[0.524s] Level 1:colcon.colcon_core.package_identification:_identify(.) by extension 'ros'
[0.543s] Level 1:colcon.colcon_core.package_identification:_identify(.) by extensions ['cmake', 'python']
[0.544s] Level 1:colcon.colcon_core.package_identification:_identify(.) by extension 'cmake'
[0.544s] Level 1:colcon.colcon_core.package_identification:_identify(.) by extension 'python'
[0.544s] Level 1:colcon.colcon_core.package_identification:_identify(.) by extensions ['python_setup_py']
[0.544s] Level 1:colcon.colcon_core.package_identification:_identify(.) by extension 'python_setup_py'
[0.544s] Level 1:colcon.colcon_core.package_identification:_identify(build) by extensions ['ignore', 'ignore_ament_install']
[0.544s] Level 1:colcon.colcon_core.package_identification:_identify(build) by extension 'ignore'
[0.545s] Level 1:colcon.colcon_core.package_identification:_identify(build) ignored
[0.545s] Level 1:colcon.colcon_core.package_identification:_identify(install) by extensions ['ignore', 'ignore_ament_install']
[0.545s] Level 1:colcon.colcon_core.package_identification:_identify(install) by extension 'ignore'
[0.545s] Level 1:colcon.colcon_core.package_identification:_identify(install) ignored
[0.545s] Level 1:colcon.colcon_core.package_identification:_identify(log) by extensions ['ignore', 'ignore_ament_install']
[0.546s] Level 1:colcon.colcon_core.package_identification:_identify(log) by extension 'ignore'
[0.546s] Level 1:colcon.colcon_core.package_identification:_identify(log) ignored
[0.546s] Level 1:colcon.colcon_core.package_identification:_identify(roomba_src) by extensions ['ignore', 'ignore_ament_install']
[0.546s] Level 1:colcon.colcon_core.package_identification:_identify(roomba_src) by extension 'ignore'
[0.546s] Level 1:colcon.colcon_core.package_identification:_identify(roomba_src) by extension 'ignore_ament_install'
[0.546s] Level 1:colcon.colcon_core.package_identification:_identify(roomba_src) by extensions ['colcon_pkg']
[0.546s] Level 1:colcon.colcon_core.package_identification:_identify(roomba_src) by extension 'colcon_pkg'
[0.546s] Level 1:colcon.colcon_core.package_identification:_identify(roomba_src) by extensions ['colcon_meta']
[0.546s] Level 1:colcon.colcon_core.package_identification:_identify(roomba_src) by extension 'colcon_meta'
[0.546s] Level 1:colcon.colcon_core.package_identification:_identify(roomba_src) by extensions ['ros']
[0.547s] Level 1:colcon.colcon_core.package_identification:_identify(roomba_src) by extension 'ros'
[0.547s] Level 1:colcon.colcon_core.package_identification:_identify(roomba_src) by extensions ['cmake', 'python']
[0.547s] Level 1:colcon.colcon_core.package_identification:_identify(roomba_src) by extension 'cmake'
[0.547s] Level 1:colcon.colcon_core.package_identification:_identify(roomba_src) by extension 'python'
[0.547s] Level 1:colcon.colcon_core.package_identification:_identify(roomba_src) by extensions ['python_setup_py']
[0.547s] Level 1:colcon.colcon_core.package_identification:_identify(roomba_src) by extension 'python_setup_py'
[0.547s] Level 1:colcon.colcon_core.package_identification:_identify(roomba_src/first_roomba_pkg) by extensions ['ignore', 'ignore_ament_install']
[0.547s] Level 1:colcon.colcon_core.package_identification:_identify(roomba_src/first_roomba_pkg) by extension 'ignore'
[0.547s] Level 1:colcon.colcon_core.package_identification:_identify(roomba_src/first_roomba_pkg) by extension 'ignore_ament_install'
[0.548s] Level 1:colcon.colcon_core.package_identification:_identify(roomba_src/first_roomba_pkg) by extensions ['colcon_pkg']
[0.548s] Level 1:colcon.colcon_core.package_identification:_identify(roomba_src/first_roomba_pkg) by extension 'colcon_pkg'
[0.548s] Level 1:colcon.colcon_core.package_identification:_identify(roomba_src/first_roomba_pkg) by extensions ['colcon_meta']
[0.548s] Level 1:colcon.colcon_core.package_identification:_identify(roomba_src/first_roomba_pkg) by extension 'colcon_meta'
[0.548s] Level 1:colcon.colcon_core.package_identification:_identify(roomba_src/first_roomba_pkg) by extensions ['ros']
[0.548s] Level 1:colcon.colcon_core.package_identification:_identify(roomba_src/first_roomba_pkg) by extension 'ros'
[0.552s] DEBUG:colcon.colcon_core.package_identification:Package 'roomba_src/first_roomba_pkg' with type 'ros.ament_python' and name 'first_roomba_pkg'
[0.553s] Level 1:colcon.colcon_core.package_identification:_identify(roomba_src/install) by extensions ['ignore', 'ignore_ament_install']
[0.553s] Level 1:colcon.colcon_core.package_identification:_identify(roomba_src/install) by extension 'ignore'
[0.553s] Level 1:colcon.colcon_core.package_identification:_identify(roomba_src/install) ignored
[0.553s] Level 1:colcon.colcon_core.package_identification:_identify(roomba_src/log) by extensions ['ignore', 'ignore_ament_install']
[0.553s] Level 1:colcon.colcon_core.package_identification:_identify(roomba_src/log) by extension 'ignore'
[0.554s] Level 1:colcon.colcon_core.package_identification:_identify(roomba_src/log) ignored
[0.554s] Level 1:colcon.colcon_core.package_identification:_identify(roomba_src/unilidar_sdk2) by extensions ['ignore', 'ignore_ament_install']
[0.554s] Level 1:colcon.colcon_core.package_identification:_identify(roomba_src/unilidar_sdk2) by extension 'ignore'
[0.554s] Level 1:colcon.colcon_core.package_identification:_identify(roomba_src/unilidar_sdk2) by extension 'ignore_ament_install'
[0.554s] Level 1:colcon.colcon_core.package_identification:_identify(roomba_src/unilidar_sdk2) by extensions ['colcon_pkg']
[0.554s] Level 1:colcon.colcon_core.package_identification:_identify(roomba_src/unilidar_sdk2) by extension 'colcon_pkg'
[0.554s] Level 1:colcon.colcon_core.package_identification:_identify(roomba_src/unilidar_sdk2) by extensions ['colcon_meta']
[0.554s] Level 1:colcon.colcon_core.package_identification:_identify(roomba_src/unilidar_sdk2) by extension 'colcon_meta'
[0.554s] Level 1:colcon.colcon_core.package_identification:_identify(roomba_src/unilidar_sdk2) by extensions ['ros']
[0.555s] Level 1:colcon.colcon_core.package_identification:_identify(roomba_src/unilidar_sdk2) by extension 'ros'
[0.555s] Level 1:colcon.colcon_core.package_identification:_identify(roomba_src/unilidar_sdk2) by extensions ['cmake', 'python']
[0.555s] Level 1:colcon.colcon_core.package_identification:_identify(roomba_src/unilidar_sdk2) by extension 'cmake'
[0.555s] Level 1:colcon.colcon_core.package_identification:_identify(roomba_src/unilidar_sdk2) by extension 'python'
[0.555s] Level 1:colcon.colcon_core.package_identification:_identify(roomba_src/unilidar_sdk2) by extensions ['python_setup_py']
[0.555s] Level 1:colcon.colcon_core.package_identification:_identify(roomba_src/unilidar_sdk2) by extension 'python_setup_py'
[0.555s] Level 1:colcon.colcon_core.package_identification:_identify(roomba_src/unilidar_sdk2/docs) by extensions ['ignore', 'ignore_ament_install']
[0.555s] Level 1:colcon.colcon_core.package_identification:_identify(roomba_src/unilidar_sdk2/docs) by extension 'ignore'
[0.555s] Level 1:colcon.colcon_core.package_identification:_identify(roomba_src/unilidar_sdk2/docs) by extension 'ignore_ament_install'
[0.556s] Level 1:colcon.colcon_core.package_identification:_identify(roomba_src/unilidar_sdk2/docs) by extensions ['colcon_pkg']
[0.556s] Level 1:colcon.colcon_core.package_identification:_identify(roomba_src/unilidar_sdk2/docs) by extension 'colcon_pkg'
[0.556s] Level 1:colcon.colcon_core.package_identification:_identify(roomba_src/unilidar_sdk2/docs) by extensions ['colcon_meta']
[0.556s] Level 1:colcon.colcon_core.package_identification:_identify(roomba_src/unilidar_sdk2/docs) by extension 'colcon_meta'
[0.556s] Level 1:colcon.colcon_core.package_identification:_identify(roomba_src/unilidar_sdk2/docs) by extensions ['ros']
[0.556s] Level 1:colcon.colcon_core.package_identification:_identify(roomba_src/unilidar_sdk2/docs) by extension 'ros'
[0.556s] Level 1:colcon.colcon_core.package_identification:_identify(roomba_src/unilidar_sdk2/docs) by extensions ['cmake', 'python']
[0.556s] Level 1:colcon.colcon_core.package_identification:_identify(roomba_src/unilidar_sdk2/docs) by extension 'cmake'
[0.556s] Level 1:colcon.colcon_core.package_identification:_identify(roomba_src/unilidar_sdk2/docs) by extension 'python'
[0.556s] Level 1:colcon.colcon_core.package_identification:_identify(roomba_src/unilidar_sdk2/docs) by extensions ['python_setup_py']
[0.556s] Level 1:colcon.colcon_core.package_identification:_identify(roomba_src/unilidar_sdk2/docs) by extension 'python_setup_py'
[0.557s] Level 1:colcon.colcon_core.package_identification:_identify(roomba_src/unilidar_sdk2/unitree_lidar_ros) by extensions ['ignore', 'ignore_ament_install']
[0.557s] Level 1:colcon.colcon_core.package_identification:_identify(roomba_src/unilidar_sdk2/unitree_lidar_ros) by extension 'ignore'
[0.557s] Level 1:colcon.colcon_core.package_identification:_identify(roomba_src/unilidar_sdk2/unitree_lidar_ros) ignored
[0.557s] Level 1:colcon.colcon_core.package_identification:_identify(roomba_src/unilidar_sdk2/unitree_lidar_ros2) by extensions ['ignore', 'ignore_ament_install']
[0.557s] Level 1:colcon.colcon_core.package_identification:_identify(roomba_src/unilidar_sdk2/unitree_lidar_ros2) by extension 'ignore'
[0.557s] Level 1:colcon.colcon_core.package_identification:_identify(roomba_src/unilidar_sdk2/unitree_lidar_ros2) by extension 'ignore_ament_install'
[0.557s] Level 1:colcon.colcon_core.package_identification:_identify(roomba_src/unilidar_sdk2/unitree_lidar_ros2) by extensions ['colcon_pkg']
[0.557s] Level 1:colcon.colcon_core.package_identification:_identify(roomba_src/unilidar_sdk2/unitree_lidar_ros2) by extension 'colcon_pkg'
[0.558s] Level 1:colcon.colcon_core.package_identification:_identify(roomba_src/unilidar_sdk2/unitree_lidar_ros2) by extensions ['colcon_meta']
[0.558s] Level 1:colcon.colcon_core.package_identification:_identify(roomba_src/unilidar_sdk2/unitree_lidar_ros2) by extension 'colcon_meta'
[0.558s] Level 1:colcon.colcon_core.package_identification:_identify(roomba_src/unilidar_sdk2/unitree_lidar_ros2) by extensions ['ros']
[0.558s] Level 1:colcon.colcon_core.package_identification:_identify(roomba_src/unilidar_sdk2/unitree_lidar_ros2) by extension 'ros'
[0.558s] Level 1:colcon.colcon_core.package_identification:_identify(roomba_src/unilidar_sdk2/unitree_lidar_ros2) by extensions ['cmake', 'python']
[0.558s] Level 1:colcon.colcon_core.package_identification:_identify(roomba_src/unilidar_sdk2/unitree_lidar_ros2) by extension 'cmake'
[0.558s] Level 1:colcon.colcon_core.package_identification:_identify(roomba_src/unilidar_sdk2/unitree_lidar_ros2) by extension 'python'
[0.558s] Level 1:colcon.colcon_core.package_identification:_identify(roomba_src/unilidar_sdk2/unitree_lidar_ros2) by extensions ['python_setup_py']
[0.558s] Level 1:colcon.colcon_core.package_identification:_identify(roomba_src/unilidar_sdk2/unitree_lidar_ros2) by extension 'python_setup_py'
[0.558s] Level 1:colcon.colcon_core.package_identification:_identify(roomba_src/unilidar_sdk2/unitree_lidar_ros2/src) by extensions ['ignore', 'ignore_ament_install']
[0.559s] Level 1:colcon.colcon_core.package_identification:_identify(roomba_src/unilidar_sdk2/unitree_lidar_ros2/src) by extension 'ignore'
[0.559s] Level 1:colcon.colcon_core.package_identification:_identify(roomba_src/unilidar_sdk2/unitree_lidar_ros2/src) by extension 'ignore_ament_install'
[0.559s] Level 1:colcon.colcon_core.package_identification:_identify(roomba_src/unilidar_sdk2/unitree_lidar_ros2/src) by extensions ['colcon_pkg']
[0.559s] Level 1:colcon.colcon_core.package_identification:_identify(roomba_src/unilidar_sdk2/unitree_lidar_ros2/src) by extension 'colcon_pkg'
[0.559s] Level 1:colcon.colcon_core.package_identification:_identify(roomba_src/unilidar_sdk2/unitree_lidar_ros2/src) by extensions ['colcon_meta']
[0.559s] Level 1:colcon.colcon_core.package_identification:_identify(roomba_src/unilidar_sdk2/unitree_lidar_ros2/src) by extension 'colcon_meta'
[0.559s] Level 1:colcon.colcon_core.package_identification:_identify(roomba_src/unilidar_sdk2/unitree_lidar_ros2/src) by extensions ['ros']
[0.559s] Level 1:colcon.colcon_core.package_identification:_identify(roomba_src/unilidar_sdk2/unitree_lidar_ros2/src) by extension 'ros'
[0.559s] Level 1:colcon.colcon_core.package_identification:_identify(roomba_src/unilidar_sdk2/unitree_lidar_ros2/src) by extensions ['cmake', 'python']
[0.559s] Level 1:colcon.colcon_core.package_identification:_identify(roomba_src/unilidar_sdk2/unitree_lidar_ros2/src) by extension 'cmake'
[0.559s] Level 1:colcon.colcon_core.package_identification:_identify(roomba_src/unilidar_sdk2/unitree_lidar_ros2/src) by extension 'python'
[0.560s] Level 1:colcon.colcon_core.package_identification:_identify(roomba_src/unilidar_sdk2/unitree_lidar_ros2/src) by extensions ['python_setup_py']
[0.560s] Level 1:colcon.colcon_core.package_identification:_identify(roomba_src/unilidar_sdk2/unitree_lidar_ros2/src) by extension 'python_setup_py'
[0.560s] Level 1:colcon.colcon_core.package_identification:_identify(roomba_src/unilidar_sdk2/unitree_lidar_ros2/src/unitree_lidar_ros2) by extensions ['ignore', 'ignore_ament_install']
[0.560s] Level 1:colcon.colcon_core.package_identification:_identify(roomba_src/unilidar_sdk2/unitree_lidar_ros2/src/unitree_lidar_ros2) by extension 'ignore'
[0.560s] Level 1:colcon.colcon_core.package_identification:_identify(roomba_src/unilidar_sdk2/unitree_lidar_ros2/src/unitree_lidar_ros2) by extension 'ignore_ament_install'
[0.560s] Level 1:colcon.colcon_core.package_identification:_identify(roomba_src/unilidar_sdk2/unitree_lidar_ros2/src/unitree_lidar_ros2) by extensions ['colcon_pkg']
[0.560s] Level 1:colcon.colcon_core.package_identification:_identify(roomba_src/unilidar_sdk2/unitree_lidar_ros2/src/unitree_lidar_ros2) by extension 'colcon_pkg'
[0.560s] Level 1:colcon.colcon_core.package_identification:_identify(roomba_src/unilidar_sdk2/unitree_lidar_ros2/src/unitree_lidar_ros2) by extensions ['colcon_meta']
[0.560s] Level 1:colcon.colcon_core.package_identification:_identify(roomba_src/unilidar_sdk2/unitree_lidar_ros2/src/unitree_lidar_ros2) by extension 'colcon_meta'
[0.560s] Level 1:colcon.colcon_core.package_identification:_identify(roomba_src/unilidar_sdk2/unitree_lidar_ros2/src/unitree_lidar_ros2) by extensions ['ros']
[0.561s] Level 1:colcon.colcon_core.package_identification:_identify(roomba_src/unilidar_sdk2/unitree_lidar_ros2/src/unitree_lidar_ros2) by extension 'ros'
[0.562s] DEBUG:colcon.colcon_core.package_identification:Package 'roomba_src/unilidar_sdk2/unitree_lidar_ros2/src/unitree_lidar_ros2' with type 'ros.ament_cmake' and name 'unitree_lidar_ros2'
[0.562s] Level 1:colcon.colcon_core.package_identification:_identify(roomba_src/unilidar_sdk2/unitree_lidar_sdk) by extensions ['ignore', 'ignore_ament_install']
[0.563s] Level 1:colcon.colcon_core.package_identification:_identify(roomba_src/unilidar_sdk2/unitree_lidar_sdk) by extension 'ignore'
[0.563s] Level 1:colcon.colcon_core.package_identification:_identify(roomba_src/unilidar_sdk2/unitree_lidar_sdk) by extension 'ignore_ament_install'
[0.563s] Level 1:colcon.colcon_core.package_identification:_identify(roomba_src/unilidar_sdk2/unitree_lidar_sdk) by extensions ['colcon_pkg']
[0.563s] Level 1:colcon.colcon_core.package_identification:_identify(roomba_src/unilidar_sdk2/unitree_lidar_sdk) by extension 'colcon_pkg'
[0.563s] Level 1:colcon.colcon_core.package_identification:_identify(roomba_src/unilidar_sdk2/unitree_lidar_sdk) by extensions ['colcon_meta']
[0.563s] Level 1:colcon.colcon_core.package_identification:_identify(roomba_src/unilidar_sdk2/unitree_lidar_sdk) by extension 'colcon_meta'
[0.563s] Level 1:colcon.colcon_core.package_identification:_identify(roomba_src/unilidar_sdk2/unitree_lidar_sdk) by extensions ['ros']
[0.563s] Level 1:colcon.colcon_core.package_identification:_identify(roomba_src/unilidar_sdk2/unitree_lidar_sdk) by extension 'ros'
[0.563s] Level 1:colcon.colcon_core.package_identification:_identify(roomba_src/unilidar_sdk2/unitree_lidar_sdk) by extensions ['cmake', 'python']
[0.563s] Level 1:colcon.colcon_core.package_identification:_identify(roomba_src/unilidar_sdk2/unitree_lidar_sdk) by extension 'cmake'
[0.566s] Level 1:colcon.colcon_core.package_identification:_identify(roomba_src/unilidar_sdk2/unitree_lidar_sdk) by extension 'python'
[0.566s] DEBUG:colcon.colcon_core.package_identification:Package 'roomba_src/unilidar_sdk2/unitree_lidar_sdk' with type 'cmake' and name 'unitree_lidar_sdk'
[0.566s] Level 1:colcon.colcon_core.package_identification:_identify(roomba_src/zed-ros2-wrapper) by extensions ['ignore', 'ignore_ament_install']
[0.566s] Level 1:colcon.colcon_core.package_identification:_identify(roomba_src/zed-ros2-wrapper) by extension 'ignore'
[0.566s] Level 1:colcon.colcon_core.package_identification:_identify(roomba_src/zed-ros2-wrapper) by extension 'ignore_ament_install'
[0.566s] Level 1:colcon.colcon_core.package_identification:_identify(roomba_src/zed-ros2-wrapper) by extensions ['colcon_pkg']
[0.567s] Level 1:colcon.colcon_core.package_identification:_identify(roomba_src/zed-ros2-wrapper) by extension 'colcon_pkg'
[0.567s] Level 1:colcon.colcon_core.package_identification:_identify(roomba_src/zed-ros2-wrapper) by extensions ['colcon_meta']
[0.567s] Level 1:colcon.colcon_core.package_identification:_identify(roomba_src/zed-ros2-wrapper) by extension 'colcon_meta'
[0.567s] Level 1:colcon.colcon_core.package_identification:_identify(roomba_src/zed-ros2-wrapper) by extensions ['ros']
[0.567s] Level 1:colcon.colcon_core.package_identification:_identify(roomba_src/zed-ros2-wrapper) by extension 'ros'
[0.567s] Level 1:colcon.colcon_core.package_identification:_identify(roomba_src/zed-ros2-wrapper) by extensions ['cmake', 'python']
[0.567s] Level 1:colcon.colcon_core.package_identification:_identify(roomba_src/zed-ros2-wrapper) by extension 'cmake'
[0.567s] Level 1:colcon.colcon_core.package_identification:_identify(roomba_src/zed-ros2-wrapper) by extension 'python'
[0.567s] Level 1:colcon.colcon_core.package_identification:_identify(roomba_src/zed-ros2-wrapper) by extensions ['python_setup_py']
[0.567s] Level 1:colcon.colcon_core.package_identification:_identify(roomba_src/zed-ros2-wrapper) by extension 'python_setup_py'
[0.568s] Level 1:colcon.colcon_core.package_identification:_identify(roomba_src/zed-ros2-wrapper/docker) by extensions ['ignore', 'ignore_ament_install']
[0.568s] Level 1:colcon.colcon_core.package_identification:_identify(roomba_src/zed-ros2-wrapper/docker) by extension 'ignore'
[0.568s] Level 1:colcon.colcon_core.package_identification:_identify(roomba_src/zed-ros2-wrapper/docker) by extension 'ignore_ament_install'
[0.568s] Level 1:colcon.colcon_core.package_identification:_identify(roomba_src/zed-ros2-wrapper/docker) by extensions ['colcon_pkg']
[0.568s] Level 1:colcon.colcon_core.package_identification:_identify(roomba_src/zed-ros2-wrapper/docker) by extension 'colcon_pkg'
[0.568s] Level 1:colcon.colcon_core.package_identification:_identify(roomba_src/zed-ros2-wrapper/docker) by extensions ['colcon_meta']
[0.568s] Level 1:colcon.colcon_core.package_identification:_identify(roomba_src/zed-ros2-wrapper/docker) by extension 'colcon_meta'
[0.568s] Level 1:colcon.colcon_core.package_identification:_identify(roomba_src/zed-ros2-wrapper/docker) by extensions ['ros']
[0.568s] Level 1:colcon.colcon_core.package_identification:_identify(roomba_src/zed-ros2-wrapper/docker) by extension 'ros'
[0.568s] Level 1:colcon.colcon_core.package_identification:_identify(roomba_src/zed-ros2-wrapper/docker) by extensions ['cmake', 'python']
[0.569s] Level 1:colcon.colcon_core.package_identification:_identify(roomba_src/zed-ros2-wrapper/docker) by extension 'cmake'
[0.569s] Level 1:colcon.colcon_core.package_identification:_identify(roomba_src/zed-ros2-wrapper/docker) by extension 'python'
[0.569s] Level 1:colcon.colcon_core.package_identification:_identify(roomba_src/zed-ros2-wrapper/docker) by extensions ['python_setup_py']
[0.569s] Level 1:colcon.colcon_core.package_identification:_identify(roomba_src/zed-ros2-wrapper/docker) by extension 'python_setup_py'
[0.569s] Level 1:colcon.colcon_core.package_identification:_identify(roomba_src/zed-ros2-wrapper/images) by extensions ['ignore', 'ignore_ament_install']
[0.569s] Level 1:colcon.colcon_core.package_identification:_identify(roomba_src/zed-ros2-wrapper/images) by extension 'ignore'
[0.569s] Level 1:colcon.colcon_core.package_identification:_identify(roomba_src/zed-ros2-wrapper/images) by extension 'ignore_ament_install'
[0.569s] Level 1:colcon.colcon_core.package_identification:_identify(roomba_src/zed-ros2-wrapper/images) by extensions ['colcon_pkg']
[0.569s] Level 1:colcon.colcon_core.package_identification:_identify(roomba_src/zed-ros2-wrapper/images) by extension 'colcon_pkg'
[0.569s] Level 1:colcon.colcon_core.package_identification:_identify(roomba_src/zed-ros2-wrapper/images) by extensions ['colcon_meta']
[0.570s] Level 1:colcon.colcon_core.package_identification:_identify(roomba_src/zed-ros2-wrapper/images) by extension 'colcon_meta'
[0.570s] Level 1:colcon.colcon_core.package_identification:_identify(roomba_src/zed-ros2-wrapper/images) by extensions ['ros']
[0.570s] Level 1:colcon.colcon_core.package_identification:_identify(roomba_src/zed-ros2-wrapper/images) by extension 'ros'
[0.570s] Level 1:colcon.colcon_core.package_identification:_identify(roomba_src/zed-ros2-wrapper/images) by extensions ['cmake', 'python']
[0.570s] Level 1:colcon.colcon_core.package_identification:_identify(roomba_src/zed-ros2-wrapper/images) by extension 'cmake'
[0.570s] Level 1:colcon.colcon_core.package_identification:_identify(roomba_src/zed-ros2-wrapper/images) by extension 'python'
[0.570s] Level 1:colcon.colcon_core.package_identification:_identify(roomba_src/zed-ros2-wrapper/images) by extensions ['python_setup_py']
[0.570s] Level 1:colcon.colcon_core.package_identification:_identify(roomba_src/zed-ros2-wrapper/images) by extension 'python_setup_py'
[0.570s] Level 1:colcon.colcon_core.package_identification:_identify(roomba_src/zed-ros2-wrapper/zed_components) by extensions ['ignore', 'ignore_ament_install']
[0.570s] Level 1:colcon.colcon_core.package_identification:_identify(roomba_src/zed-ros2-wrapper/zed_components) by extension 'ignore'
[0.571s] Level 1:colcon.colcon_core.package_identification:_identify(roomba_src/zed-ros2-wrapper/zed_components) by extension 'ignore_ament_install'
[0.571s] Level 1:colcon.colcon_core.package_identification:_identify(roomba_src/zed-ros2-wrapper/zed_components) by extensions ['colcon_pkg']
[0.571s] Level 1:colcon.colcon_core.package_identification:_identify(roomba_src/zed-ros2-wrapper/zed_components) by extension 'colcon_pkg'
[0.571s] Level 1:colcon.colcon_core.package_identification:_identify(roomba_src/zed-ros2-wrapper/zed_components) by extensions ['colcon_meta']
[0.571s] Level 1:colcon.colcon_core.package_identification:_identify(roomba_src/zed-ros2-wrapper/zed_components) by extension 'colcon_meta'
[0.571s] Level 1:colcon.colcon_core.package_identification:_identify(roomba_src/zed-ros2-wrapper/zed_components) by extensions ['ros']
[0.571s] Level 1:colcon.colcon_core.package_identification:_identify(roomba_src/zed-ros2-wrapper/zed_components) by extension 'ros'
[0.573s] DEBUG:colcon.colcon_core.package_identification:Package 'roomba_src/zed-ros2-wrapper/zed_components' with type 'ros.ament_cmake' and name 'zed_components'
[0.573s] Level 1:colcon.colcon_core.package_identification:_identify(roomba_src/zed-ros2-wrapper/zed_ros2) by extensions ['ignore', 'ignore_ament_install']
[0.574s] Level 1:colcon.colcon_core.package_identification:_identify(roomba_src/zed-ros2-wrapper/zed_ros2) by extension 'ignore'
[0.574s] Level 1:colcon.colcon_core.package_identification:_identify(roomba_src/zed-ros2-wrapper/zed_ros2) by extension 'ignore_ament_install'
[0.574s] Level 1:colcon.colcon_core.package_identification:_identify(roomba_src/zed-ros2-wrapper/zed_ros2) by extensions ['colcon_pkg']
[0.574s] Level 1:colcon.colcon_core.package_identification:_identify(roomba_src/zed-ros2-wrapper/zed_ros2) by extension 'colcon_pkg'
[0.574s] Level 1:colcon.colcon_core.package_identification:_identify(roomba_src/zed-ros2-wrapper/zed_ros2) by extensions ['colcon_meta']
[0.574s] Level 1:colcon.colcon_core.package_identification:_identify(roomba_src/zed-ros2-wrapper/zed_ros2) by extension 'colcon_meta'
[0.574s] Level 1:colcon.colcon_core.package_identification:_identify(roomba_src/zed-ros2-wrapper/zed_ros2) by extensions ['ros']
[0.574s] Level 1:colcon.colcon_core.package_identification:_identify(roomba_src/zed-ros2-wrapper/zed_ros2) by extension 'ros'
[0.575s] DEBUG:colcon.colcon_core.package_identification:Package 'roomba_src/zed-ros2-wrapper/zed_ros2' with type 'ros.ament_cmake' and name 'zed_ros2'
[0.576s] Level 1:colcon.colcon_core.package_identification:_identify(roomba_src/zed-ros2-wrapper/zed_wrapper) by extensions ['ignore', 'ignore_ament_install']
[0.576s] Level 1:colcon.colcon_core.package_identification:_identify(roomba_src/zed-ros2-wrapper/zed_wrapper) by extension 'ignore'
[0.576s] Level 1:colcon.colcon_core.package_identification:_identify(roomba_src/zed-ros2-wrapper/zed_wrapper) by extension 'ignore_ament_install'
[0.576s] Level 1:colcon.colcon_core.package_identification:_identify(roomba_src/zed-ros2-wrapper/zed_wrapper) by extensions ['colcon_pkg']
[0.576s] Level 1:colcon.colcon_core.package_identification:_identify(roomba_src/zed-ros2-wrapper/zed_wrapper) by extension 'colcon_pkg'
[0.576s] Level 1:colcon.colcon_core.package_identification:_identify(roomba_src/zed-ros2-wrapper/zed_wrapper) by extensions ['colcon_meta']
[0.576s] Level 1:colcon.colcon_core.package_identification:_identify(roomba_src/zed-ros2-wrapper/zed_wrapper) by extension 'colcon_meta'
[0.576s] Level 1:colcon.colcon_core.package_identification:_identify(roomba_src/zed-ros2-wrapper/zed_wrapper) by extensions ['ros']
[0.576s] Level 1:colcon.colcon_core.package_identification:_identify(roomba_src/zed-ros2-wrapper/zed_wrapper) by extension 'ros'
[0.578s] DEBUG:colcon.colcon_core.package_identification:Package 'roomba_src/zed-ros2-wrapper/zed_wrapper' with type 'ros.ament_cmake' and name 'zed_wrapper'
[0.578s] Level 1:colcon.colcon_core.package_discovery:discover_packages(recursive) using defaults
[0.578s] Level 1:colcon.colcon_core.package_discovery:discover_packages(ignore) discover
[0.578s] Level 1:colcon.colcon_core.package_discovery:discover_packages(ignore) using defaults
[0.578s] Level 1:colcon.colcon_core.package_discovery:discover_packages(path) discover
[0.578s] Level 1:colcon.colcon_core.package_discovery:discover_packages(path) using defaults
[0.645s] Level 1:colcon.colcon_core.package_discovery:discover_packages(prefix_path) check parameters
[0.646s] Level 1:colcon.colcon_core.package_discovery:discover_packages(prefix_path) discover
[0.649s] DEBUG:colcon.colcon_installed_package_information.package_discovery:Found 7 installed packages in /home/wolfwagen/Undergrad_Minchan_Folder/ROOMBA_PROJECT_1/install
[0.652s] DEBUG:colcon.colcon_installed_package_information.package_discovery:Found 369 installed packages in /opt/ros/humble
[0.655s] Level 1:colcon.colcon_core.package_discovery:discover_packages(prefix_path) using defaults
[0.737s] Level 5:colcon.colcon_core.verb:set package 'first_roomba_pkg' build argument 'cmake_args' from command line to 'None'
[0.738s] Level 5:colcon.colcon_core.verb:set package 'first_roomba_pkg' build argument 'cmake_target' from command line to 'None'
[0.738s] Level 5:colcon.colcon_core.verb:set package 'first_roomba_pkg' build argument 'cmake_target_skip_unavailable' from command line to 'False'
[0.738s] Level 5:colcon.colcon_core.verb:set package 'first_roomba_pkg' build argument 'cmake_clean_cache' from command line to 'False'
[0.738s] Level 5:colcon.colcon_core.verb:set package 'first_roomba_pkg' build argument 'cmake_clean_first' from command line to 'False'
[0.738s] Level 5:colcon.colcon_core.verb:set package 'first_roomba_pkg' build argument 'cmake_force_configure' from command line to 'False'
[0.738s] Level 5:colcon.colcon_core.verb:set package 'first_roomba_pkg' build argument 'ament_cmake_args' from command line to 'None'
[0.738s] Level 5:colcon.colcon_core.verb:set package 'first_roomba_pkg' build argument 'catkin_cmake_args' from command line to 'None'
[0.738s] Level 5:colcon.colcon_core.verb:set package 'first_roomba_pkg' build argument 'catkin_skip_building_tests' from command line to 'False'
[0.738s] DEBUG:colcon.colcon_core.verb:Building package 'first_roomba_pkg' with the following arguments: {'ament_cmake_args': None, 'build_base': '/home/wolfwagen/Undergrad_Minchan_Folder/ROOMBA_PROJECT_1/build/first_roomba_pkg', 'catkin_cmake_args': None, 'catkin_skip_building_tests': False, 'cmake_args': None, 'cmake_clean_cache': False, 'cmake_clean_first': False, 'cmake_force_configure': False, 'cmake_target': None, 'cmake_target_skip_unavailable': False, 'install_base': '/home/wolfwagen/Undergrad_Minchan_Folder/ROOMBA_PROJECT_1/install/first_roomba_pkg', 'merge_install': False, 'path': '/home/wolfwagen/Undergrad_Minchan_Folder/ROOMBA_PROJECT_1/roomba_src/first_roomba_pkg', 'symlink_install': False, 'test_result_base': None}
[0.739s] Level 5:colcon.colcon_core.verb:set package 'unitree_lidar_ros2' build argument 'cmake_args' from command line to 'None'
[0.739s] Level 5:colcon.colcon_core.verb:set package 'unitree_lidar_ros2' build argument 'cmake_target' from command line to 'None'
[0.739s] Level 5:colcon.colcon_core.verb:set package 'unitree_lidar_ros2' build argument 'cmake_target_skip_unavailable' from command line to 'False'
[0.739s] Level 5:colcon.colcon_core.verb:set package 'unitree_lidar_ros2' build argument 'cmake_clean_cache' from command line to 'False'
[0.739s] Level 5:colcon.colcon_core.verb:set package 'unitree_lidar_ros2' build argument 'cmake_clean_first' from command line to 'False'
[0.739s] Level 5:colcon.colcon_core.verb:set package 'unitree_lidar_ros2' build argument 'cmake_force_configure' from command line to 'False'
[0.739s] Level 5:colcon.colcon_core.verb:set package 'unitree_lidar_ros2' build argument 'ament_cmake_args' from command line to 'None'
[0.739s] Level 5:colcon.colcon_core.verb:set package 'unitree_lidar_ros2' build argument 'catkin_cmake_args' from command line to 'None'
[0.739s] Level 5:colcon.colcon_core.verb:set package 'unitree_lidar_ros2' build argument 'catkin_skip_building_tests' from command line to 'False'
[0.739s] DEBUG:colcon.colcon_core.verb:Building package 'unitree_lidar_ros2' with the following arguments: {'ament_cmake_args': None, 'build_base': '/home/wolfwagen/Undergrad_Minchan_Folder/ROOMBA_PROJECT_1/build/unitree_lidar_ros2', 'catkin_cmake_args': None, 'catkin_skip_building_tests': False, 'cmake_args': None, 'cmake_clean_cache': False, 'cmake_clean_first': False, 'cmake_force_configure': False, 'cmake_target': None, 'cmake_target_skip_unavailable': False, 'install_base': '/home/wolfwagen/Undergrad_Minchan_Folder/ROOMBA_PROJECT_1/install/unitree_lidar_ros2', 'merge_install': False, 'path': '/home/wolfwagen/Undergrad_Minchan_Folder/ROOMBA_PROJECT_1/roomba_src/unilidar_sdk2/unitree_lidar_ros2/src/unitree_lidar_ros2', 'symlink_install': False, 'test_result_base': None}
[0.740s] Level 5:colcon.colcon_core.verb:set package 'unitree_lidar_sdk' build argument 'cmake_args' from command line to 'None'
[0.740s] Level 5:colcon.colcon_core.verb:set package 'unitree_lidar_sdk' build argument 'cmake_target' from command line to 'None'
[0.740s] Level 5:colcon.colcon_core.verb:set package 'unitree_lidar_sdk' build argument 'cmake_target_skip_unavailable' from command line to 'False'
[0.740s] Level 5:colcon.colcon_core.verb:set package 'unitree_lidar_sdk' build argument 'cmake_clean_cache' from command line to 'False'
[0.740s] Level 5:colcon.colcon_core.verb:set package 'unitree_lidar_sdk' build argument 'cmake_clean_first' from command line to 'False'
[0.740s] Level 5:colcon.colcon_core.verb:set package 'unitree_lidar_sdk' build argument 'cmake_force_configure' from command line to 'False'
[0.740s] Level 5:colcon.colcon_core.verb:set package 'unitree_lidar_sdk' build argument 'ament_cmake_args' from command line to 'None'
[0.740s] Level 5:colcon.colcon_core.verb:set package 'unitree_lidar_sdk' build argument 'catkin_cmake_args' from command line to 'None'
[0.740s] Level 5:colcon.colcon_core.verb:set package 'unitree_lidar_sdk' build argument 'catkin_skip_building_tests' from command line to 'False'
[0.740s] DEBUG:colcon.colcon_core.verb:Building package 'unitree_lidar_sdk' with the following arguments: {'ament_cmake_args': None, 'build_base': '/home/wolfwagen/Undergrad_Minchan_Folder/ROOMBA_PROJECT_1/build/unitree_lidar_sdk', 'catkin_cmake_args': None, 'catkin_skip_building_tests': False, 'cmake_args': None, 'cmake_clean_cache': False, 'cmake_clean_first': False, 'cmake_force_configure': False, 'cmake_target': None, 'cmake_target_skip_unavailable': False, 'install_base': '/home/wolfwagen/Undergrad_Minchan_Folder/ROOMBA_PROJECT_1/install/unitree_lidar_sdk', 'merge_install': False, 'path': '/home/wolfwagen/Undergrad_Minchan_Folder/ROOMBA_PROJECT_1/roomba_src/unilidar_sdk2/unitree_lidar_sdk', 'symlink_install': False, 'test_result_base': None}
[0.741s] Level 5:colcon.colcon_core.verb:set package 'zed_components' build argument 'cmake_args' from command line to 'None'
[0.741s] Level 5:colcon.colcon_core.verb:set package 'zed_components' build argument 'cmake_target' from command line to 'None'
[0.741s] Level 5:colcon.colcon_core.verb:set package 'zed_components' build argument 'cmake_target_skip_unavailable' from command line to 'False'
[0.741s] Level 5:colcon.colcon_core.verb:set package 'zed_components' build argument 'cmake_clean_cache' from command line to 'False'
[0.741s] Level 5:colcon.colcon_core.verb:set package 'zed_components' build argument 'cmake_clean_first' from command line to 'False'
[0.741s] Level 5:colcon.colcon_core.verb:set package 'zed_components' build argument 'cmake_force_configure' from command line to 'False'
[0.741s] Level 5:colcon.colcon_core.verb:set package 'zed_components' build argument 'ament_cmake_args' from command line to 'None'
[0.741s] Level 5:colcon.colcon_core.verb:set package 'zed_components' build argument 'catkin_cmake_args' from command line to 'None'
[0.741s] Level 5:colcon.colcon_core.verb:set package 'zed_components' build argument 'catkin_skip_building_tests' from command line to 'False'
[0.741s] DEBUG:colcon.colcon_core.verb:Building package 'zed_components' with the following arguments: {'ament_cmake_args': None, 'build_base': '/home/wolfwagen/Undergrad_Minchan_Folder/ROOMBA_PROJECT_1/build/zed_components', 'catkin_cmake_args': None, 'catkin_skip_building_tests': False, 'cmake_args': None, 'cmake_clean_cache': False, 'cmake_clean_first': False, 'cmake_force_configure': False, 'cmake_target': None, 'cmake_target_skip_unavailable': False, 'install_base': '/home/wolfwagen/Undergrad_Minchan_Folder/ROOMBA_PROJECT_1/install/zed_components', 'merge_install': False, 'path': '/home/wolfwagen/Undergrad_Minchan_Folder/ROOMBA_PROJECT_1/roomba_src/zed-ros2-wrapper/zed_components', 'symlink_install': False, 'test_result_base': None}
[0.742s] Level 5:colcon.colcon_core.verb:set package 'zed_wrapper' build argument 'cmake_args' from command line to 'None'
[0.742s] Level 5:colcon.colcon_core.verb:set package 'zed_wrapper' build argument 'cmake_target' from command line to 'None'
[0.742s] Level 5:colcon.colcon_core.verb:set package 'zed_wrapper' build argument 'cmake_target_skip_unavailable' from command line to 'False'
[0.742s] Level 5:colcon.colcon_core.verb:set package 'zed_wrapper' build argument 'cmake_clean_cache' from command line to 'False'
[0.742s] Level 5:colcon.colcon_core.verb:set package 'zed_wrapper' build argument 'cmake_clean_first' from command line to 'False'
[0.742s] Level 5:colcon.colcon_core.verb:set package 'zed_wrapper' build argument 'cmake_force_configure' from command line to 'False'
[0.742s] Level 5:colcon.colcon_core.verb:set package 'zed_wrapper' build argument 'ament_cmake_args' from command line to 'None'
[0.742s] Level 5:colcon.colcon_core.verb:set package 'zed_wrapper' build argument 'catkin_cmake_args' from command line to 'None'
[0.742s] Level 5:colcon.colcon_core.verb:set package 'zed_wrapper' build argument 'catkin_skip_building_tests' from command line to 'False'
[0.742s] DEBUG:colcon.colcon_core.verb:Building package 'zed_wrapper' with the following arguments: {'ament_cmake_args': None, 'build_base': '/home/wolfwagen/Undergrad_Minchan_Folder/ROOMBA_PROJECT_1/build/zed_wrapper', 'catkin_cmake_args': None, 'catkin_skip_building_tests': False, 'cmake_args': None, 'cmake_clean_cache': False, 'cmake_clean_first': False, 'cmake_force_configure': False, 'cmake_target': None, 'cmake_target_skip_unavailable': False, 'install_base': '/home/wolfwagen/Undergrad_Minchan_Folder/ROOMBA_PROJECT_1/install/zed_wrapper', 'merge_install': False, 'path': '/home/wolfwagen/Undergrad_Minchan_Folder/ROOMBA_PROJECT_1/roomba_src/zed-ros2-wrapper/zed_wrapper', 'symlink_install': False, 'test_result_base': None}
[0.743s] Level 5:colcon.colcon_core.verb:set package 'zed_ros2' build argument 'cmake_args' from command line to 'None'
[0.743s] Level 5:colcon.colcon_core.verb:set package 'zed_ros2' build argument 'cmake_target' from command line to 'None'
[0.743s] Level 5:colcon.colcon_core.verb:set package 'zed_ros2' build argument 'cmake_target_skip_unavailable' from command line to 'False'
[0.743s] Level 5:colcon.colcon_core.verb:set package 'zed_ros2' build argument 'cmake_clean_cache' from command line to 'False'
[0.743s] Level 5:colcon.colcon_core.verb:set package 'zed_ros2' build argument 'cmake_clean_first' from command line to 'False'
[0.743s] Level 5:colcon.colcon_core.verb:set package 'zed_ros2' build argument 'cmake_force_configure' from command line to 'False'
[0.743s] Level 5:colcon.colcon_core.verb:set package 'zed_ros2' build argument 'ament_cmake_args' from command line to 'None'
[0.743s] Level 5:colcon.colcon_core.verb:set package 'zed_ros2' build argument 'catkin_cmake_args' from command line to 'None'
[0.743s] Level 5:colcon.colcon_core.verb:set package 'zed_ros2' build argument 'catkin_skip_building_tests' from command line to 'False'
[0.743s] DEBUG:colcon.colcon_core.verb:Building package 'zed_ros2' with the following arguments: {'ament_cmake_args': None, 'build_base': '/home/wolfwagen/Undergrad_Minchan_Folder/ROOMBA_PROJECT_1/build/zed_ros2', 'catkin_cmake_args': None, 'catkin_skip_building_tests': False, 'cmake_args': None, 'cmake_clean_cache': False, 'cmake_clean_first': False, 'cmake_force_configure': False, 'cmake_target': None, 'cmake_target_skip_unavailable': False, 'install_base': '/home/wolfwagen/Undergrad_Minchan_Folder/ROOMBA_PROJECT_1/install/zed_ros2', 'merge_install': False, 'path': '/home/wolfwagen/Undergrad_Minchan_Folder/ROOMBA_PROJECT_1/roomba_src/zed-ros2-wrapper/zed_ros2', 'symlink_install': False, 'test_result_base': None}
[0.744s] INFO:colcon.colcon_core.executor:Executing jobs using 'parallel' executor
[0.746s] DEBUG:colcon.colcon_parallel_executor.executor.parallel:run_until_complete
[0.747s] INFO:colcon.colcon_ros.task.ament_cmake.build:Building ROS package in '/home/wolfwagen/Undergrad_Minchan_Folder/ROOMBA_PROJECT_1/roomba_src/zed-ros2-wrapper/zed_components' with build type 'ament_cmake'
[0.747s] INFO:colcon.colcon_cmake.task.cmake.build:Building CMake package in '/home/wolfwagen/Undergrad_Minchan_Folder/ROOMBA_PROJECT_1/roomba_src/zed-ros2-wrapper/zed_components'
[0.751s] INFO:colcon.colcon_core.plugin_system:Skipping extension 'colcon_core.shell.bat': Not used on non-Windows systems
[0.751s] INFO:colcon.colcon_core.shell:Skip shell extension 'powershell' for command environment: Not usable outside of PowerShell
[0.752s] DEBUG:colcon.colcon_core.shell:Skip shell extension 'dsv' for command environment
[0.759s] INFO:colcon.colcon_ros.task.ament_python.build:Building ROS package in '/home/wolfwagen/Undergrad_Minchan_Folder/ROOMBA_PROJECT_1/roomba_src/first_roomba_pkg' with build type 'ament_python'
[0.759s] Level 1:colcon.colcon_core.shell:create_environment_hook('first_roomba_pkg', 'ament_prefix_path')
[0.759s] INFO:colcon.colcon_core.shell:Creating environment hook '/home/wolfwagen/Undergrad_Minchan_Folder/ROOMBA_PROJECT_1/install/first_roomba_pkg/share/first_roomba_pkg/hook/ament_prefix_path.ps1'
[0.761s] INFO:colcon.colcon_core.shell:Creating environment descriptor '/home/wolfwagen/Undergrad_Minchan_Folder/ROOMBA_PROJECT_1/install/first_roomba_pkg/share/first_roomba_pkg/hook/ament_prefix_path.dsv'
[0.762s] INFO:colcon.colcon_core.shell:Creating environment hook '/home/wolfwagen/Undergrad_Minchan_Folder/ROOMBA_PROJECT_1/install/first_roomba_pkg/share/first_roomba_pkg/hook/ament_prefix_path.sh'
[0.763s] INFO:colcon.colcon_core.shell:Skip shell extension 'powershell' for command environment: Not usable outside of PowerShell
[0.763s] DEBUG:colcon.colcon_core.shell:Skip shell extension 'dsv' for command environment
[0.769s] INFO:colcon.colcon_ros.task.ament_cmake.build:Building ROS package in '/home/wolfwagen/Undergrad_Minchan_Folder/ROOMBA_PROJECT_1/roomba_src/unilidar_sdk2/unitree_lidar_ros2/src/unitree_lidar_ros2' with build type 'ament_cmake'
[0.769s] INFO:colcon.colcon_cmake.task.cmake.build:Building CMake package in '/home/wolfwagen/Undergrad_Minchan_Folder/ROOMBA_PROJECT_1/roomba_src/unilidar_sdk2/unitree_lidar_ros2/src/unitree_lidar_ros2'
[0.770s] INFO:colcon.colcon_core.shell:Skip shell extension 'powershell' for command environment: Not usable outside of PowerShell
[0.770s] DEBUG:colcon.colcon_core.shell:Skip shell extension 'dsv' for command environment
[0.776s] INFO:colcon.colcon_cmake.task.cmake.build:Building CMake package in '/home/wolfwagen/Undergrad_Minchan_Folder/ROOMBA_PROJECT_1/roomba_src/unilidar_sdk2/unitree_lidar_sdk'
[0.777s] INFO:colcon.colcon_core.shell:Skip shell extension 'powershell' for command environment: Not usable outside of PowerShell
[0.777s] DEBUG:colcon.colcon_core.shell:Skip shell extension 'dsv' for command environment
[0.793s] DEBUG:colcon.colcon_core.event_handler.log_command:Invoking command in '/home/wolfwagen/Undergrad_Minchan_Folder/ROOMBA_PROJECT_1/build/zed_components': CMAKE_PREFIX_PATH=${CMAKE_PREFIX_PATH}:/home/wolfwagen/Undergrad_Minchan_Folder/ROOMBA_PROJECT_1/install/first_roomba_pkg:/opt/ros/humble /usr/bin/cmake /home/wolfwagen/Undergrad_Minchan_Folder/ROOMBA_PROJECT_1/roomba_src/zed-ros2-wrapper/zed_components -DCMAKE_INSTALL_PREFIX=/home/wolfwagen/Undergrad_Minchan_Folder/ROOMBA_PROJECT_1/install/zed_components
[1.304s] INFO:colcon.colcon_core.task.python.build:Building Python package in '/home/wolfwagen/Undergrad_Minchan_Folder/ROOMBA_PROJECT_1/roomba_src/first_roomba_pkg'
[1.305s] INFO:colcon.colcon_core.shell:Skip shell extension 'powershell' for command environment: Not usable outside of PowerShell
[1.305s] DEBUG:colcon.colcon_core.shell:Skip shell extension 'dsv' for command environment
[1.321s] DEBUG:colcon.colcon_core.event_handler.log_command:Invoking command in '/home/wolfwagen/Undergrad_Minchan_Folder/ROOMBA_PROJECT_1/build/unitree_lidar_ros2': CMAKE_PREFIX_PATH=${CMAKE_PREFIX_PATH}:/home/wolfwagen/Undergrad_Minchan_Folder/ROOMBA_PROJECT_1/install/first_roomba_pkg:/opt/ros/humble /usr/bin/cmake /home/wolfwagen/Undergrad_Minchan_Folder/ROOMBA_PROJECT_1/roomba_src/unilidar_sdk2/unitree_lidar_ros2/src/unitree_lidar_ros2 -DCMAKE_INSTALL_PREFIX=/home/wolfwagen/Undergrad_Minchan_Folder/ROOMBA_PROJECT_1/install/unitree_lidar_ros2
[1.339s] DEBUG:colcon.colcon_core.event_handler.log_command:Invoking command in '/home/wolfwagen/Undergrad_Minchan_Folder/ROOMBA_PROJECT_1/build/unitree_lidar_sdk': /usr/bin/cmake --build /home/wolfwagen/Undergrad_Minchan_Folder/ROOMBA_PROJECT_1/build/unitree_lidar_sdk -- -j6 -l6
[1.478s] DEBUG:colcon.colcon_core.event_handler.log_command:Invoked command in '/home/wolfwagen/Undergrad_Minchan_Folder/ROOMBA_PROJECT_1/build/unitree_lidar_sdk' returned '0': /usr/bin/cmake --build /home/wolfwagen/Undergrad_Minchan_Folder/ROOMBA_PROJECT_1/build/unitree_lidar_sdk -- -j6 -l6
[1.479s] WARNING:colcon.colcon_cmake.task.cmake.build:Could not run installation step for package 'unitree_lidar_sdk' because it has no 'install' target
[1.479s] Level 1:colcon.colcon_core.environment:create_environment_scripts_only(unitree_lidar_sdk)
[1.484s] Level 1:colcon.colcon_core.environment:checking '/home/wolfwagen/Undergrad_Minchan_Folder/ROOMBA_PROJECT_1/install/unitree_lidar_sdk' for CMake module files
[1.485s] Level 1:colcon.colcon_core.environment:checking '/home/wolfwagen/Undergrad_Minchan_Folder/ROOMBA_PROJECT_1/install/unitree_lidar_sdk' for CMake config files
[1.486s] Level 1:colcon.colcon_core.environment:checking '/home/wolfwagen/Undergrad_Minchan_Folder/ROOMBA_PROJECT_1/install/unitree_lidar_sdk/bin'
[1.486s] Level 1:colcon.colcon_core.environment:checking '/home/wolfwagen/Undergrad_Minchan_Folder/ROOMBA_PROJECT_1/install/unitree_lidar_sdk/lib/pkgconfig/unitree_lidar_sdk.pc'
[1.487s] Level 1:colcon.colcon_core.environment:checking '/home/wolfwagen/Undergrad_Minchan_Folder/ROOMBA_PROJECT_1/install/unitree_lidar_sdk/lib/python3.10/site-packages'
[1.487s] Level 1:colcon.colcon_core.environment:checking '/home/wolfwagen/Undergrad_Minchan_Folder/ROOMBA_PROJECT_1/install/unitree_lidar_sdk/bin'
[1.488s] INFO:colcon.colcon_core.shell:Creating package script '/home/wolfwagen/Undergrad_Minchan_Folder/ROOMBA_PROJECT_1/install/unitree_lidar_sdk/share/unitree_lidar_sdk/package.ps1'
[1.490s] INFO:colcon.colcon_core.shell:Creating package descriptor '/home/wolfwagen/Undergrad_Minchan_Folder/ROOMBA_PROJECT_1/install/unitree_lidar_sdk/share/unitree_lidar_sdk/package.dsv'
[1.491s] INFO:colcon.colcon_core.shell:Creating package script '/home/wolfwagen/Undergrad_Minchan_Folder/ROOMBA_PROJECT_1/install/unitree_lidar_sdk/share/unitree_lidar_sdk/package.sh'
[1.493s] INFO:colcon.colcon_core.shell:Creating package script '/home/wolfwagen/Undergrad_Minchan_Folder/ROOMBA_PROJECT_1/install/unitree_lidar_sdk/share/unitree_lidar_sdk/package.bash'
[1.494s] INFO:colcon.colcon_core.shell:Creating package script '/home/wolfwagen/Undergrad_Minchan_Folder/ROOMBA_PROJECT_1/install/unitree_lidar_sdk/share/unitree_lidar_sdk/package.zsh'
[1.495s] Level 1:colcon.colcon_core.environment:create_file_with_runtime_dependencies(/home/wolfwagen/Undergrad_Minchan_Folder/ROOMBA_PROJECT_1/install/unitree_lidar_sdk/share/colcon-core/packages/unitree_lidar_sdk)
[2.093s] DEBUG:colcon.colcon_core.event_handler.log_command:Invoking command in '/home/wolfwagen/Undergrad_Minchan_Folder/ROOMBA_PROJECT_1/build/first_roomba_pkg': PYTHONPATH=/home/wolfwagen/Undergrad_Minchan_Folder/ROOMBA_PROJECT_1/build/first_roomba_pkg/prefix_override:/usr/lib/python3/dist-packages/colcon_core/task/python/colcon_distutils_commands:/home/wolfwagen/Undergrad_Minchan_Folder/ROOMBA_PROJECT_1/install/first_roomba_pkg/lib/python3.10/site-packages:${PYTHONPATH} /usr/bin/python3 -W ignore:setup.py install is deprecated -W ignore:easy_install command is deprecated setup.py develop --uninstall --editable --build-directory /home/wolfwagen/Undergrad_Minchan_Folder/ROOMBA_PROJECT_1/build/first_roomba_pkg/build
[2.459s] DEBUG:colcon.colcon_core.event_handler.log_command:Invoked command in '/home/wolfwagen/Undergrad_Minchan_Folder/ROOMBA_PROJECT_1/build/zed_components' returned '0': CMAKE_PREFIX_PATH=${CMAKE_PREFIX_PATH}:/home/wolfwagen/Undergrad_Minchan_Folder/ROOMBA_PROJECT_1/install/first_roomba_pkg:/opt/ros/humble /usr/bin/cmake /home/wolfwagen/Undergrad_Minchan_Folder/ROOMBA_PROJECT_1/roomba_src/zed-ros2-wrapper/zed_components -DCMAKE_INSTALL_PREFIX=/home/wolfwagen/Undergrad_Minchan_Folder/ROOMBA_PROJECT_1/install/zed_components
[2.462s] DEBUG:colcon.colcon_core.event_handler.log_command:Invoking command in '/home/wolfwagen/Undergrad_Minchan_Folder/ROOMBA_PROJECT_1/build/zed_components': CMAKE_PREFIX_PATH=${CMAKE_PREFIX_PATH}:/home/wolfwagen/Undergrad_Minchan_Folder/ROOMBA_PROJECT_1/install/first_roomba_pkg:/opt/ros/humble /usr/bin/cmake --build /home/wolfwagen/Undergrad_Minchan_Folder/ROOMBA_PROJECT_1/build/zed_components -- -j6 -l6
[2.614s] DEBUG:colcon.colcon_core.event_handler.log_command:Invoked command in '/home/wolfwagen/Undergrad_Minchan_Folder/ROOMBA_PROJECT_1/build/zed_components' returned '0': CMAKE_PREFIX_PATH=${CMAKE_PREFIX_PATH}:/home/wolfwagen/Undergrad_Minchan_Folder/ROOMBA_PROJECT_1/install/first_roomba_pkg:/opt/ros/humble /usr/bin/cmake --build /home/wolfwagen/Undergrad_Minchan_Folder/ROOMBA_PROJECT_1/build/zed_components -- -j6 -l6
[2.632s] DEBUG:colcon.colcon_core.event_handler.log_command:Invoking command in '/home/wolfwagen/Undergrad_Minchan_Folder/ROOMBA_PROJECT_1/build/zed_components': CMAKE_PREFIX_PATH=${CMAKE_PREFIX_PATH}:/home/wolfwagen/Undergrad_Minchan_Folder/ROOMBA_PROJECT_1/install/first_roomba_pkg:/opt/ros/humble /usr/bin/cmake --install /home/wolfwagen/Undergrad_Minchan_Folder/ROOMBA_PROJECT_1/build/zed_components
[2.675s] Level 1:colcon.colcon_core.environment:create_environment_scripts_only(zed_components)
[2.676s] Level 1:colcon.colcon_core.environment:checking '/home/wolfwagen/Undergrad_Minchan_Folder/ROOMBA_PROJECT_1/install/zed_components' for CMake module files
[2.677s] Level 1:colcon.colcon_core.environment:checking '/home/wolfwagen/Undergrad_Minchan_Folder/ROOMBA_PROJECT_1/install/zed_components' for CMake config files
[2.677s] Level 1:colcon.colcon_core.shell:create_environment_hook('zed_components', 'cmake_prefix_path')
[2.678s] INFO:colcon.colcon_core.shell:Creating environment hook '/home/wolfwagen/Undergrad_Minchan_Folder/ROOMBA_PROJECT_1/install/zed_components/share/zed_components/hook/cmake_prefix_path.ps1'
[2.679s] INFO:colcon.colcon_core.shell:Creating environment descriptor '/home/wolfwagen/Undergrad_Minchan_Folder/ROOMBA_PROJECT_1/install/zed_components/share/zed_components/hook/cmake_prefix_path.dsv'
[2.680s] INFO:colcon.colcon_core.shell:Creating environment hook '/home/wolfwagen/Undergrad_Minchan_Folder/ROOMBA_PROJECT_1/install/zed_components/share/zed_components/hook/cmake_prefix_path.sh'
[2.681s] Level 1:colcon.colcon_core.environment:checking '/home/wolfwagen/Undergrad_Minchan_Folder/ROOMBA_PROJECT_1/install/zed_components/lib'
[2.681s] Level 1:colcon.colcon_core.shell:create_environment_hook('zed_components', 'ld_library_path_lib')
[2.682s] INFO:colcon.colcon_core.shell:Creating environment hook '/home/wolfwagen/Undergrad_Minchan_Folder/ROOMBA_PROJECT_1/install/zed_components/share/zed_components/hook/ld_library_path_lib.ps1'
[2.682s] INFO:colcon.colcon_core.shell:Creating environment descriptor '/home/wolfwagen/Undergrad_Minchan_Folder/ROOMBA_PROJECT_1/install/zed_components/share/zed_components/hook/ld_library_path_lib.dsv'
[2.683s] INFO:colcon.colcon_core.shell:Creating environment hook '/home/wolfwagen/Undergrad_Minchan_Folder/ROOMBA_PROJECT_1/install/zed_components/share/zed_components/hook/ld_library_path_lib.sh'
[2.684s] Level 1:colcon.colcon_core.environment:checking '/home/wolfwagen/Undergrad_Minchan_Folder/ROOMBA_PROJECT_1/install/zed_components/bin'
[2.684s] Level 1:colcon.colcon_core.environment:checking '/home/wolfwagen/Undergrad_Minchan_Folder/ROOMBA_PROJECT_1/install/zed_components/lib/pkgconfig/zed_components.pc'
[2.684s] Level 1:colcon.colcon_core.environment:checking '/home/wolfwagen/Undergrad_Minchan_Folder/ROOMBA_PROJECT_1/install/zed_components/lib/python3.10/site-packages'
[2.686s] Level 1:colcon.colcon_core.environment:checking '/home/wolfwagen/Undergrad_Minchan_Folder/ROOMBA_PROJECT_1/install/zed_components/bin'
[2.687s] INFO:colcon.colcon_core.shell:Creating package script '/home/wolfwagen/Undergrad_Minchan_Folder/ROOMBA_PROJECT_1/install/zed_components/share/zed_components/package.ps1'
[2.685s] DEBUG:colcon.colcon_core.event_handler.log_command:Invoked command in '/home/wolfwagen/Undergrad_Minchan_Folder/ROOMBA_PROJECT_1/build/zed_components' returned '0': CMAKE_PREFIX_PATH=${CMAKE_PREFIX_PATH}:/home/wolfwagen/Undergrad_Minchan_Folder/ROOMBA_PROJECT_1/install/first_roomba_pkg:/opt/ros/humble /usr/bin/cmake --install /home/wolfwagen/Undergrad_Minchan_Folder/ROOMBA_PROJECT_1/build/zed_components
[2.689s] INFO:colcon.colcon_core.shell:Creating package descriptor '/home/wolfwagen/Undergrad_Minchan_Folder/ROOMBA_PROJECT_1/install/zed_components/share/zed_components/package.dsv'
[2.690s] INFO:colcon.colcon_core.shell:Creating package script '/home/wolfwagen/Undergrad_Minchan_Folder/ROOMBA_PROJECT_1/install/zed_components/share/zed_components/package.sh'
[2.691s] INFO:colcon.colcon_core.shell:Creating package script '/home/wolfwagen/Undergrad_Minchan_Folder/ROOMBA_PROJECT_1/install/zed_components/share/zed_components/package.bash'
[2.691s] INFO:colcon.colcon_core.shell:Creating package script '/home/wolfwagen/Undergrad_Minchan_Folder/ROOMBA_PROJECT_1/install/zed_components/share/zed_components/package.zsh'
[2.692s] Level 1:colcon.colcon_core.environment:create_file_with_runtime_dependencies(/home/wolfwagen/Undergrad_Minchan_Folder/ROOMBA_PROJECT_1/install/zed_components/share/colcon-core/packages/zed_components)
[2.693s] Level 1:colcon.colcon_core.environment:create_environment_scripts_only(zed_components)
[2.694s] Level 1:colcon.colcon_core.environment:checking '/home/wolfwagen/Undergrad_Minchan_Folder/ROOMBA_PROJECT_1/install/zed_components' for CMake module files
[2.695s] Level 1:colcon.colcon_core.environment:checking '/home/wolfwagen/Undergrad_Minchan_Folder/ROOMBA_PROJECT_1/install/zed_components' for CMake config files
[2.695s] Level 1:colcon.colcon_core.shell:create_environment_hook('zed_components', 'cmake_prefix_path')
[2.696s] INFO:colcon.colcon_core.shell:Creating environment hook '/home/wolfwagen/Undergrad_Minchan_Folder/ROOMBA_PROJECT_1/install/zed_components/share/zed_components/hook/cmake_prefix_path.ps1'
[2.696s] INFO:colcon.colcon_core.shell:Creating environment descriptor '/home/wolfwagen/Undergrad_Minchan_Folder/ROOMBA_PROJECT_1/install/zed_components/share/zed_components/hook/cmake_prefix_path.dsv'
[2.697s] INFO:colcon.colcon_core.shell:Creating environment hook '/home/wolfwagen/Undergrad_Minchan_Folder/ROOMBA_PROJECT_1/install/zed_components/share/zed_components/hook/cmake_prefix_path.sh'
[2.698s] Level 1:colcon.colcon_core.environment:checking '/home/wolfwagen/Undergrad_Minchan_Folder/ROOMBA_PROJECT_1/install/zed_components/lib'
[2.698s] Level 1:colcon.colcon_core.shell:create_environment_hook('zed_components', 'ld_library_path_lib')
[2.699s] INFO:colcon.colcon_core.shell:Creating environment hook '/home/wolfwagen/Undergrad_Minchan_Folder/ROOMBA_PROJECT_1/install/zed_components/share/zed_components/hook/ld_library_path_lib.ps1'
[2.700s] INFO:colcon.colcon_core.shell:Creating environment descriptor '/home/wolfwagen/Undergrad_Minchan_Folder/ROOMBA_PROJECT_1/install/zed_components/share/zed_components/hook/ld_library_path_lib.dsv'
[2.700s] INFO:colcon.colcon_core.shell:Creating environment hook '/home/wolfwagen/Undergrad_Minchan_Folder/ROOMBA_PROJECT_1/install/zed_components/share/zed_components/hook/ld_library_path_lib.sh'
[2.701s] Level 1:colcon.colcon_core.environment:checking '/home/wolfwagen/Undergrad_Minchan_Folder/ROOMBA_PROJECT_1/install/zed_components/bin'
[2.701s] Level 1:colcon.colcon_core.environment:checking '/home/wolfwagen/Undergrad_Minchan_Folder/ROOMBA_PROJECT_1/install/zed_components/lib/pkgconfig/zed_components.pc'
[2.702s] Level 1:colcon.colcon_core.environment:checking '/home/wolfwagen/Undergrad_Minchan_Folder/ROOMBA_PROJECT_1/install/zed_components/lib/python3.10/site-packages'
[2.702s] Level 1:colcon.colcon_core.environment:checking '/home/wolfwagen/Undergrad_Minchan_Folder/ROOMBA_PROJECT_1/install/zed_components/bin'
[2.703s] INFO:colcon.colcon_core.shell:Creating package script '/home/wolfwagen/Undergrad_Minchan_Folder/ROOMBA_PROJECT_1/install/zed_components/share/zed_components/package.ps1'
[2.704s] INFO:colcon.colcon_core.shell:Creating package descriptor '/home/wolfwagen/Undergrad_Minchan_Folder/ROOMBA_PROJECT_1/install/zed_components/share/zed_components/package.dsv'
[2.705s] INFO:colcon.colcon_core.shell:Creating package script '/home/wolfwagen/Undergrad_Minchan_Folder/ROOMBA_PROJECT_1/install/zed_components/share/zed_components/package.sh'
[2.706s] INFO:colcon.colcon_core.shell:Creating package script '/home/wolfwagen/Undergrad_Minchan_Folder/ROOMBA_PROJECT_1/install/zed_components/share/zed_components/package.bash'
[2.707s] INFO:colcon.colcon_core.shell:Creating package script '/home/wolfwagen/Undergrad_Minchan_Folder/ROOMBA_PROJECT_1/install/zed_components/share/zed_components/package.zsh'
[2.708s] Level 1:colcon.colcon_core.environment:create_file_with_runtime_dependencies(/home/wolfwagen/Undergrad_Minchan_Folder/ROOMBA_PROJECT_1/install/zed_components/share/colcon-core/packages/zed_components)
[2.710s] INFO:colcon.colcon_ros.task.ament_cmake.build:Building ROS package in '/home/wolfwagen/Undergrad_Minchan_Folder/ROOMBA_PROJECT_1/roomba_src/zed-ros2-wrapper/zed_wrapper' with build type 'ament_cmake'
[2.710s] INFO:colcon.colcon_cmake.task.cmake.build:Building CMake package in '/home/wolfwagen/Undergrad_Minchan_Folder/ROOMBA_PROJECT_1/roomba_src/zed-ros2-wrapper/zed_wrapper'
[2.711s] INFO:colcon.colcon_core.shell:Skip shell extension 'powershell' for command environment: Not usable outside of PowerShell
[2.711s] DEBUG:colcon.colcon_core.shell:Skip shell extension 'dsv' for command environment
[2.726s] DEBUG:colcon.colcon_core.event_handler.log_command:Invoking command in '/home/wolfwagen/Undergrad_Minchan_Folder/ROOMBA_PROJECT_1/build/zed_wrapper': CMAKE_PREFIX_PATH=/home/wolfwagen/Undergrad_Minchan_Folder/ROOMBA_PROJECT_1/install/zed_components:/home/wolfwagen/Undergrad_Minchan_Folder/ROOMBA_PROJECT_1/install/zed_ros2:/home/wolfwagen/Undergrad_Minchan_Folder/ROOMBA_PROJECT_1/install/zed_wrapper:/home/wolfwagen/Undergrad_Minchan_Folder/ROOMBA_PROJECT_1/install/unitree_lidar_ros2:/home/wolfwagen/Undergrad_Minchan_Folder/ROOMBA_PROJECT_1/install/first_roomba_pkg:/opt/ros/humble LD_LIBRARY_PATH=/home/wolfwagen/Undergrad_Minchan_Folder/ROOMBA_PROJECT_1/install/zed_components/lib:/usr/local/cuda-12.6/lib64:/opt/ros/humble/opt/rviz_ogre_vendor/lib:/opt/ros/humble/lib/aarch64-linux-gnu:/opt/ros/humble/lib:/usr/local/cuda-12.6/lib64 /usr/bin/cmake /home/wolfwagen/Undergrad_Minchan_Folder/ROOMBA_PROJECT_1/roomba_src/zed-ros2-wrapper/zed_wrapper -DCMAKE_INSTALL_PREFIX=/home/wolfwagen/Undergrad_Minchan_Folder/ROOMBA_PROJECT_1/install/zed_wrapper
[3.013s] DEBUG:colcon.colcon_core.event_handler.log_command:Invoked command in '/home/wolfwagen/Undergrad_Minchan_Folder/ROOMBA_PROJECT_1/build/first_roomba_pkg' returned '0': PYTHONPATH=/home/wolfwagen/Undergrad_Minchan_Folder/ROOMBA_PROJECT_1/build/first_roomba_pkg/prefix_override:/usr/lib/python3/dist-packages/colcon_core/task/python/colcon_distutils_commands:/home/wolfwagen/Undergrad_Minchan_Folder/ROOMBA_PROJECT_1/install/first_roomba_pkg/lib/python3.10/site-packages:${PYTHONPATH} /usr/bin/python3 -W ignore:setup.py install is deprecated -W ignore:easy_install command is deprecated setup.py develop --uninstall --editable --build-directory /home/wolfwagen/Undergrad_Minchan_Folder/ROOMBA_PROJECT_1/build/first_roomba_pkg/build
[3.018s] DEBUG:colcon.colcon_core.event_handler.log_command:Invoking command in '/home/wolfwagen/Undergrad_Minchan_Folder/ROOMBA_PROJECT_1/roomba_src/first_roomba_pkg': PYTHONPATH=/home/wolfwagen/Undergrad_Minchan_Folder/ROOMBA_PROJECT_1/build/first_roomba_pkg/prefix_override:/usr/lib/python3/dist-packages/colcon_core/task/python/colcon_distutils_commands:/home/wolfwagen/Undergrad_Minchan_Folder/ROOMBA_PROJECT_1/install/first_roomba_pkg/lib/python3.10/site-packages:${PYTHONPATH} /usr/bin/python3 -W ignore:setup.py install is deprecated -W ignore:easy_install command is deprecated setup.py egg_info --egg-base ../../build/first_roomba_pkg build --build-base /home/wolfwagen/Undergrad_Minchan_Folder/ROOMBA_PROJECT_1/build/first_roomba_pkg/build install --record /home/wolfwagen/Undergrad_Minchan_Folder/ROOMBA_PROJECT_1/build/first_roomba_pkg/install.log --single-version-externally-managed install_data --force
[3.619s] Level 1:colcon.colcon_core.environment:checking '/home/wolfwagen/Undergrad_Minchan_Folder/ROOMBA_PROJECT_1/install/first_roomba_pkg' for CMake module files
[3.621s] DEBUG:colcon.colcon_core.event_handler.log_command:Invoked command in '/home/wolfwagen/Undergrad_Minchan_Folder/ROOMBA_PROJECT_1/roomba_src/first_roomba_pkg' returned '0': PYTHONPATH=/home/wolfwagen/Undergrad_Minchan_Folder/ROOMBA_PROJECT_1/build/first_roomba_pkg/prefix_override:/usr/lib/python3/dist-packages/colcon_core/task/python/colcon_distutils_commands:/home/wolfwagen/Undergrad_Minchan_Folder/ROOMBA_PROJECT_1/install/first_roomba_pkg/lib/python3.10/site-packages:${PYTHONPATH} /usr/bin/python3 -W ignore:setup.py install is deprecated -W ignore:easy_install command is deprecated setup.py egg_info --egg-base ../../build/first_roomba_pkg build --build-base /home/wolfwagen/Undergrad_Minchan_Folder/ROOMBA_PROJECT_1/build/first_roomba_pkg/build install --record /home/wolfwagen/Undergrad_Minchan_Folder/ROOMBA_PROJECT_1/build/first_roomba_pkg/install.log --single-version-externally-managed install_data --force
[3.622s] Level 1:colcon.colcon_core.environment:checking '/home/wolfwagen/Undergrad_Minchan_Folder/ROOMBA_PROJECT_1/install/first_roomba_pkg' for CMake config files
[3.624s] Level 1:colcon.colcon_core.environment:checking '/home/wolfwagen/Undergrad_Minchan_Folder/ROOMBA_PROJECT_1/install/first_roomba_pkg/lib'
[3.625s] Level 1:colcon.colcon_core.environment:checking '/home/wolfwagen/Undergrad_Minchan_Folder/ROOMBA_PROJECT_1/install/first_roomba_pkg/bin'
[3.625s] Level 1:colcon.colcon_core.environment:checking '/home/wolfwagen/Undergrad_Minchan_Folder/ROOMBA_PROJECT_1/install/first_roomba_pkg/lib/pkgconfig/first_roomba_pkg.pc'
[3.626s] Level 1:colcon.colcon_core.environment:checking '/home/wolfwagen/Undergrad_Minchan_Folder/ROOMBA_PROJECT_1/install/first_roomba_pkg/lib/python3.10/site-packages'
[3.626s] Level 1:colcon.colcon_core.shell:create_environment_hook('first_roomba_pkg', 'pythonpath')
[3.627s] INFO:colcon.colcon_core.shell:Creating environment hook '/home/wolfwagen/Undergrad_Minchan_Folder/ROOMBA_PROJECT_1/install/first_roomba_pkg/share/first_roomba_pkg/hook/pythonpath.ps1'
[3.629s] INFO:colcon.colcon_core.shell:Creating environment descriptor '/home/wolfwagen/Undergrad_Minchan_Folder/ROOMBA_PROJECT_1/install/first_roomba_pkg/share/first_roomba_pkg/hook/pythonpath.dsv'
[3.630s] INFO:colcon.colcon_core.shell:Creating environment hook '/home/wolfwagen/Undergrad_Minchan_Folder/ROOMBA_PROJECT_1/install/first_roomba_pkg/share/first_roomba_pkg/hook/pythonpath.sh'
[3.633s] Level 1:colcon.colcon_core.environment:checking '/home/wolfwagen/Undergrad_Minchan_Folder/ROOMBA_PROJECT_1/install/first_roomba_pkg/bin'
[3.633s] Level 1:colcon.colcon_core.environment:create_environment_scripts_only(first_roomba_pkg)
[3.634s] INFO:colcon.colcon_core.shell:Creating package script '/home/wolfwagen/Undergrad_Minchan_Folder/ROOMBA_PROJECT_1/install/first_roomba_pkg/share/first_roomba_pkg/package.ps1'
[3.637s] INFO:colcon.colcon_core.shell:Creating package descriptor '/home/wolfwagen/Undergrad_Minchan_Folder/ROOMBA_PROJECT_1/install/first_roomba_pkg/share/first_roomba_pkg/package.dsv'
[3.638s] INFO:colcon.colcon_core.shell:Creating package script '/home/wolfwagen/Undergrad_Minchan_Folder/ROOMBA_PROJECT_1/install/first_roomba_pkg/share/first_roomba_pkg/package.sh'
[3.640s] INFO:colcon.colcon_core.shell:Creating package script '/home/wolfwagen/Undergrad_Minchan_Folder/ROOMBA_PROJECT_1/install/first_roomba_pkg/share/first_roomba_pkg/package.bash'
[3.641s] INFO:colcon.colcon_core.shell:Creating package script '/home/wolfwagen/Undergrad_Minchan_Folder/ROOMBA_PROJECT_1/install/first_roomba_pkg/share/first_roomba_pkg/package.zsh'
[3.642s] Level 1:colcon.colcon_core.environment:create_file_with_runtime_dependencies(/home/wolfwagen/Undergrad_Minchan_Folder/ROOMBA_PROJECT_1/install/first_roomba_pkg/share/colcon-core/packages/first_roomba_pkg)
[4.122s] DEBUG:colcon.colcon_core.event_handler.log_command:Invoked command in '/home/wolfwagen/Undergrad_Minchan_Folder/ROOMBA_PROJECT_1/build/zed_wrapper' returned '0': CMAKE_PREFIX_PATH=/home/wolfwagen/Undergrad_Minchan_Folder/ROOMBA_PROJECT_1/install/zed_components:/home/wolfwagen/Undergrad_Minchan_Folder/ROOMBA_PROJECT_1/install/zed_ros2:/home/wolfwagen/Undergrad_Minchan_Folder/ROOMBA_PROJECT_1/install/zed_wrapper:/home/wolfwagen/Undergrad_Minchan_Folder/ROOMBA_PROJECT_1/install/unitree_lidar_ros2:/home/wolfwagen/Undergrad_Minchan_Folder/ROOMBA_PROJECT_1/install/first_roomba_pkg:/opt/ros/humble LD_LIBRARY_PATH=/home/wolfwagen/Undergrad_Minchan_Folder/ROOMBA_PROJECT_1/install/zed_components/lib:/usr/local/cuda-12.6/lib64:/opt/ros/humble/opt/rviz_ogre_vendor/lib:/opt/ros/humble/lib/aarch64-linux-gnu:/opt/ros/humble/lib:/usr/local/cuda-12.6/lib64 /usr/bin/cmake /home/wolfwagen/Undergrad_Minchan_Folder/ROOMBA_PROJECT_1/roomba_src/zed-ros2-wrapper/zed_wrapper -DCMAKE_INSTALL_PREFIX=/home/wolfwagen/Undergrad_Minchan_Folder/ROOMBA_PROJECT_1/install/zed_wrapper
[4.126s] DEBUG:colcon.colcon_core.event_handler.log_command:Invoking command in '/home/wolfwagen/Undergrad_Minchan_Folder/ROOMBA_PROJECT_1/build/zed_wrapper': CMAKE_PREFIX_PATH=/home/wolfwagen/Undergrad_Minchan_Folder/ROOMBA_PROJECT_1/install/zed_components:/home/wolfwagen/Undergrad_Minchan_Folder/ROOMBA_PROJECT_1/install/zed_ros2:/home/wolfwagen/Undergrad_Minchan_Folder/ROOMBA_PROJECT_1/install/zed_wrapper:/home/wolfwagen/Undergrad_Minchan_Folder/ROOMBA_PROJECT_1/install/unitree_lidar_ros2:/home/wolfwagen/Undergrad_Minchan_Folder/ROOMBA_PROJECT_1/install/first_roomba_pkg:/opt/ros/humble LD_LIBRARY_PATH=/home/wolfwagen/Undergrad_Minchan_Folder/ROOMBA_PROJECT_1/install/zed_components/lib:/usr/local/cuda-12.6/lib64:/opt/ros/humble/opt/rviz_ogre_vendor/lib:/opt/ros/humble/lib/aarch64-linux-gnu:/opt/ros/humble/lib:/usr/local/cuda-12.6/lib64 /usr/bin/cmake --build /home/wolfwagen/Undergrad_Minchan_Folder/ROOMBA_PROJECT_1/build/zed_wrapper -- -j6 -l6
[4.190s] DEBUG:colcon.colcon_core.event_handler.log_command:Invoked command in '/home/wolfwagen/Undergrad_Minchan_Folder/ROOMBA_PROJECT_1/build/unitree_lidar_ros2' returned '0': CMAKE_PREFIX_PATH=${CMAKE_PREFIX_PATH}:/home/wolfwagen/Undergrad_Minchan_Folder/ROOMBA_PROJECT_1/install/first_roomba_pkg:/opt/ros/humble /usr/bin/cmake /home/wolfwagen/Undergrad_Minchan_Folder/ROOMBA_PROJECT_1/roomba_src/unilidar_sdk2/unitree_lidar_ros2/src/unitree_lidar_ros2 -DCMAKE_INSTALL_PREFIX=/home/wolfwagen/Undergrad_Minchan_Folder/ROOMBA_PROJECT_1/install/unitree_lidar_ros2
[4.194s] DEBUG:colcon.colcon_core.event_handler.log_command:Invoking command in '/home/wolfwagen/Undergrad_Minchan_Folder/ROOMBA_PROJECT_1/build/unitree_lidar_ros2': CMAKE_PREFIX_PATH=${CMAKE_PREFIX_PATH}:/home/wolfwagen/Undergrad_Minchan_Folder/ROOMBA_PROJECT_1/install/first_roomba_pkg:/opt/ros/humble /usr/bin/cmake --build /home/wolfwagen/Undergrad_Minchan_Folder/ROOMBA_PROJECT_1/build/unitree_lidar_ros2 -- -j6 -l6
[4.203s] DEBUG:colcon.colcon_core.event_handler.log_command:Invoked command in '/home/wolfwagen/Undergrad_Minchan_Folder/ROOMBA_PROJECT_1/build/zed_wrapper' returned '0': CMAKE_PREFIX_PATH=/home/wolfwagen/Undergrad_Minchan_Folder/ROOMBA_PROJECT_1/install/zed_components:/home/wolfwagen/Undergrad_Minchan_Folder/ROOMBA_PROJECT_1/install/zed_ros2:/home/wolfwagen/Undergrad_Minchan_Folder/ROOMBA_PROJECT_1/install/zed_wrapper:/home/wolfwagen/Undergrad_Minchan_Folder/ROOMBA_PROJECT_1/install/unitree_lidar_ros2:/home/wolfwagen/Undergrad_Minchan_Folder/ROOMBA_PROJECT_1/install/first_roomba_pkg:/opt/ros/humble LD_LIBRARY_PATH=/home/wolfwagen/Undergrad_Minchan_Folder/ROOMBA_PROJECT_1/install/zed_components/lib:/usr/local/cuda-12.6/lib64:/opt/ros/humble/opt/rviz_ogre_vendor/lib:/opt/ros/humble/lib/aarch64-linux-gnu:/opt/ros/humble/lib:/usr/local/cuda-12.6/lib64 /usr/bin/cmake --build /home/wolfwagen/Undergrad_Minchan_Folder/ROOMBA_PROJECT_1/build/zed_wrapper -- -j6 -l6
[4.207s] DEBUG:colcon.colcon_core.event_handler.log_command:Invoking command in '/home/wolfwagen/Undergrad_Minchan_Folder/ROOMBA_PROJECT_1/build/zed_wrapper': CMAKE_PREFIX_PATH=/home/wolfwagen/Undergrad_Minchan_Folder/ROOMBA_PROJECT_1/install/zed_components:/home/wolfwagen/Undergrad_Minchan_Folder/ROOMBA_PROJECT_1/install/zed_ros2:/home/wolfwagen/Undergrad_Minchan_Folder/ROOMBA_PROJECT_1/install/zed_wrapper:/home/wolfwagen/Undergrad_Minchan_Folder/ROOMBA_PROJECT_1/install/unitree_lidar_ros2:/home/wolfwagen/Undergrad_Minchan_Folder/ROOMBA_PROJECT_1/install/first_roomba_pkg:/opt/ros/humble LD_LIBRARY_PATH=/home/wolfwagen/Undergrad_Minchan_Folder/ROOMBA_PROJECT_1/install/zed_components/lib:/usr/local/cuda-12.6/lib64:/opt/ros/humble/opt/rviz_ogre_vendor/lib:/opt/ros/humble/lib/aarch64-linux-gnu:/opt/ros/humble/lib:/usr/local/cuda-12.6/lib64 /usr/bin/cmake --install /home/wolfwagen/Undergrad_Minchan_Folder/ROOMBA_PROJECT_1/build/zed_wrapper
[4.254s] Level 1:colcon.colcon_core.environment:create_environment_scripts_only(zed_wrapper)
[4.255s] Level 1:colcon.colcon_core.environment:checking '/home/wolfwagen/Undergrad_Minchan_Folder/ROOMBA_PROJECT_1/install/zed_wrapper' for CMake module files
[4.257s] DEBUG:colcon.colcon_core.event_handler.log_command:Invoked command in '/home/wolfwagen/Undergrad_Minchan_Folder/ROOMBA_PROJECT_1/build/zed_wrapper' returned '0': CMAKE_PREFIX_PATH=/home/wolfwagen/Undergrad_Minchan_Folder/ROOMBA_PROJECT_1/install/zed_components:/home/wolfwagen/Undergrad_Minchan_Folder/ROOMBA_PROJECT_1/install/zed_ros2:/home/wolfwagen/Undergrad_Minchan_Folder/ROOMBA_PROJECT_1/install/zed_wrapper:/home/wolfwagen/Undergrad_Minchan_Folder/ROOMBA_PROJECT_1/install/unitree_lidar_ros2:/home/wolfwagen/Undergrad_Minchan_Folder/ROOMBA_PROJECT_1/install/first_roomba_pkg:/opt/ros/humble LD_LIBRARY_PATH=/home/wolfwagen/Undergrad_Minchan_Folder/ROOMBA_PROJECT_1/install/zed_components/lib:/usr/local/cuda-12.6/lib64:/opt/ros/humble/opt/rviz_ogre_vendor/lib:/opt/ros/humble/lib/aarch64-linux-gnu:/opt/ros/humble/lib:/usr/local/cuda-12.6/lib64 /usr/bin/cmake --install /home/wolfwagen/Undergrad_Minchan_Folder/ROOMBA_PROJECT_1/build/zed_wrapper
[4.259s] Level 1:colcon.colcon_core.environment:checking '/home/wolfwagen/Undergrad_Minchan_Folder/ROOMBA_PROJECT_1/install/zed_wrapper' for CMake config files
[4.260s] Level 1:colcon.colcon_core.shell:create_environment_hook('zed_wrapper', 'cmake_prefix_path')
[4.261s] INFO:colcon.colcon_core.shell:Creating environment hook '/home/wolfwagen/Undergrad_Minchan_Folder/ROOMBA_PROJECT_1/install/zed_wrapper/share/zed_wrapper/hook/cmake_prefix_path.ps1'
[4.263s] INFO:colcon.colcon_core.shell:Creating environment descriptor '/home/wolfwagen/Undergrad_Minchan_Folder/ROOMBA_PROJECT_1/install/zed_wrapper/share/zed_wrapper/hook/cmake_prefix_path.dsv'
[4.263s] INFO:colcon.colcon_core.shell:Creating environment hook '/home/wolfwagen/Undergrad_Minchan_Folder/ROOMBA_PROJECT_1/install/zed_wrapper/share/zed_wrapper/hook/cmake_prefix_path.sh'
[4.265s] Level 1:colcon.colcon_core.environment:checking '/home/wolfwagen/Undergrad_Minchan_Folder/ROOMBA_PROJECT_1/install/zed_wrapper/bin'
[4.265s] Level 1:colcon.colcon_core.environment:checking '/home/wolfwagen/Undergrad_Minchan_Folder/ROOMBA_PROJECT_1/install/zed_wrapper/lib/pkgconfig/zed_wrapper.pc'
[4.266s] Level 1:colcon.colcon_core.environment:checking '/home/wolfwagen/Undergrad_Minchan_Folder/ROOMBA_PROJECT_1/install/zed_wrapper/lib/python3.10/site-packages'
[4.267s] Level 1:colcon.colcon_core.environment:checking '/home/wolfwagen/Undergrad_Minchan_Folder/ROOMBA_PROJECT_1/install/zed_wrapper/bin'
[4.268s] INFO:colcon.colcon_core.shell:Creating package script '/home/wolfwagen/Undergrad_Minchan_Folder/ROOMBA_PROJECT_1/install/zed_wrapper/share/zed_wrapper/package.ps1'
[4.269s] INFO:colcon.colcon_core.shell:Creating package descriptor '/home/wolfwagen/Undergrad_Minchan_Folder/ROOMBA_PROJECT_1/install/zed_wrapper/share/zed_wrapper/package.dsv'
[4.270s] INFO:colcon.colcon_core.shell:Creating package script '/home/wolfwagen/Undergrad_Minchan_Folder/ROOMBA_PROJECT_1/install/zed_wrapper/share/zed_wrapper/package.sh'
[4.271s] INFO:colcon.colcon_core.shell:Creating package script '/home/wolfwagen/Undergrad_Minchan_Folder/ROOMBA_PROJECT_1/install/zed_wrapper/share/zed_wrapper/package.bash'
[4.272s] INFO:colcon.colcon_core.shell:Creating package script '/home/wolfwagen/Undergrad_Minchan_Folder/ROOMBA_PROJECT_1/install/zed_wrapper/share/zed_wrapper/package.zsh'
[4.273s] Level 1:colcon.colcon_core.environment:create_file_with_runtime_dependencies(/home/wolfwagen/Undergrad_Minchan_Folder/ROOMBA_PROJECT_1/install/zed_wrapper/share/colcon-core/packages/zed_wrapper)
[4.274s] Level 1:colcon.colcon_core.environment:create_environment_scripts_only(zed_wrapper)
[4.275s] Level 1:colcon.colcon_core.environment:checking '/home/wolfwagen/Undergrad_Minchan_Folder/ROOMBA_PROJECT_1/install/zed_wrapper' for CMake module files
[4.275s] Level 1:colcon.colcon_core.environment:checking '/home/wolfwagen/Undergrad_Minchan_Folder/ROOMBA_PROJECT_1/install/zed_wrapper' for CMake config files
[4.276s] Level 1:colcon.colcon_core.shell:create_environment_hook('zed_wrapper', 'cmake_prefix_path')
[4.277s] INFO:colcon.colcon_core.shell:Creating environment hook '/home/wolfwagen/Undergrad_Minchan_Folder/ROOMBA_PROJECT_1/install/zed_wrapper/share/zed_wrapper/hook/cmake_prefix_path.ps1'
[4.278s] INFO:colcon.colcon_core.shell:Creating environment descriptor '/home/wolfwagen/Undergrad_Minchan_Folder/ROOMBA_PROJECT_1/install/zed_wrapper/share/zed_wrapper/hook/cmake_prefix_path.dsv'
[4.278s] INFO:colcon.colcon_core.shell:Creating environment hook '/home/wolfwagen/Undergrad_Minchan_Folder/ROOMBA_PROJECT_1/install/zed_wrapper/share/zed_wrapper/hook/cmake_prefix_path.sh'
[4.279s] Level 1:colcon.colcon_core.environment:checking '/home/wolfwagen/Undergrad_Minchan_Folder/ROOMBA_PROJECT_1/install/zed_wrapper/bin'
[4.280s] Level 1:colcon.colcon_core.environment:checking '/home/wolfwagen/Undergrad_Minchan_Folder/ROOMBA_PROJECT_1/install/zed_wrapper/lib/pkgconfig/zed_wrapper.pc'
[4.280s] Level 1:colcon.colcon_core.environment:checking '/home/wolfwagen/Undergrad_Minchan_Folder/ROOMBA_PROJECT_1/install/zed_wrapper/lib/python3.10/site-packages'
[4.281s] Level 1:colcon.colcon_core.environment:checking '/home/wolfwagen/Undergrad_Minchan_Folder/ROOMBA_PROJECT_1/install/zed_wrapper/bin'
[4.281s] INFO:colcon.colcon_core.shell:Creating package script '/home/wolfwagen/Undergrad_Minchan_Folder/ROOMBA_PROJECT_1/install/zed_wrapper/share/zed_wrapper/package.ps1'
[4.283s] INFO:colcon.colcon_core.shell:Creating package descriptor '/home/wolfwagen/Undergrad_Minchan_Folder/ROOMBA_PROJECT_1/install/zed_wrapper/share/zed_wrapper/package.dsv'
[4.283s] INFO:colcon.colcon_core.shell:Creating package script '/home/wolfwagen/Undergrad_Minchan_Folder/ROOMBA_PROJECT_1/install/zed_wrapper/share/zed_wrapper/package.sh'
[4.284s] INFO:colcon.colcon_core.shell:Creating package script '/home/wolfwagen/Undergrad_Minchan_Folder/ROOMBA_PROJECT_1/install/zed_wrapper/share/zed_wrapper/package.bash'
[4.285s] INFO:colcon.colcon_core.shell:Creating package script '/home/wolfwagen/Undergrad_Minchan_Folder/ROOMBA_PROJECT_1/install/zed_wrapper/share/zed_wrapper/package.zsh'
[4.286s] Level 1:colcon.colcon_core.environment:create_file_with_runtime_dependencies(/home/wolfwagen/Undergrad_Minchan_Folder/ROOMBA_PROJECT_1/install/zed_wrapper/share/colcon-core/packages/zed_wrapper)
[4.287s] INFO:colcon.colcon_ros.task.ament_cmake.build:Building ROS package in '/home/wolfwagen/Undergrad_Minchan_Folder/ROOMBA_PROJECT_1/roomba_src/zed-ros2-wrapper/zed_ros2' with build type 'ament_cmake'
[4.287s] INFO:colcon.colcon_cmake.task.cmake.build:Building CMake package in '/home/wolfwagen/Undergrad_Minchan_Folder/ROOMBA_PROJECT_1/roomba_src/zed-ros2-wrapper/zed_ros2'
[4.287s] INFO:colcon.colcon_core.shell:Skip shell extension 'powershell' for command environment: Not usable outside of PowerShell
[4.288s] DEBUG:colcon.colcon_core.shell:Skip shell extension 'dsv' for command environment
[4.308s] DEBUG:colcon.colcon_core.event_handler.log_command:Invoking command in '/home/wolfwagen/Undergrad_Minchan_Folder/ROOMBA_PROJECT_1/build/zed_ros2': CMAKE_PREFIX_PATH=/home/wolfwagen/Undergrad_Minchan_Folder/ROOMBA_PROJECT_1/install/zed_wrapper:/home/wolfwagen/Undergrad_Minchan_Folder/ROOMBA_PROJECT_1/install/zed_components:/home/wolfwagen/Undergrad_Minchan_Folder/ROOMBA_PROJECT_1/install/zed_ros2:/home/wolfwagen/Undergrad_Minchan_Folder/ROOMBA_PROJECT_1/install/unitree_lidar_ros2:/home/wolfwagen/Undergrad_Minchan_Folder/ROOMBA_PROJECT_1/install/first_roomba_pkg:/opt/ros/humble LD_LIBRARY_PATH=/home/wolfwagen/Undergrad_Minchan_Folder/ROOMBA_PROJECT_1/install/zed_components/lib:/usr/local/cuda-12.6/lib64:/opt/ros/humble/opt/rviz_ogre_vendor/lib:/opt/ros/humble/lib/aarch64-linux-gnu:/opt/ros/humble/lib:/usr/local/cuda-12.6/lib64 /usr/bin/cmake /home/wolfwagen/Undergrad_Minchan_Folder/ROOMBA_PROJECT_1/roomba_src/zed-ros2-wrapper/zed_ros2 -DCMAKE_INSTALL_PREFIX=/home/wolfwagen/Undergrad_Minchan_Folder/ROOMBA_PROJECT_1/install/zed_ros2
[4.373s] DEBUG:colcon.colcon_core.event_handler.log_command:Invoked command in '/home/wolfwagen/Undergrad_Minchan_Folder/ROOMBA_PROJECT_1/build/unitree_lidar_ros2' returned '0': CMAKE_PREFIX_PATH=${CMAKE_PREFIX_PATH}:/home/wolfwagen/Undergrad_Minchan_Folder/ROOMBA_PROJECT_1/install/first_roomba_pkg:/opt/ros/humble /usr/bin/cmake --build /home/wolfwagen/Undergrad_Minchan_Folder/ROOMBA_PROJECT_1/build/unitree_lidar_ros2 -- -j6 -l6
[4.377s] DEBUG:colcon.colcon_core.event_handler.log_command:Invoking command in '/home/wolfwagen/Undergrad_Minchan_Folder/ROOMBA_PROJECT_1/build/unitree_lidar_ros2': CMAKE_PREFIX_PATH=${CMAKE_PREFIX_PATH}:/home/wolfwagen/Undergrad_Minchan_Folder/ROOMBA_PROJECT_1/install/first_roomba_pkg:/opt/ros/humble /usr/bin/cmake --install /home/wolfwagen/Undergrad_Minchan_Folder/ROOMBA_PROJECT_1/build/unitree_lidar_ros2
[4.423s] Level 1:colcon.colcon_core.environment:create_environment_scripts_only(unitree_lidar_ros2)
[4.423s] Level 1:colcon.colcon_core.environment:checking '/home/wolfwagen/Undergrad_Minchan_Folder/ROOMBA_PROJECT_1/install/unitree_lidar_ros2' for CMake module files
[4.424s] DEBUG:colcon.colcon_core.event_handler.log_command:Invoked command in '/home/wolfwagen/Undergrad_Minchan_Folder/ROOMBA_PROJECT_1/build/unitree_lidar_ros2' returned '0': CMAKE_PREFIX_PATH=${CMAKE_PREFIX_PATH}:/home/wolfwagen/Undergrad_Minchan_Folder/ROOMBA_PROJECT_1/install/first_roomba_pkg:/opt/ros/humble /usr/bin/cmake --install /home/wolfwagen/Undergrad_Minchan_Folder/ROOMBA_PROJECT_1/build/unitree_lidar_ros2
[4.425s] Level 1:colcon.colcon_core.environment:checking '/home/wolfwagen/Undergrad_Minchan_Folder/ROOMBA_PROJECT_1/install/unitree_lidar_ros2' for CMake config files
[4.426s] Level 1:colcon.colcon_core.shell:create_environment_hook('unitree_lidar_ros2', 'cmake_prefix_path')
[4.427s] INFO:colcon.colcon_core.shell:Creating environment hook '/home/wolfwagen/Undergrad_Minchan_Folder/ROOMBA_PROJECT_1/install/unitree_lidar_ros2/share/unitree_lidar_ros2/hook/cmake_prefix_path.ps1'
[4.428s] INFO:colcon.colcon_core.shell:Creating environment descriptor '/home/wolfwagen/Undergrad_Minchan_Folder/ROOMBA_PROJECT_1/install/unitree_lidar_ros2/share/unitree_lidar_ros2/hook/cmake_prefix_path.dsv'
[4.429s] INFO:colcon.colcon_core.shell:Creating environment hook '/home/wolfwagen/Undergrad_Minchan_Folder/ROOMBA_PROJECT_1/install/unitree_lidar_ros2/share/unitree_lidar_ros2/hook/cmake_prefix_path.sh'
[4.430s] Level 1:colcon.colcon_core.environment:checking '/home/wolfwagen/Undergrad_Minchan_Folder/ROOMBA_PROJECT_1/install/unitree_lidar_ros2/lib'
[4.431s] Level 1:colcon.colcon_core.environment:checking '/home/wolfwagen/Undergrad_Minchan_Folder/ROOMBA_PROJECT_1/install/unitree_lidar_ros2/bin'
[4.431s] Level 1:colcon.colcon_core.environment:checking '/home/wolfwagen/Undergrad_Minchan_Folder/ROOMBA_PROJECT_1/install/unitree_lidar_ros2/lib/pkgconfig/unitree_lidar_ros2.pc'
[4.431s] Level 1:colcon.colcon_core.environment:checking '/home/wolfwagen/Undergrad_Minchan_Folder/ROOMBA_PROJECT_1/install/unitree_lidar_ros2/lib/python3.10/site-packages'
[4.432s] Level 1:colcon.colcon_core.environment:checking '/home/wolfwagen/Undergrad_Minchan_Folder/ROOMBA_PROJECT_1/install/unitree_lidar_ros2/bin'
[4.433s] INFO:colcon.colcon_core.shell:Creating package script '/home/wolfwagen/Undergrad_Minchan_Folder/ROOMBA_PROJECT_1/install/unitree_lidar_ros2/share/unitree_lidar_ros2/package.ps1'
[4.434s] INFO:colcon.colcon_core.shell:Creating package descriptor '/home/wolfwagen/Undergrad_Minchan_Folder/ROOMBA_PROJECT_1/install/unitree_lidar_ros2/share/unitree_lidar_ros2/package.dsv'
[4.435s] INFO:colcon.colcon_core.shell:Creating package script '/home/wolfwagen/Undergrad_Minchan_Folder/ROOMBA_PROJECT_1/install/unitree_lidar_ros2/share/unitree_lidar_ros2/package.sh'
[4.436s] INFO:colcon.colcon_core.shell:Creating package script '/home/wolfwagen/Undergrad_Minchan_Folder/ROOMBA_PROJECT_1/install/unitree_lidar_ros2/share/unitree_lidar_ros2/package.bash'
[4.437s] INFO:colcon.colcon_core.shell:Creating package script '/home/wolfwagen/Undergrad_Minchan_Folder/ROOMBA_PROJECT_1/install/unitree_lidar_ros2/share/unitree_lidar_ros2/package.zsh'
[4.438s] Level 1:colcon.colcon_core.environment:create_file_with_runtime_dependencies(/home/wolfwagen/Undergrad_Minchan_Folder/ROOMBA_PROJECT_1/install/unitree_lidar_ros2/share/colcon-core/packages/unitree_lidar_ros2)
[4.440s] Level 1:colcon.colcon_core.environment:create_environment_scripts_only(unitree_lidar_ros2)
[4.440s] Level 1:colcon.colcon_core.environment:checking '/home/wolfwagen/Undergrad_Minchan_Folder/ROOMBA_PROJECT_1/install/unitree_lidar_ros2' for CMake module files
[4.441s] Level 1:colcon.colcon_core.environment:checking '/home/wolfwagen/Undergrad_Minchan_Folder/ROOMBA_PROJECT_1/install/unitree_lidar_ros2' for CMake config files
[4.442s] Level 1:colcon.colcon_core.shell:create_environment_hook('unitree_lidar_ros2', 'cmake_prefix_path')
[4.442s] INFO:colcon.colcon_core.shell:Creating environment hook '/home/wolfwagen/Undergrad_Minchan_Folder/ROOMBA_PROJECT_1/install/unitree_lidar_ros2/share/unitree_lidar_ros2/hook/cmake_prefix_path.ps1'
[4.443s] INFO:colcon.colcon_core.shell:Creating environment descriptor '/home/wolfwagen/Undergrad_Minchan_Folder/ROOMBA_PROJECT_1/install/unitree_lidar_ros2/share/unitree_lidar_ros2/hook/cmake_prefix_path.dsv'
[4.444s] INFO:colcon.colcon_core.shell:Creating environment hook '/home/wolfwagen/Undergrad_Minchan_Folder/ROOMBA_PROJECT_1/install/unitree_lidar_ros2/share/unitree_lidar_ros2/hook/cmake_prefix_path.sh'
[4.446s] Level 1:colcon.colcon_core.environment:checking '/home/wolfwagen/Undergrad_Minchan_Folder/ROOMBA_PROJECT_1/install/unitree_lidar_ros2/lib'
[4.446s] Level 1:colcon.colcon_core.environment:checking '/home/wolfwagen/Undergrad_Minchan_Folder/ROOMBA_PROJECT_1/install/unitree_lidar_ros2/bin'
[4.446s] Level 1:colcon.colcon_core.environment:checking '/home/wolfwagen/Undergrad_Minchan_Folder/ROOMBA_PROJECT_1/install/unitree_lidar_ros2/lib/pkgconfig/unitree_lidar_ros2.pc'
[4.447s] Level 1:colcon.colcon_core.environment:checking '/home/wolfwagen/Undergrad_Minchan_Folder/ROOMBA_PROJECT_1/install/unitree_lidar_ros2/lib/python3.10/site-packages'
[4.448s] Level 1:colcon.colcon_core.environment:checking '/home/wolfwagen/Undergrad_Minchan_Folder/ROOMBA_PROJECT_1/install/unitree_lidar_ros2/bin'
[4.450s] INFO:colcon.colcon_core.shell:Creating package script '/home/wolfwagen/Undergrad_Minchan_Folder/ROOMBA_PROJECT_1/install/unitree_lidar_ros2/share/unitree_lidar_ros2/package.ps1'
[4.452s] INFO:colcon.colcon_core.shell:Creating package descriptor '/home/wolfwagen/Undergrad_Minchan_Folder/ROOMBA_PROJECT_1/install/unitree_lidar_ros2/share/unitree_lidar_ros2/package.dsv'
[4.453s] INFO:colcon.colcon_core.shell:Creating package script '/home/wolfwagen/Undergrad_Minchan_Folder/ROOMBA_PROJECT_1/install/unitree_lidar_ros2/share/unitree_lidar_ros2/package.sh'
[4.455s] INFO:colcon.colcon_core.shell:Creating package script '/home/wolfwagen/Undergrad_Minchan_Folder/ROOMBA_PROJECT_1/install/unitree_lidar_ros2/share/unitree_lidar_ros2/package.bash'
[4.457s] INFO:colcon.colcon_core.shell:Creating package script '/home/wolfwagen/Undergrad_Minchan_Folder/ROOMBA_PROJECT_1/install/unitree_lidar_ros2/share/unitree_lidar_ros2/package.zsh'
[4.458s] Level 1:colcon.colcon_core.environment:create_file_with_runtime_dependencies(/home/wolfwagen/Undergrad_Minchan_Folder/ROOMBA_PROJECT_1/install/unitree_lidar_ros2/share/colcon-core/packages/unitree_lidar_ros2)
[4.782s] DEBUG:colcon.colcon_core.event_handler.log_command:Invoked command in '/home/wolfwagen/Undergrad_Minchan_Folder/ROOMBA_PROJECT_1/build/zed_ros2' returned '0': CMAKE_PREFIX_PATH=/home/wolfwagen/Undergrad_Minchan_Folder/ROOMBA_PROJECT_1/install/zed_wrapper:/home/wolfwagen/Undergrad_Minchan_Folder/ROOMBA_PROJECT_1/install/zed_components:/home/wolfwagen/Undergrad_Minchan_Folder/ROOMBA_PROJECT_1/install/zed_ros2:/home/wolfwagen/Undergrad_Minchan_Folder/ROOMBA_PROJECT_1/install/unitree_lidar_ros2:/home/wolfwagen/Undergrad_Minchan_Folder/ROOMBA_PROJECT_1/install/first_roomba_pkg:/opt/ros/humble LD_LIBRARY_PATH=/home/wolfwagen/Undergrad_Minchan_Folder/ROOMBA_PROJECT_1/install/zed_components/lib:/usr/local/cuda-12.6/lib64:/opt/ros/humble/opt/rviz_ogre_vendor/lib:/opt/ros/humble/lib/aarch64-linux-gnu:/opt/ros/humble/lib:/usr/local/cuda-12.6/lib64 /usr/bin/cmake /home/wolfwagen/Undergrad_Minchan_Folder/ROOMBA_PROJECT_1/roomba_src/zed-ros2-wrapper/zed_ros2 -DCMAKE_INSTALL_PREFIX=/home/wolfwagen/Undergrad_Minchan_Folder/ROOMBA_PROJECT_1/install/zed_ros2
[4.787s] DEBUG:colcon.colcon_core.event_handler.log_command:Invoking command in '/home/wolfwagen/Undergrad_Minchan_Folder/ROOMBA_PROJECT_1/build/zed_ros2': CMAKE_PREFIX_PATH=/home/wolfwagen/Undergrad_Minchan_Folder/ROOMBA_PROJECT_1/install/zed_wrapper:/home/wolfwagen/Undergrad_Minchan_Folder/ROOMBA_PROJECT_1/install/zed_components:/home/wolfwagen/Undergrad_Minchan_Folder/ROOMBA_PROJECT_1/install/zed_ros2:/home/wolfwagen/Undergrad_Minchan_Folder/ROOMBA_PROJECT_1/install/unitree_lidar_ros2:/home/wolfwagen/Undergrad_Minchan_Folder/ROOMBA_PROJECT_1/install/first_roomba_pkg:/opt/ros/humble LD_LIBRARY_PATH=/home/wolfwagen/Undergrad_Minchan_Folder/ROOMBA_PROJECT_1/install/zed_components/lib:/usr/local/cuda-12.6/lib64:/opt/ros/humble/opt/rviz_ogre_vendor/lib:/opt/ros/humble/lib/aarch64-linux-gnu:/opt/ros/humble/lib:/usr/local/cuda-12.6/lib64 /usr/bin/cmake --build /home/wolfwagen/Undergrad_Minchan_Folder/ROOMBA_PROJECT_1/build/zed_ros2 -- -j6 -l6
[4.858s] DEBUG:colcon.colcon_core.event_handler.log_command:Invoked command in '/home/wolfwagen/Undergrad_Minchan_Folder/ROOMBA_PROJECT_1/build/zed_ros2' returned '0': CMAKE_PREFIX_PATH=/home/wolfwagen/Undergrad_Minchan_Folder/ROOMBA_PROJECT_1/install/zed_wrapper:/home/wolfwagen/Undergrad_Minchan_Folder/ROOMBA_PROJECT_1/install/zed_components:/home/wolfwagen/Undergrad_Minchan_Folder/ROOMBA_PROJECT_1/install/zed_ros2:/home/wolfwagen/Undergrad_Minchan_Folder/ROOMBA_PROJECT_1/install/unitree_lidar_ros2:/home/wolfwagen/Undergrad_Minchan_Folder/ROOMBA_PROJECT_1/install/first_roomba_pkg:/opt/ros/humble LD_LIBRARY_PATH=/home/wolfwagen/Undergrad_Minchan_Folder/ROOMBA_PROJECT_1/install/zed_components/lib:/usr/local/cuda-12.6/lib64:/opt/ros/humble/opt/rviz_ogre_vendor/lib:/opt/ros/humble/lib/aarch64-linux-gnu:/opt/ros/humble/lib:/usr/local/cuda-12.6/lib64 /usr/bin/cmake --build /home/wolfwagen/Undergrad_Minchan_Folder/ROOMBA_PROJECT_1/build/zed_ros2 -- -j6 -l6
[4.863s] DEBUG:colcon.colcon_core.event_handler.log_command:Invoking command in '/home/wolfwagen/Undergrad_Minchan_Folder/ROOMBA_PROJECT_1/build/zed_ros2': CMAKE_PREFIX_PATH=/home/wolfwagen/Undergrad_Minchan_Folder/ROOMBA_PROJECT_1/install/zed_wrapper:/home/wolfwagen/Undergrad_Minchan_Folder/ROOMBA_PROJECT_1/install/zed_components:/home/wolfwagen/Undergrad_Minchan_Folder/ROOMBA_PROJECT_1/install/zed_ros2:/home/wolfwagen/Undergrad_Minchan_Folder/ROOMBA_PROJECT_1/install/unitree_lidar_ros2:/home/wolfwagen/Undergrad_Minchan_Folder/ROOMBA_PROJECT_1/install/first_roomba_pkg:/opt/ros/humble LD_LIBRARY_PATH=/home/wolfwagen/Undergrad_Minchan_Folder/ROOMBA_PROJECT_1/install/zed_components/lib:/usr/local/cuda-12.6/lib64:/opt/ros/humble/opt/rviz_ogre_vendor/lib:/opt/ros/humble/lib/aarch64-linux-gnu:/opt/ros/humble/lib:/usr/local/cuda-12.6/lib64 /usr/bin/cmake --install /home/wolfwagen/Undergrad_Minchan_Folder/ROOMBA_PROJECT_1/build/zed_ros2
[4.905s] Level 1:colcon.colcon_core.environment:create_environment_scripts_only(zed_ros2)
[4.906s] Level 1:colcon.colcon_core.environment:checking '/home/wolfwagen/Undergrad_Minchan_Folder/ROOMBA_PROJECT_1/install/zed_ros2' for CMake module files
[4.907s] DEBUG:colcon.colcon_core.event_handler.log_command:Invoked command in '/home/wolfwagen/Undergrad_Minchan_Folder/ROOMBA_PROJECT_1/build/zed_ros2' returned '0': CMAKE_PREFIX_PATH=/home/wolfwagen/Undergrad_Minchan_Folder/ROOMBA_PROJECT_1/install/zed_wrapper:/home/wolfwagen/Undergrad_Minchan_Folder/ROOMBA_PROJECT_1/install/zed_components:/home/wolfwagen/Undergrad_Minchan_Folder/ROOMBA_PROJECT_1/install/zed_ros2:/home/wolfwagen/Undergrad_Minchan_Folder/ROOMBA_PROJECT_1/install/unitree_lidar_ros2:/home/wolfwagen/Undergrad_Minchan_Folder/ROOMBA_PROJECT_1/install/first_roomba_pkg:/opt/ros/humble LD_LIBRARY_PATH=/home/wolfwagen/Undergrad_Minchan_Folder/ROOMBA_PROJECT_1/install/zed_components/lib:/usr/local/cuda-12.6/lib64:/opt/ros/humble/opt/rviz_ogre_vendor/lib:/opt/ros/humble/lib/aarch64-linux-gnu:/opt/ros/humble/lib:/usr/local/cuda-12.6/lib64 /usr/bin/cmake --install /home/wolfwagen/Undergrad_Minchan_Folder/ROOMBA_PROJECT_1/build/zed_ros2
[4.908s] Level 1:colcon.colcon_core.environment:checking '/home/wolfwagen/Undergrad_Minchan_Folder/ROOMBA_PROJECT_1/install/zed_ros2' for CMake config files
[4.909s] Level 1:colcon.colcon_core.shell:create_environment_hook('zed_ros2', 'cmake_prefix_path')
[4.910s] INFO:colcon.colcon_core.shell:Creating environment hook '/home/wolfwagen/Undergrad_Minchan_Folder/ROOMBA_PROJECT_1/install/zed_ros2/share/zed_ros2/hook/cmake_prefix_path.ps1'
[4.912s] INFO:colcon.colcon_core.shell:Creating environment descriptor '/home/wolfwagen/Undergrad_Minchan_Folder/ROOMBA_PROJECT_1/install/zed_ros2/share/zed_ros2/hook/cmake_prefix_path.dsv'
[4.913s] INFO:colcon.colcon_core.shell:Creating environment hook '/home/wolfwagen/Undergrad_Minchan_Folder/ROOMBA_PROJECT_1/install/zed_ros2/share/zed_ros2/hook/cmake_prefix_path.sh'
[4.915s] Level 1:colcon.colcon_core.environment:checking '/home/wolfwagen/Undergrad_Minchan_Folder/ROOMBA_PROJECT_1/install/zed_ros2/bin'
[4.916s] Level 1:colcon.colcon_core.environment:checking '/home/wolfwagen/Undergrad_Minchan_Folder/ROOMBA_PROJECT_1/install/zed_ros2/lib/pkgconfig/zed_ros2.pc'
[4.917s] Level 1:colcon.colcon_core.environment:checking '/home/wolfwagen/Undergrad_Minchan_Folder/ROOMBA_PROJECT_1/install/zed_ros2/lib/python3.10/site-packages'
[4.918s] Level 1:colcon.colcon_core.environment:checking '/home/wolfwagen/Undergrad_Minchan_Folder/ROOMBA_PROJECT_1/install/zed_ros2/bin'
[4.919s] INFO:colcon.colcon_core.shell:Creating package script '/home/wolfwagen/Undergrad_Minchan_Folder/ROOMBA_PROJECT_1/install/zed_ros2/share/zed_ros2/package.ps1'
[4.921s] INFO:colcon.colcon_core.shell:Creating package descriptor '/home/wolfwagen/Undergrad_Minchan_Folder/ROOMBA_PROJECT_1/install/zed_ros2/share/zed_ros2/package.dsv'
[4.923s] INFO:colcon.colcon_core.shell:Creating package script '/home/wolfwagen/Undergrad_Minchan_Folder/ROOMBA_PROJECT_1/install/zed_ros2/share/zed_ros2/package.sh'
[4.924s] INFO:colcon.colcon_core.shell:Creating package script '/home/wolfwagen/Undergrad_Minchan_Folder/ROOMBA_PROJECT_1/install/zed_ros2/share/zed_ros2/package.bash'
[4.926s] INFO:colcon.colcon_core.shell:Creating package script '/home/wolfwagen/Undergrad_Minchan_Folder/ROOMBA_PROJECT_1/install/zed_ros2/share/zed_ros2/package.zsh'
[4.927s] Level 1:colcon.colcon_core.environment:create_file_with_runtime_dependencies(/home/wolfwagen/Undergrad_Minchan_Folder/ROOMBA_PROJECT_1/install/zed_ros2/share/colcon-core/packages/zed_ros2)
[4.929s] Level 1:colcon.colcon_core.environment:create_environment_scripts_only(zed_ros2)
[4.930s] Level 1:colcon.colcon_core.environment:checking '/home/wolfwagen/Undergrad_Minchan_Folder/ROOMBA_PROJECT_1/install/zed_ros2' for CMake module files
[4.932s] Level 1:colcon.colcon_core.environment:checking '/home/wolfwagen/Undergrad_Minchan_Folder/ROOMBA_PROJECT_1/install/zed_ros2' for CMake config files
[4.933s] Level 1:colcon.colcon_core.shell:create_environment_hook('zed_ros2', 'cmake_prefix_path')
[4.933s] INFO:colcon.colcon_core.shell:Creating environment hook '/home/wolfwagen/Undergrad_Minchan_Folder/ROOMBA_PROJECT_1/install/zed_ros2/share/zed_ros2/hook/cmake_prefix_path.ps1'
[4.935s] INFO:colcon.colcon_core.shell:Creating environment descriptor '/home/wolfwagen/Undergrad_Minchan_Folder/ROOMBA_PROJECT_1/install/zed_ros2/share/zed_ros2/hook/cmake_prefix_path.dsv'
[4.936s] INFO:colcon.colcon_core.shell:Creating environment hook '/home/wolfwagen/Undergrad_Minchan_Folder/ROOMBA_PROJECT_1/install/zed_ros2/share/zed_ros2/hook/cmake_prefix_path.sh'
[4.938s] Level 1:colcon.colcon_core.environment:checking '/home/wolfwagen/Undergrad_Minchan_Folder/ROOMBA_PROJECT_1/install/zed_ros2/bin'
[4.939s] Level 1:colcon.colcon_core.environment:checking '/home/wolfwagen/Undergrad_Minchan_Folder/ROOMBA_PROJECT_1/install/zed_ros2/lib/pkgconfig/zed_ros2.pc'
[4.939s] Level 1:colcon.colcon_core.environment:checking '/home/wolfwagen/Undergrad_Minchan_Folder/ROOMBA_PROJECT_1/install/zed_ros2/lib/python3.10/site-packages'
[4.941s] Level 1:colcon.colcon_core.environment:checking '/home/wolfwagen/Undergrad_Minchan_Folder/ROOMBA_PROJECT_1/install/zed_ros2/bin'
[4.942s] INFO:colcon.colcon_core.shell:Creating package script '/home/wolfwagen/Undergrad_Minchan_Folder/ROOMBA_PROJECT_1/install/zed_ros2/share/zed_ros2/package.ps1'
[4.944s] INFO:colcon.colcon_core.shell:Creating package descriptor '/home/wolfwagen/Undergrad_Minchan_Folder/ROOMBA_PROJECT_1/install/zed_ros2/share/zed_ros2/package.dsv'
[4.947s] INFO:colcon.colcon_core.shell:Creating package script '/home/wolfwagen/Undergrad_Minchan_Folder/ROOMBA_PROJECT_1/install/zed_ros2/share/zed_ros2/package.sh'
[4.949s] INFO:colcon.colcon_core.shell:Creating package script '/home/wolfwagen/Undergrad_Minchan_Folder/ROOMBA_PROJECT_1/install/zed_ros2/share/zed_ros2/package.bash'
[4.951s] INFO:colcon.colcon_core.shell:Creating package script '/home/wolfwagen/Undergrad_Minchan_Folder/ROOMBA_PROJECT_1/install/zed_ros2/share/zed_ros2/package.zsh'
[4.952s] Level 1:colcon.colcon_core.environment:create_file_with_runtime_dependencies(/home/wolfwagen/Undergrad_Minchan_Folder/ROOMBA_PROJECT_1/install/zed_ros2/share/colcon-core/packages/zed_ros2)
[4.953s] DEBUG:colcon.colcon_parallel_executor.executor.parallel:closing loop
[4.955s] DEBUG:colcon.colcon_parallel_executor.executor.parallel:loop closed
[4.957s] DEBUG:colcon.colcon_parallel_executor.executor.parallel:run_until_complete finished with '0'
[4.957s] DEBUG:colcon.colcon_core.event_reactor:joining thread
[4.959s] DEBUG:colcon.colcon_core.event_reactor:joined thread
[4.960s] INFO:colcon.colcon_core.shell:Creating prefix script '/home/wolfwagen/Undergrad_Minchan_Folder/ROOMBA_PROJECT_1/install/local_setup.ps1'
[4.964s] INFO:colcon.colcon_core.shell:Creating prefix util module '/home/wolfwagen/Undergrad_Minchan_Folder/ROOMBA_PROJECT_1/install/_local_setup_util_ps1.py'
[4.969s] INFO:colcon.colcon_core.shell:Creating prefix chain script '/home/wolfwagen/Undergrad_Minchan_Folder/ROOMBA_PROJECT_1/install/setup.ps1'
[4.974s] INFO:colcon.colcon_core.shell:Creating prefix script '/home/wolfwagen/Undergrad_Minchan_Folder/ROOMBA_PROJECT_1/install/local_setup.sh'
[4.976s] INFO:colcon.colcon_core.shell:Creating prefix util module '/home/wolfwagen/Undergrad_Minchan_Folder/ROOMBA_PROJECT_1/install/_local_setup_util_sh.py'
[4.978s] INFO:colcon.colcon_core.shell:Creating prefix chain script '/home/wolfwagen/Undergrad_Minchan_Folder/ROOMBA_PROJECT_1/install/setup.sh'
[4.982s] INFO:colcon.colcon_core.shell:Creating prefix script '/home/wolfwagen/Undergrad_Minchan_Folder/ROOMBA_PROJECT_1/install/local_setup.bash'
[4.984s] INFO:colcon.colcon_core.shell:Creating prefix chain script '/home/wolfwagen/Undergrad_Minchan_Folder/ROOMBA_PROJECT_1/install/setup.bash'
[4.988s] INFO:colcon.colcon_core.shell:Creating prefix script '/home/wolfwagen/Undergrad_Minchan_Folder/ROOMBA_PROJECT_1/install/local_setup.zsh'
[4.989s] INFO:colcon.colcon_core.shell:Creating prefix chain script '/home/wolfwagen/Undergrad_Minchan_Folder/ROOMBA_PROJECT_1/install/setup.zsh'
