[0.000000] (-) TimerEvent: {}
[0.000821] (first_roomba_pkg) JobQueued: {'identifier': 'first_roomba_pkg', 'dependencies': OrderedDict()}
[0.001061] (zed_components) JobQueued: {'identifier': 'zed_components', 'dependencies': OrderedDict()}
[0.001259] (zed_debug) JobQueued: {'identifier': 'zed_debug', 'dependencies': OrderedDict([('zed_components', '/home/wolfwagen/Undergrad_Minchan_Folder/ROOMBA_PROJECT_1/install/zed_components')])}
[0.001345] (zed_wrapper) JobQueued: {'identifier': 'zed_wrapper', 'dependencies': OrderedDict([('zed_components', '/home/wolfwagen/Undergrad_Minchan_Folder/ROOMBA_PROJECT_1/install/zed_components')])}
[0.001498] (zed_ros2) JobQueued: {'identifier': 'zed_ros2', 'dependencies': OrderedDict([('zed_components', '/home/wolfwagen/Undergrad_Minchan_Folder/ROOMBA_PROJECT_1/install/zed_components'), ('zed_wrapper', '/home/wolfwagen/Undergrad_Minchan_Folder/ROOMBA_PROJECT_1/install/zed_wrapper')])}
[0.001582] (zed_components) JobStarted: {'identifier': 'zed_components'}
[0.014234] (first_roomba_pkg) JobStarted: {'identifier': 'first_roomba_pkg'}
[0.025921] (zed_components) JobProgress: {'identifier': 'zed_components', 'progress': 'cmake'}
[0.027770] (zed_components) JobProgress: {'identifier': 'zed_components', 'progress': 'build'}
[0.029079] (zed_components) Command: {'cmd': ['/usr/bin/cmake', '--build', '/home/wolfwagen/Undergrad_Minchan_Folder/ROOMBA_PROJECT_1/build/zed_components', '--', '-j6', '-l6'], 'cwd': '/home/wolfwagen/Undergrad_Minchan_Folder/ROOMBA_PROJECT_1/build/zed_components', 'env': OrderedDict([('LESSOPEN', '| /usr/bin/lesspipe %s'), ('USER', 'wolfwagen'), ('SSH_CLIENT', '10.152.58.3 60231 22'), ('XDG_SESSION_TYPE', 'tty'), ('GIT_ASKPASS', '/home/wolfwagen/.vscode-server/cli/servers/Stable-994fd12f8d3a5aa16f17d42c041e5809167e845a/server/extensions/git/dist/askpass.sh'), ('SHLVL', '2'), ('LD_LIBRARY_PATH', '/usr/local/cuda-12.6/lib64:/opt/ros/humble/opt/rviz_ogre_vendor/lib:/opt/ros/humble/lib/aarch64-linux-gnu:/opt/ros/humble/lib:/usr/local/cuda-12.6/lib64:'), ('BROWSER', '/home/wolfwagen/.vscode-server/cli/servers/Stable-994fd12f8d3a5aa16f17d42c041e5809167e845a/server/bin/helpers/browser.sh'), ('MOTD_SHOWN', 'pam'), ('HOME', '/home/wolfwagen'), ('OLDPWD', '/home/wolfwagen/Undergrad_Minchan_Folder/ROOMBA_PROJECT_1'), ('TERM_PROGRAM_VERSION', '1.107.1'), ('VSCODE_IPC_HOOK_CLI', '/run/user/1000/vscode-ipc-57d3707e-17ca-4fb3-bfb1-3eb739ef94bd.sock'), ('JETSON_L4T', '36.4.7'), ('ROS_PYTHON_VERSION', '3'), ('JETSON_MODEL', 'NVIDIA Jetson Orin Nano Engineering Reference Developer Kit Super'), ('VSCODE_GIT_ASKPASS_MAIN', '/home/wolfwagen/.vscode-server/cli/servers/Stable-994fd12f8d3a5aa16f17d42c041e5809167e845a/server/extensions/git/dist/askpass-main.js'), ('VSCODE_GIT_ASKPASS_NODE', '/home/wolfwagen/.vscode-server/cli/servers/Stable-994fd12f8d3a5aa16f17d42c041e5809167e845a/server/node'), ('SSL_CERT_FILE', '/usr/lib/ssl/certs/ca-certificates.crt'), ('VSCODE_PYTHON_AUTOACTIVATE_GUARD', '1'), ('DBUS_SESSION_BUS_ADDRESS', 'unix:path=/run/user/1000/bus'), ('COLORTERM', 'truecolor'), ('_colcon_cd_root', '/opt/ros/humble/'), ('COLCON_PREFIX_PATH', '/home/wolfwagen/Undergrad_Minchan_Folder/ROOMBA_PROJECT_1/install'), ('ROS_DISTRO', 'humble'), ('LOGNAME', 'wolfwagen'), ('JETSON_MODULE', 'NVIDIA Jetson Orin Nano (Developer kit)'), ('JETSON_SERIAL_NUMBER', '1422425022489'), ('_', '/usr/bin/colcon'), ('ROS_VERSION', '2'), ('XDG_SESSION_CLASS', 'user'), ('TERM', 'xterm-256color'), ('XDG_SESSION_ID', '91'), ('ROS_LOCALHOST_ONLY', '0'), ('PATH', '/usr/local/cuda-12.6/bin:/home/wolfwagen/.vscode-server/data/User/globalStorage/github.copilot-chat/debugCommand:/home/wolfwagen/.vscode-server/data/User/globalStorage/github.copilot-chat/copilotCli:/home/wolfwagen/.vscode-server/cli/servers/Stable-994fd12f8d3a5aa16f17d42c041e5809167e845a/server/bin/remote-cli:/opt/ros/humble/bin:/usr/local/cuda-12.6/bin:/usr/local/sbin:/usr/local/bin:/usr/sbin:/usr/bin:/sbin:/bin:/usr/games:/usr/local/games:/snap/bin'), ('XDG_RUNTIME_DIR', '/run/user/1000'), ('SSL_CERT_DIR', '/usr/lib/ssl/certs'), ('LANG', 'en_US.UTF-8'), ('LS_COLORS', 'rs=0:di=01;34:ln=01;36:mh=00:pi=40;33:so=01;35:do=01;35:bd=40;33;01:cd=40;33;01:or=40;31;01:mi=00:su=37;41:sg=30;43:ca=30;41:tw=30;42:ow=34;42:st=37;44:ex=01;32:*.tar=01;31:*.tgz=01;31:*.arc=01;31:*.arj=01;31:*.taz=01;31:*.lha=01;31:*.lz4=01;31:*.lzh=01;31:*.lzma=01;31:*.tlz=01;31:*.txz=01;31:*.tzo=01;31:*.t7z=01;31:*.zip=01;31:*.z=01;31:*.dz=01;31:*.gz=01;31:*.lrz=01;31:*.lz=01;31:*.lzo=01;31:*.xz=01;31:*.zst=01;31:*.tzst=01;31:*.bz2=01;31:*.bz=01;31:*.tbz=01;31:*.tbz2=01;31:*.tz=01;31:*.deb=01;31:*.rpm=01;31:*.jar=01;31:*.war=01;31:*.ear=01;31:*.sar=01;31:*.rar=01;31:*.alz=01;31:*.ace=01;31:*.zoo=01;31:*.cpio=01;31:*.7z=01;31:*.rz=01;31:*.cab=01;31:*.wim=01;31:*.swm=01;31:*.dwm=01;31:*.esd=01;31:*.jpg=01;35:*.jpeg=01;35:*.mjpg=01;35:*.mjpeg=01;35:*.gif=01;35:*.bmp=01;35:*.pbm=01;35:*.pgm=01;35:*.ppm=01;35:*.tga=01;35:*.xbm=01;35:*.xpm=01;35:*.tif=01;35:*.tiff=01;35:*.png=01;35:*.svg=01;35:*.svgz=01;35:*.mng=01;35:*.pcx=01;35:*.mov=01;35:*.mpg=01;35:*.mpeg=01;35:*.m2v=01;35:*.mkv=01;35:*.webm=01;35:*.webp=01;35:*.ogm=01;35:*.mp4=01;35:*.m4v=01;35:*.mp4v=01;35:*.vob=01;35:*.qt=01;35:*.nuv=01;35:*.wmv=01;35:*.asf=01;35:*.rm=01;35:*.rmvb=01;35:*.flc=01;35:*.avi=01;35:*.fli=01;35:*.flv=01;35:*.gl=01;35:*.dl=01;35:*.xcf=01;35:*.xwd=01;35:*.yuv=01;35:*.cgm=01;35:*.emf=01;35:*.ogv=01;35:*.ogx=01;35:*.aac=00;36:*.au=00;36:*.flac=00;36:*.m4a=00;36:*.mid=00;36:*.midi=00;36:*.mka=00;36:*.mp3=00;36:*.mpc=00;36:*.ogg=00;36:*.ra=00;36:*.wav=00;36:*.oga=00;36:*.opus=00;36:*.spx=00;36:*.xspf=00;36:'), ('JETSON_SOC', 'tegra234'), ('VSCODE_GIT_IPC_HANDLE', '/run/user/1000/vscode-git-e72b36d3c5.sock'), ('TERM_PROGRAM', 'vscode'), ('AMENT_PREFIX_PATH', '/home/wolfwagen/Undergrad_Minchan_Folder/ROOMBA_PROJECT_1/install/first_roomba_pkg:/opt/ros/humble'), ('SHELL', '/bin/bash'), ('LESSCLOSE', '/usr/bin/lesspipe %s %s'), ('VSCODE_GIT_ASKPASS_EXTRA_ARGS', ''), ('JETSON_CUDA_ARCH_BIN', '8.7'), ('PWD', '/home/wolfwagen/Undergrad_Minchan_Folder/ROOMBA_PROJECT_1/build/zed_components'), ('LC_ALL', 'en_US.UTF-8'), ('SSH_CONNECTION', '10.152.58.3 60231 10.152.19.83 22'), ('XDG_DATA_DIRS', '/usr/share/gnome:/home/wolfwagen/.local/share/flatpak/exports/share:/var/lib/flatpak/exports/share:/usr/local/share:/usr/share:/var/lib/snapd/desktop'), ('PYTHONPATH', '/home/wolfwagen/Undergrad_Minchan_Folder/ROOMBA_PROJECT_1/build/first_roomba_pkg:/home/wolfwagen/Undergrad_Minchan_Folder/ROOMBA_PROJECT_1/install/first_roomba_pkg/lib/python3.10/site-packages:/opt/ros/humble/lib/python3.10/site-packages:/opt/ros/humble/local/lib/python3.10/dist-packages'), ('COLCON', '1'), ('JETSON_JETPACK', ''), ('JETSON_P_NUMBER', 'p3767-0005'), ('CMAKE_PREFIX_PATH', '/home/wolfwagen/Undergrad_Minchan_Folder/ROOMBA_PROJECT_1/install/first_roomba_pkg:/opt/ros/humble')]), 'shell': False}
[0.099392] (-) TimerEvent: {}
[0.152089] (zed_components) StdoutLine: {'line': b'\x1b[35m\x1b[1mConsolidate compiler generated dependencies of target zed_camera_one_component\x1b[0m\n'}
[0.153824] (zed_components) StdoutLine: {'line': b'\x1b[35m\x1b[1mConsolidate compiler generated dependencies of target zed_camera_component\x1b[0m\n'}
[0.199533] (-) TimerEvent: {}
[0.230568] (zed_components) StdoutLine: {'line': b'[ 17%] \x1b[32mBuilding CXX object CMakeFiles/zed_camera_component.dir/src/zed_camera/src/zed_camera_component_bodytrk.cpp.o\x1b[0m\n'}
[0.231014] (zed_components) StdoutLine: {'line': b'[ 17%] \x1b[32mBuilding CXX object CMakeFiles/zed_camera_one_component.dir/src/zed_camera_one/src/zed_camera_one_component_main.cpp.o\x1b[0m\n'}
[0.231195] (zed_components) StdoutLine: {'line': b'[ 17%] \x1b[32mBuilding CXX object CMakeFiles/zed_camera_component.dir/src/zed_camera/src/zed_camera_component_main.cpp.o\x1b[0m\n'}
[0.231425] (zed_components) StdoutLine: {'line': b'[ 23%] \x1b[32mBuilding CXX object CMakeFiles/zed_camera_component.dir/src/zed_camera/src/zed_camera_component_objdet.cpp.o\x1b[0m\n'}
[0.299678] (-) TimerEvent: {}
[0.400271] (-) TimerEvent: {}
[0.500910] (-) TimerEvent: {}
[0.601575] (-) TimerEvent: {}
[0.702160] (-) TimerEvent: {}
[0.802771] (-) TimerEvent: {}
[0.903416] (-) TimerEvent: {}
[1.004085] (-) TimerEvent: {}
[1.104698] (-) TimerEvent: {}
[1.205323] (-) TimerEvent: {}
[1.306022] (-) TimerEvent: {}
[1.401917] (first_roomba_pkg) Command: {'cmd': ['/usr/bin/python3', '-W', 'ignore:setup.py install is deprecated', '-W', 'ignore:easy_install command is deprecated', 'setup.py', 'develop', '--editable', '--build-directory', '/home/wolfwagen/Undergrad_Minchan_Folder/ROOMBA_PROJECT_1/build/first_roomba_pkg/build', '--no-deps', 'symlink_data'], 'cwd': '/home/wolfwagen/Undergrad_Minchan_Folder/ROOMBA_PROJECT_1/build/first_roomba_pkg', 'env': {'LESSOPEN': '| /usr/bin/lesspipe %s', 'USER': 'wolfwagen', 'SSH_CLIENT': '10.152.58.3 60231 22', 'XDG_SESSION_TYPE': 'tty', 'GIT_ASKPASS': '/home/wolfwagen/.vscode-server/cli/servers/Stable-994fd12f8d3a5aa16f17d42c041e5809167e845a/server/extensions/git/dist/askpass.sh', 'SHLVL': '2', 'LD_LIBRARY_PATH': '/usr/local/cuda-12.6/lib64:/opt/ros/humble/opt/rviz_ogre_vendor/lib:/opt/ros/humble/lib/aarch64-linux-gnu:/opt/ros/humble/lib:/usr/local/cuda-12.6/lib64:', 'BROWSER': '/home/wolfwagen/.vscode-server/cli/servers/Stable-994fd12f8d3a5aa16f17d42c041e5809167e845a/server/bin/helpers/browser.sh', 'MOTD_SHOWN': 'pam', 'HOME': '/home/wolfwagen', 'OLDPWD': '/home/wolfwagen/Undergrad_Minchan_Folder/ROOMBA_PROJECT_1', 'TERM_PROGRAM_VERSION': '1.107.1', 'VSCODE_IPC_HOOK_CLI': '/run/user/1000/vscode-ipc-57d3707e-17ca-4fb3-bfb1-3eb739ef94bd.sock', 'JETSON_L4T': '36.4.7', 'ROS_PYTHON_VERSION': '3', 'JETSON_MODEL': 'NVIDIA Jetson Orin Nano Engineering Reference Developer Kit Super', 'VSCODE_GIT_ASKPASS_MAIN': '/home/wolfwagen/.vscode-server/cli/servers/Stable-994fd12f8d3a5aa16f17d42c041e5809167e845a/server/extensions/git/dist/askpass-main.js', 'VSCODE_GIT_ASKPASS_NODE': '/home/wolfwagen/.vscode-server/cli/servers/Stable-994fd12f8d3a5aa16f17d42c041e5809167e845a/server/node', 'SSL_CERT_FILE': '/usr/lib/ssl/certs/ca-certificates.crt', 'VSCODE_PYTHON_AUTOACTIVATE_GUARD': '1', 'DBUS_SESSION_BUS_ADDRESS': 'unix:path=/run/user/1000/bus', 'COLORTERM': 'truecolor', '_colcon_cd_root': '/opt/ros/humble/', 'COLCON_PREFIX_PATH': '/home/wolfwagen/Undergrad_Minchan_Folder/ROOMBA_PROJECT_1/install', 'ROS_DISTRO': 'humble', 'LOGNAME': 'wolfwagen', 'JETSON_MODULE': 'NVIDIA Jetson Orin Nano (Developer kit)', 'JETSON_SERIAL_NUMBER': '1422425022489', '_': '/usr/bin/colcon', 'ROS_VERSION': '2', 'XDG_SESSION_CLASS': 'user', 'TERM': 'xterm-256color', 'XDG_SESSION_ID': '91', 'ROS_LOCALHOST_ONLY': '0', 'PATH': '/usr/local/cuda-12.6/bin:/home/wolfwagen/.vscode-server/data/User/globalStorage/github.copilot-chat/debugCommand:/home/wolfwagen/.vscode-server/data/User/globalStorage/github.copilot-chat/copilotCli:/home/wolfwagen/.vscode-server/cli/servers/Stable-994fd12f8d3a5aa16f17d42c041e5809167e845a/server/bin/remote-cli:/opt/ros/humble/bin:/usr/local/cuda-12.6/bin:/usr/local/sbin:/usr/local/bin:/usr/sbin:/usr/bin:/sbin:/bin:/usr/games:/usr/local/games:/snap/bin', 'XDG_RUNTIME_DIR': '/run/user/1000', 'SSL_CERT_DIR': '/usr/lib/ssl/certs', 'LANG': 'en_US.UTF-8', 'LS_COLORS': 'rs=0:di=01;34:ln=01;36:mh=00:pi=40;33:so=01;35:do=01;35:bd=40;33;01:cd=40;33;01:or=40;31;01:mi=00:su=37;41:sg=30;43:ca=30;41:tw=30;42:ow=34;42:st=37;44:ex=01;32:*.tar=01;31:*.tgz=01;31:*.arc=01;31:*.arj=01;31:*.taz=01;31:*.lha=01;31:*.lz4=01;31:*.lzh=01;31:*.lzma=01;31:*.tlz=01;31:*.txz=01;31:*.tzo=01;31:*.t7z=01;31:*.zip=01;31:*.z=01;31:*.dz=01;31:*.gz=01;31:*.lrz=01;31:*.lz=01;31:*.lzo=01;31:*.xz=01;31:*.zst=01;31:*.tzst=01;31:*.bz2=01;31:*.bz=01;31:*.tbz=01;31:*.tbz2=01;31:*.tz=01;31:*.deb=01;31:*.rpm=01;31:*.jar=01;31:*.war=01;31:*.ear=01;31:*.sar=01;31:*.rar=01;31:*.alz=01;31:*.ace=01;31:*.zoo=01;31:*.cpio=01;31:*.7z=01;31:*.rz=01;31:*.cab=01;31:*.wim=01;31:*.swm=01;31:*.dwm=01;31:*.esd=01;31:*.jpg=01;35:*.jpeg=01;35:*.mjpg=01;35:*.mjpeg=01;35:*.gif=01;35:*.bmp=01;35:*.pbm=01;35:*.pgm=01;35:*.ppm=01;35:*.tga=01;35:*.xbm=01;35:*.xpm=01;35:*.tif=01;35:*.tiff=01;35:*.png=01;35:*.svg=01;35:*.svgz=01;35:*.mng=01;35:*.pcx=01;35:*.mov=01;35:*.mpg=01;35:*.mpeg=01;35:*.m2v=01;35:*.mkv=01;35:*.webm=01;35:*.webp=01;35:*.ogm=01;35:*.mp4=01;35:*.m4v=01;35:*.mp4v=01;35:*.vob=01;35:*.qt=01;35:*.nuv=01;35:*.wmv=01;35:*.asf=01;35:*.rm=01;35:*.rmvb=01;35:*.flc=01;35:*.avi=01;35:*.fli=01;35:*.flv=01;35:*.gl=01;35:*.dl=01;35:*.xcf=01;35:*.xwd=01;35:*.yuv=01;35:*.cgm=01;35:*.emf=01;35:*.ogv=01;35:*.ogx=01;35:*.aac=00;36:*.au=00;36:*.flac=00;36:*.m4a=00;36:*.mid=00;36:*.midi=00;36:*.mka=00;36:*.mp3=00;36:*.mpc=00;36:*.ogg=00;36:*.ra=00;36:*.wav=00;36:*.oga=00;36:*.opus=00;36:*.spx=00;36:*.xspf=00;36:', 'JETSON_SOC': 'tegra234', 'VSCODE_GIT_IPC_HANDLE': '/run/user/1000/vscode-git-e72b36d3c5.sock', 'TERM_PROGRAM': 'vscode', 'AMENT_PREFIX_PATH': '/home/wolfwagen/Undergrad_Minchan_Folder/ROOMBA_PROJECT_1/install/first_roomba_pkg:/opt/ros/humble', 'SHELL': '/bin/bash', 'LESSCLOSE': '/usr/bin/lesspipe %s %s', 'VSCODE_GIT_ASKPASS_EXTRA_ARGS': '', 'JETSON_CUDA_ARCH_BIN': '8.7', 'PWD': '/home/wolfwagen/Undergrad_Minchan_Folder/ROOMBA_PROJECT_1/build/first_roomba_pkg', 'LC_ALL': 'en_US.UTF-8', 'SSH_CONNECTION': '10.152.58.3 60231 10.152.19.83 22', 'XDG_DATA_DIRS': '/usr/share/gnome:/home/wolfwagen/.local/share/flatpak/exports/share:/var/lib/flatpak/exports/share:/usr/local/share:/usr/share:/var/lib/snapd/desktop', 'PYTHONPATH': '/home/wolfwagen/Undergrad_Minchan_Folder/ROOMBA_PROJECT_1/build/first_roomba_pkg/prefix_override:/usr/lib/python3/dist-packages/colcon_core/task/python/colcon_distutils_commands:/home/wolfwagen/Undergrad_Minchan_Folder/ROOMBA_PROJECT_1/install/first_roomba_pkg/lib/python3.10/site-packages:/home/wolfwagen/Undergrad_Minchan_Folder/ROOMBA_PROJECT_1/build/first_roomba_pkg:/home/wolfwagen/Undergrad_Minchan_Folder/ROOMBA_PROJECT_1/install/first_roomba_pkg/lib/python3.10/site-packages:/opt/ros/humble/lib/python3.10/site-packages:/opt/ros/humble/local/lib/python3.10/dist-packages', 'COLCON': '1', 'JETSON_JETPACK': '', 'JETSON_P_NUMBER': 'p3767-0005'}, 'shell': False}
[1.406113] (-) TimerEvent: {}
[1.506638] (-) TimerEvent: {}
[1.607269] (-) TimerEvent: {}
[1.707891] (-) TimerEvent: {}
[1.808528] (-) TimerEvent: {}
[1.909160] (-) TimerEvent: {}
[1.930324] (first_roomba_pkg) StdoutLine: {'line': b'running develop\n'}
[2.009337] (-) TimerEvent: {}
[2.110016] (-) TimerEvent: {}
[2.210679] (-) TimerEvent: {}
[2.257655] (first_roomba_pkg) StdoutLine: {'line': b'running egg_info\n'}
[2.258755] (first_roomba_pkg) StdoutLine: {'line': b'writing first_roomba_pkg.egg-info/PKG-INFO\n'}
[2.259857] (first_roomba_pkg) StdoutLine: {'line': b'writing dependency_links to first_roomba_pkg.egg-info/dependency_links.txt\n'}
[2.260596] (first_roomba_pkg) StdoutLine: {'line': b'writing entry points to first_roomba_pkg.egg-info/entry_points.txt\n'}
[2.261276] (first_roomba_pkg) StdoutLine: {'line': b'writing requirements to first_roomba_pkg.egg-info/requires.txt\n'}
[2.261930] (first_roomba_pkg) StdoutLine: {'line': b'writing top-level names to first_roomba_pkg.egg-info/top_level.txt\n'}
[2.266965] (first_roomba_pkg) StdoutLine: {'line': b"reading manifest file 'first_roomba_pkg.egg-info/SOURCES.txt'\n"}
[2.269362] (first_roomba_pkg) StdoutLine: {'line': b"writing manifest file 'first_roomba_pkg.egg-info/SOURCES.txt'\n"}
[2.310884] (-) TimerEvent: {}
[2.387490] (first_roomba_pkg) StdoutLine: {'line': b'running build_ext\n'}
[2.388689] (first_roomba_pkg) StdoutLine: {'line': b'Creating /home/wolfwagen/Undergrad_Minchan_Folder/ROOMBA_PROJECT_1/install/first_roomba_pkg/lib/python3.10/site-packages/first-roomba-pkg.egg-link (link to .)\n'}
[2.391448] (first_roomba_pkg) StdoutLine: {'line': b'\n'}
[2.391871] (first_roomba_pkg) StdoutLine: {'line': b'Installed /home/wolfwagen/Undergrad_Minchan_Folder/ROOMBA_PROJECT_1/build/first_roomba_pkg\n'}
[2.392374] (first_roomba_pkg) StdoutLine: {'line': b'running symlink_data\n'}
[2.411072] (-) TimerEvent: {}
[2.510626] (first_roomba_pkg) CommandEnded: {'returncode': 0}
[2.511404] (-) TimerEvent: {}
[2.535750] (first_roomba_pkg) JobEnded: {'identifier': 'first_roomba_pkg', 'rc': 0}
[2.611650] (-) TimerEvent: {}
[2.712366] (-) TimerEvent: {}
[2.813097] (-) TimerEvent: {}
[2.914247] (-) TimerEvent: {}
[3.015458] (-) TimerEvent: {}
[3.116685] (-) TimerEvent: {}
[3.217852] (-) TimerEvent: {}
[3.319308] (-) TimerEvent: {}
[3.420759] (-) TimerEvent: {}
[3.522156] (-) TimerEvent: {}
[3.623162] (-) TimerEvent: {}
[3.724185] (-) TimerEvent: {}
[3.825214] (-) TimerEvent: {}
[3.926231] (-) TimerEvent: {}
[4.027244] (-) TimerEvent: {}
[4.128278] (-) TimerEvent: {}
[4.229257] (-) TimerEvent: {}
[4.330287] (-) TimerEvent: {}
[4.431279] (-) TimerEvent: {}
[4.532290] (-) TimerEvent: {}
[4.633028] (-) TimerEvent: {}
[4.733773] (-) TimerEvent: {}
[4.834477] (-) TimerEvent: {}
[4.935216] (-) TimerEvent: {}
[5.035959] (-) TimerEvent: {}
[5.136698] (-) TimerEvent: {}
[5.237395] (-) TimerEvent: {}
[5.338113] (-) TimerEvent: {}
[5.438823] (-) TimerEvent: {}
[5.539790] (-) TimerEvent: {}
[5.640781] (-) TimerEvent: {}
[5.741804] (-) TimerEvent: {}
[5.842811] (-) TimerEvent: {}
[5.943840] (-) TimerEvent: {}
[6.044858] (-) TimerEvent: {}
[6.145904] (-) TimerEvent: {}
[6.246914] (-) TimerEvent: {}
[6.347940] (-) TimerEvent: {}
[6.448986] (-) TimerEvent: {}
[6.550023] (-) TimerEvent: {}
[6.651016] (-) TimerEvent: {}
[6.752095] (-) TimerEvent: {}
[6.853085] (-) TimerEvent: {}
[6.954095] (-) TimerEvent: {}
[7.054801] (-) TimerEvent: {}
[7.155522] (-) TimerEvent: {}
[7.256231] (-) TimerEvent: {}
[7.356904] (-) TimerEvent: {}
[7.457628] (-) TimerEvent: {}
[7.558309] (-) TimerEvent: {}
[7.659266] (-) TimerEvent: {}
[7.759963] (-) TimerEvent: {}
[7.860689] (-) TimerEvent: {}
[7.961446] (-) TimerEvent: {}
[8.062167] (-) TimerEvent: {}
[8.162895] (-) TimerEvent: {}
[8.263869] (-) TimerEvent: {}
[8.364924] (-) TimerEvent: {}
[8.465970] (-) TimerEvent: {}
[8.567025] (-) TimerEvent: {}
[8.667751] (-) TimerEvent: {}
[8.768456] (-) TimerEvent: {}
[8.869172] (-) TimerEvent: {}
[8.969935] (-) TimerEvent: {}
[9.070661] (-) TimerEvent: {}
[9.171380] (-) TimerEvent: {}
[9.272091] (-) TimerEvent: {}
[9.372803] (-) TimerEvent: {}
[9.473546] (-) TimerEvent: {}
[9.574263] (-) TimerEvent: {}
[9.674982] (-) TimerEvent: {}
[9.775981] (-) TimerEvent: {}
[9.876939] (-) TimerEvent: {}
[9.977710] (-) TimerEvent: {}
[10.078429] (-) TimerEvent: {}
[10.110623] (zed_components) StderrLine: {'line': b'\x1b[01m\x1b[K/home/wolfwagen/Undergrad_Minchan_Folder/ROOMBA_PROJECT_1/roomba_src/zed-ros2-wrapper/zed_components/src/zed_camera/src/zed_camera_component_objdet.cpp:\x1b[m\x1b[K In member function \xe2\x80\x98\x1b[01m\x1b[Kvoid stereolabs::ZedCamera::getCustomOdParams()\x1b[m\x1b[K\xe2\x80\x99:\n'}
[10.111596] (zed_components) StderrLine: {'line': b'\x1b[01m\x1b[K/home/wolfwagen/Undergrad_Minchan_Folder/ROOMBA_PROJECT_1/roomba_src/zed-ros2-wrapper/zed_components/src/zed_camera/src/zed_camera_component_objdet.cpp:285:26:\x1b[m\x1b[K \x1b[01;31m\x1b[Kerror: \x1b[m\x1b[K\xe2\x80\x98\x1b[01m\x1b[Kstruct sl::CustomObjectDetectionProperties\x1b[m\x1b[K\xe2\x80\x99 has no member named \xe2\x80\x98\x1b[01m\x1b[Kmax_box_width_meters\x1b[m\x1b[K\xe2\x80\x99\n'}
[10.112196] (zed_components) StderrLine: {'line': b'  285 |       customOdProperties.\x1b[01;31m\x1b[Kmax_box_width_meters\x1b[m\x1b[K, customOdProperties.max_box_width_meters,\n'}
[10.112847] (zed_components) StderrLine: {'line': b'      |                          \x1b[01;31m\x1b[K^~~~~~~~~~~~~~~~~~~~\x1b[m\x1b[K\n'}
[10.113334] (zed_components) StderrLine: {'line': b'\x1b[01m\x1b[K/home/wolfwagen/Undergrad_Minchan_Folder/ROOMBA_PROJECT_1/roomba_src/zed-ros2-wrapper/zed_components/src/zed_camera/src/zed_camera_component_objdet.cpp:285:67:\x1b[m\x1b[K \x1b[01;31m\x1b[Kerror: \x1b[m\x1b[K\xe2\x80\x98\x1b[01m\x1b[Kstruct sl::CustomObjectDetectionProperties\x1b[m\x1b[K\xe2\x80\x99 has no member named \xe2\x80\x98\x1b[01m\x1b[Kmax_box_width_meters\x1b[m\x1b[K\xe2\x80\x99\n'}
[10.113516] (zed_components) StderrLine: {'line': b'  285 |       customOdProperties.max_box_width_meters, customOdProperties.\x1b[01;31m\x1b[Kmax_box_width_meters\x1b[m\x1b[K,\n'}
[10.114444] (zed_components) StderrLine: {'line': b'      |                                                                   \x1b[01;31m\x1b[K^~~~~~~~~~~~~~~~~~~~\x1b[m\x1b[K\n'}
[10.114593] (zed_components) StderrLine: {'line': b'\x1b[01m\x1b[K/home/wolfwagen/Undergrad_Minchan_Folder/ROOMBA_PROJECT_1/roomba_src/zed-ros2-wrapper/zed_components/src/zed_camera/src/zed_camera_component_objdet.cpp:291:26:\x1b[m\x1b[K \x1b[01;31m\x1b[Kerror: \x1b[m\x1b[K\xe2\x80\x98\x1b[01m\x1b[Kstruct sl::CustomObjectDetectionProperties\x1b[m\x1b[K\xe2\x80\x99 has no member named \xe2\x80\x98\x1b[01m\x1b[Kmin_box_width_meters\x1b[m\x1b[K\xe2\x80\x99\n'}
[10.114762] (zed_components) StderrLine: {'line': b'  291 |       customOdProperties.\x1b[01;31m\x1b[Kmin_box_width_meters\x1b[m\x1b[K, customOdProperties.min_box_width_meters,\n'}
[10.115884] (zed_components) StderrLine: {'line': b'      |                          \x1b[01;31m\x1b[K^~~~~~~~~~~~~~~~~~~~\x1b[m\x1b[K\n'}
[10.116023] (zed_components) StderrLine: {'line': b'\x1b[01m\x1b[K/home/wolfwagen/Undergrad_Minchan_Folder/ROOMBA_PROJECT_1/roomba_src/zed-ros2-wrapper/zed_components/src/zed_camera/src/zed_camera_component_objdet.cpp:291:67:\x1b[m\x1b[K \x1b[01;31m\x1b[Kerror: \x1b[m\x1b[K\xe2\x80\x98\x1b[01m\x1b[Kstruct sl::CustomObjectDetectionProperties\x1b[m\x1b[K\xe2\x80\x99 has no member named \xe2\x80\x98\x1b[01m\x1b[Kmin_box_width_meters\x1b[m\x1b[K\xe2\x80\x99\n'}
[10.116151] (zed_components) StderrLine: {'line': b'  291 |       customOdProperties.min_box_width_meters, customOdProperties.\x1b[01;31m\x1b[Kmin_box_width_meters\x1b[m\x1b[K,\n'}
[10.116266] (zed_components) StderrLine: {'line': b'      |                                                                   \x1b[01;31m\x1b[K^~~~~~~~~~~~~~~~~~~~\x1b[m\x1b[K\n'}
[10.116380] (zed_components) StderrLine: {'line': b'\x1b[01m\x1b[K/home/wolfwagen/Undergrad_Minchan_Folder/ROOMBA_PROJECT_1/roomba_src/zed-ros2-wrapper/zed_components/src/zed_camera/src/zed_camera_component_objdet.cpp:297:26:\x1b[m\x1b[K \x1b[01;31m\x1b[Kerror: \x1b[m\x1b[K\xe2\x80\x98\x1b[01m\x1b[Kstruct sl::CustomObjectDetectionProperties\x1b[m\x1b[K\xe2\x80\x99 has no member named \xe2\x80\x98\x1b[01m\x1b[Kmax_box_height_meters\x1b[m\x1b[K\xe2\x80\x99; did you mean \xe2\x80\x98\x1b[01m\x1b[Kmax_box_height_normalized\x1b[m\x1b[K\xe2\x80\x99?\n'}
[10.116498] (zed_components) StderrLine: {'line': b'  297 |       customOdProperties.\x1b[01;31m\x1b[Kmax_box_height_meters\x1b[m\x1b[K, customOdProperties.max_box_height_meters, std::string(\n'}
[10.116640] (zed_components) StderrLine: {'line': b'      |                          \x1b[01;31m\x1b[K^~~~~~~~~~~~~~~~~~~~~\x1b[m\x1b[K\n'}
[10.116756] (zed_components) StderrLine: {'line': b'      |                          \x1b[32m\x1b[Kmax_box_height_normalized\x1b[m\x1b[K\n'}
[10.116865] (zed_components) StderrLine: {'line': b'\x1b[01m\x1b[K/home/wolfwagen/Undergrad_Minchan_Folder/ROOMBA_PROJECT_1/roomba_src/zed-ros2-wrapper/zed_components/src/zed_camera/src/zed_camera_component_objdet.cpp:297:68:\x1b[m\x1b[K \x1b[01;31m\x1b[Kerror: \x1b[m\x1b[K\xe2\x80\x98\x1b[01m\x1b[Kstruct sl::CustomObjectDetectionProperties\x1b[m\x1b[K\xe2\x80\x99 has no member named \xe2\x80\x98\x1b[01m\x1b[Kmax_box_height_meters\x1b[m\x1b[K\xe2\x80\x99; did you mean \xe2\x80\x98\x1b[01m\x1b[Kmax_box_height_normalized\x1b[m\x1b[K\xe2\x80\x99?\n'}
[10.116981] (zed_components) StderrLine: {'line': b'  297 |       customOdProperties.max_box_height_meters, customOdProperties.\x1b[01;31m\x1b[Kmax_box_height_meters\x1b[m\x1b[K, std::string(\n'}
[10.117115] (zed_components) StderrLine: {'line': b'      |                                                                    \x1b[01;31m\x1b[K^~~~~~~~~~~~~~~~~~~~~\x1b[m\x1b[K\n'}
[10.117226] (zed_components) StderrLine: {'line': b'      |                                                                    \x1b[32m\x1b[Kmax_box_height_normalized\x1b[m\x1b[K\n'}
[10.117335] (zed_components) StderrLine: {'line': b'\x1b[01m\x1b[K/home/wolfwagen/Undergrad_Minchan_Folder/ROOMBA_PROJECT_1/roomba_src/zed-ros2-wrapper/zed_components/src/zed_camera/src/zed_camera_component_objdet.cpp:303:26:\x1b[m\x1b[K \x1b[01;31m\x1b[Kerror: \x1b[m\x1b[K\xe2\x80\x98\x1b[01m\x1b[Kstruct sl::CustomObjectDetectionProperties\x1b[m\x1b[K\xe2\x80\x99 has no member named \xe2\x80\x98\x1b[01m\x1b[Kmax_allowed_acceleration\x1b[m\x1b[K\xe2\x80\x99\n'}
[10.117517] (zed_components) StderrLine: {'line': b'  303 |       customOdProperties.\x1b[01;31m\x1b[Kmax_allowed_acceleration\x1b[m\x1b[K, customOdProperties.max_allowed_acceleration, std::string(\n'}
[10.117651] (zed_components) StderrLine: {'line': b'      |                          \x1b[01;31m\x1b[K^~~~~~~~~~~~~~~~~~~~~~~~\x1b[m\x1b[K\n'}
[10.117764] (zed_components) StderrLine: {'line': b'\x1b[01m\x1b[K/home/wolfwagen/Undergrad_Minchan_Folder/ROOMBA_PROJECT_1/roomba_src/zed-ros2-wrapper/zed_components/src/zed_camera/src/zed_camera_component_objdet.cpp:303:71:\x1b[m\x1b[K \x1b[01;31m\x1b[Kerror: \x1b[m\x1b[K\xe2\x80\x98\x1b[01m\x1b[Kstruct sl::CustomObjectDetectionProperties\x1b[m\x1b[K\xe2\x80\x99 has no member named \xe2\x80\x98\x1b[01m\x1b[Kmax_allowed_acceleration\x1b[m\x1b[K\xe2\x80\x99\n'}
[10.117880] (zed_components) StderrLine: {'line': b'  303 |       customOdProperties.max_allowed_acceleration, customOdProperties.\x1b[01;31m\x1b[Kmax_allowed_acceleration\x1b[m\x1b[K, std::string(\n'}
[10.117988] (zed_components) StderrLine: {'line': b'      |                                                                       \x1b[01;31m\x1b[K^~~~~~~~~~~~~~~~~~~~~~~~\x1b[m\x1b[K\n'}
[10.118095] (zed_components) StderrLine: {'line': b'\x1b[01m\x1b[K/home/wolfwagen/Undergrad_Minchan_Folder/ROOMBA_PROJECT_1/roomba_src/zed-ros2-wrapper/zed_components/src/zed_camera/src/zed_camera_component_objdet.cpp:309:26:\x1b[m\x1b[K \x1b[01;31m\x1b[Kerror: \x1b[m\x1b[K\xe2\x80\x98\x1b[01m\x1b[Kstruct sl::CustomObjectDetectionProperties\x1b[m\x1b[K\xe2\x80\x99 has no member named \xe2\x80\x98\x1b[01m\x1b[Kobject_tracking_parameters\x1b[m\x1b[K\xe2\x80\x99\n'}
[10.118206] (zed_components) StderrLine: {'line': b'  309 |       customOdProperties.\x1b[01;31m\x1b[Kobject_tracking_parameters\x1b[m\x1b[K.velocity_smoothing_factor, customOdProperties.object_tracking_parameters.velocity_smoothing_factor, std::string(\n'}
[10.118315] (zed_components) StderrLine: {'line': b'      |                          \x1b[01;31m\x1b[K^~~~~~~~~~~~~~~~~~~~~~~~~~\x1b[m\x1b[K\n'}
[10.118421] (zed_components) StderrLine: {'line': b'\x1b[01m\x1b[K/home/wolfwagen/Undergrad_Minchan_Folder/ROOMBA_PROJECT_1/roomba_src/zed-ros2-wrapper/zed_components/src/zed_camera/src/zed_camera_component_objdet.cpp:309:99:\x1b[m\x1b[K \x1b[01;31m\x1b[Kerror: \x1b[m\x1b[K\xe2\x80\x98\x1b[01m\x1b[Kstruct sl::CustomObjectDetectionProperties\x1b[m\x1b[K\xe2\x80\x99 has no member named \xe2\x80\x98\x1b[01m\x1b[Kobject_tracking_parameters\x1b[m\x1b[K\xe2\x80\x99\n'}
[10.118531] (zed_components) StderrLine: {'line': b'  309 |       customOdProperties.object_tracking_parameters.velocity_smoothing_factor, customOdProperties.\x1b[01;31m\x1b[Kobject_tracking_parameters\x1b[m\x1b[K.velocity_smoothing_factor, std::string(\n'}
[10.118639] (zed_components) StderrLine: {'line': b'      |                                                                                                   \x1b[01;31m\x1b[K^~~~~~~~~~~~~~~~~~~~~~~~~~\x1b[m\x1b[K\n'}
[10.118750] (zed_components) StderrLine: {'line': b'\x1b[01m\x1b[K/home/wolfwagen/Undergrad_Minchan_Folder/ROOMBA_PROJECT_1/roomba_src/zed-ros2-wrapper/zed_components/src/zed_camera/src/zed_camera_component_objdet.cpp:315:26:\x1b[m\x1b[K \x1b[01;31m\x1b[Kerror: \x1b[m\x1b[K\xe2\x80\x98\x1b[01m\x1b[Kstruct sl::CustomObjectDetectionProperties\x1b[m\x1b[K\xe2\x80\x99 has no member named \xe2\x80\x98\x1b[01m\x1b[Kobject_tracking_parameters\x1b[m\x1b[K\xe2\x80\x99\n'}
[10.118863] (zed_components) StderrLine: {'line': b'  315 |       customOdProperties.\x1b[01;31m\x1b[Kobject_tracking_parameters\x1b[m\x1b[K.min_velocity_threshold, customOdProperties.object_tracking_parameters.min_velocity_threshold, std::string(\n'}
[10.118970] (zed_components) StderrLine: {'line': b'      |                          \x1b[01;31m\x1b[K^~~~~~~~~~~~~~~~~~~~~~~~~~\x1b[m\x1b[K\n'}
[10.119076] (zed_components) StderrLine: {'line': b'\x1b[01m\x1b[K/home/wolfwagen/Undergrad_Minchan_Folder/ROOMBA_PROJECT_1/roomba_src/zed-ros2-wrapper/zed_components/src/zed_camera/src/zed_camera_component_objdet.cpp:315:96:\x1b[m\x1b[K \x1b[01;31m\x1b[Kerror: \x1b[m\x1b[K\xe2\x80\x98\x1b[01m\x1b[Kstruct sl::CustomObjectDetectionProperties\x1b[m\x1b[K\xe2\x80\x99 has no member named \xe2\x80\x98\x1b[01m\x1b[Kobject_tracking_parameters\x1b[m\x1b[K\xe2\x80\x99\n'}
[10.119217] (zed_components) StderrLine: {'line': b'  315 |       customOdProperties.object_tracking_parameters.min_velocity_threshold, customOdProperties.\x1b[01;31m\x1b[Kobject_tracking_parameters\x1b[m\x1b[K.min_velocity_threshold, std::string(\n'}
[10.119328] (zed_components) StderrLine: {'line': b'      |                                                                                                \x1b[01;31m\x1b[K^~~~~~~~~~~~~~~~~~~~~~~~~~\x1b[m\x1b[K\n'}
[10.119436] (zed_components) StderrLine: {'line': b'\x1b[01m\x1b[K/home/wolfwagen/Undergrad_Minchan_Folder/ROOMBA_PROJECT_1/roomba_src/zed-ros2-wrapper/zed_components/src/zed_camera/src/zed_camera_component_objdet.cpp:321:26:\x1b[m\x1b[K \x1b[01;31m\x1b[Kerror: \x1b[m\x1b[K\xe2\x80\x98\x1b[01m\x1b[Kstruct sl::CustomObjectDetectionProperties\x1b[m\x1b[K\xe2\x80\x99 has no member named \xe2\x80\x98\x1b[01m\x1b[Kobject_tracking_parameters\x1b[m\x1b[K\xe2\x80\x99\n'}
[10.119560] (zed_components) StderrLine: {'line': b'  321 |       customOdProperties.\x1b[01;31m\x1b[Kobject_tracking_parameters\x1b[m\x1b[K.prediction_timeout_s, customOdProperties.object_tracking_parameters.prediction_timeout_s, std::string(\n'}
[10.119669] (zed_components) StderrLine: {'line': b'      |                          \x1b[01;31m\x1b[K^~~~~~~~~~~~~~~~~~~~~~~~~~\x1b[m\x1b[K\n'}
[10.119775] (zed_components) StderrLine: {'line': b'\x1b[01m\x1b[K/home/wolfwagen/Undergrad_Minchan_Folder/ROOMBA_PROJECT_1/roomba_src/zed-ros2-wrapper/zed_components/src/zed_camera/src/zed_camera_component_objdet.cpp:321:94:\x1b[m\x1b[K \x1b[01;31m\x1b[Kerror: \x1b[m\x1b[K\xe2\x80\x98\x1b[01m\x1b[Kstruct sl::CustomObjectDetectionProperties\x1b[m\x1b[K\xe2\x80\x99 has no member named \xe2\x80\x98\x1b[01m\x1b[Kobject_tracking_parameters\x1b[m\x1b[K\xe2\x80\x99\n'}
[10.119899] (zed_components) StderrLine: {'line': b'  321 |       customOdProperties.object_tracking_parameters.prediction_timeout_s, customOdProperties.\x1b[01;31m\x1b[Kobject_tracking_parameters\x1b[m\x1b[K.prediction_timeout_s, std::string(\n'}
[10.120006] (zed_components) StderrLine: {'line': b'      |                                                                                              \x1b[01;31m\x1b[K^~~~~~~~~~~~~~~~~~~~~~~~~~\x1b[m\x1b[K\n'}
[10.120114] (zed_components) StderrLine: {'line': b'\x1b[01m\x1b[K/home/wolfwagen/Undergrad_Minchan_Folder/ROOMBA_PROJECT_1/roomba_src/zed-ros2-wrapper/zed_components/src/zed_camera/src/zed_camera_component_objdet.cpp:327:26:\x1b[m\x1b[K \x1b[01;31m\x1b[Kerror: \x1b[m\x1b[K\xe2\x80\x98\x1b[01m\x1b[Kstruct sl::CustomObjectDetectionProperties\x1b[m\x1b[K\xe2\x80\x99 has no member named \xe2\x80\x98\x1b[01m\x1b[Kobject_tracking_parameters\x1b[m\x1b[K\xe2\x80\x99\n'}
[10.120224] (zed_components) StderrLine: {'line': b'  327 |       customOdProperties.\x1b[01;31m\x1b[Kobject_tracking_parameters\x1b[m\x1b[K.min_confirmation_time_s, customOdProperties.object_tracking_parameters.min_confirmation_time_s, std::string(\n'}
[10.120333] (zed_components) StderrLine: {'line': b'      |                          \x1b[01;31m\x1b[K^~~~~~~~~~~~~~~~~~~~~~~~~~\x1b[m\x1b[K\n'}
[10.120441] (zed_components) StderrLine: {'line': b'\x1b[01m\x1b[K/home/wolfwagen/Undergrad_Minchan_Folder/ROOMBA_PROJECT_1/roomba_src/zed-ros2-wrapper/zed_components/src/zed_camera/src/zed_camera_component_objdet.cpp:327:97:\x1b[m\x1b[K \x1b[01;31m\x1b[Kerror: \x1b[m\x1b[K\xe2\x80\x98\x1b[01m\x1b[Kstruct sl::CustomObjectDetectionProperties\x1b[m\x1b[K\xe2\x80\x99 has no member named \xe2\x80\x98\x1b[01m\x1b[Kobject_tracking_parameters\x1b[m\x1b[K\xe2\x80\x99\n'}
[10.120553] (zed_components) StderrLine: {'line': b'  327 |       customOdProperties.object_tracking_parameters.min_confirmation_time_s, customOdProperties.\x1b[01;31m\x1b[Kobject_tracking_parameters\x1b[m\x1b[K.min_confirmation_time_s, std::string(\n'}
[10.120673] (zed_components) StderrLine: {'line': b'      |                                                                                                 \x1b[01;31m\x1b[K^~~~~~~~~~~~~~~~~~~~~~~~~~\x1b[m\x1b[K\n'}
[10.120781] (zed_components) StderrLine: {'line': b'\x1b[01m\x1b[K/home/wolfwagen/Undergrad_Minchan_Folder/ROOMBA_PROJECT_1/roomba_src/zed-ros2-wrapper/zed_components/src/zed_camera/src/zed_camera_component_objdet.cpp:334:11:\x1b[m\x1b[K \x1b[01;31m\x1b[Kerror: \x1b[m\x1b[K\xe2\x80\x98\x1b[01m\x1b[Ksl::OBJECT_ACCELERATION_PRESET\x1b[m\x1b[K\xe2\x80\x99 has not been declared\n'}
[10.120889] (zed_components) StderrLine: {'line': b'  334 |       sl::\x1b[01;31m\x1b[KOBJECT_ACCELERATION_PRESET\x1b[m\x1b[K::DEFAULT,\n'}
[10.120995] (zed_components) StderrLine: {'line': b'      |           \x1b[01;31m\x1b[K^~~~~~~~~~~~~~~~~~~~~~~~~~\x1b[m\x1b[K\n'}
[10.121099] (zed_components) StderrLine: {'line': b'\x1b[01m\x1b[K/home/wolfwagen/Undergrad_Minchan_Folder/ROOMBA_PROJECT_1/roomba_src/zed-ros2-wrapper/zed_components/src/zed_camera/src/zed_camera_component_objdet.cpp:335:11:\x1b[m\x1b[K \x1b[01;31m\x1b[Kerror: \x1b[m\x1b[K\xe2\x80\x98\x1b[01m\x1b[Ksl::OBJECT_ACCELERATION_PRESET\x1b[m\x1b[K\xe2\x80\x99 has not been declared\n'}
[10.121206] (zed_components) StderrLine: {'line': b'  335 |       sl::\x1b[01;31m\x1b[KOBJECT_ACCELERATION_PRESET\x1b[m\x1b[K::LAST,\n'}
[10.121310] (zed_components) StderrLine: {'line': b'      |           \x1b[01;31m\x1b[K^~~~~~~~~~~~~~~~~~~~~~~~~~\x1b[m\x1b[K\n'}
[10.121463] (zed_components) StderrLine: {'line': b'\x1b[01m\x1b[K/home/wolfwagen/Undergrad_Minchan_Folder/ROOMBA_PROJECT_1/roomba_src/zed-ros2-wrapper/zed_components/src/zed_camera/src/zed_camera_component_objdet.cpp:336:26:\x1b[m\x1b[K \x1b[01;31m\x1b[Kerror: \x1b[m\x1b[K\xe2\x80\x98\x1b[01m\x1b[Kstruct sl::CustomObjectDetectionProperties\x1b[m\x1b[K\xe2\x80\x99 has no member named \xe2\x80\x98\x1b[01m\x1b[Kobject_tracking_parameters\x1b[m\x1b[K\xe2\x80\x99\n'}
[10.121593] (zed_components) StderrLine: {'line': b'  336 |       customOdProperties.\x1b[01;31m\x1b[Kobject_tracking_parameters\x1b[m\x1b[K.object_acceleration_preset,\n'}
[10.121704] (zed_components) StderrLine: {'line': b'      |                          \x1b[01;31m\x1b[K^~~~~~~~~~~~~~~~~~~~~~~~~~\x1b[m\x1b[K\n'}
[10.178646] (-) TimerEvent: {}
[10.209987] (zed_components) StderrLine: {'line': b'\x1b[01m\x1b[K/home/wolfwagen/Undergrad_Minchan_Folder/ROOMBA_PROJECT_1/roomba_src/zed-ros2-wrapper/zed_components/src/zed_camera/src/zed_camera_component_objdet.cpp:\x1b[m\x1b[K In member function \xe2\x80\x98\x1b[01m\x1b[Kbool stereolabs::ZedCamera::handleCustomOdDynamicParams(const rclcpp::Parameter&, rcl_interfaces::msg::SetParametersResult&)\x1b[m\x1b[K\xe2\x80\x99:\n'}
[10.210501] (zed_components) StderrLine: {'line': b'\x1b[01m\x1b[K/home/wolfwagen/Undergrad_Minchan_Folder/ROOMBA_PROJECT_1/roomba_src/zed-ros2-wrapper/zed_components/src/zed_camera/src/zed_camera_component_objdet.cpp:803:35:\x1b[m\x1b[K \x1b[01;31m\x1b[Kerror: \x1b[m\x1b[K\xe2\x80\x98\x1b[01m\x1b[Kstd::unordered_map<int, sl::CustomObjectDetectionProperties>::mapped_type\x1b[m\x1b[K\xe2\x80\x99 {aka \xe2\x80\x98\x1b[01m\x1b[Kstruct sl::CustomObjectDetectionProperties\x1b[m\x1b[K\xe2\x80\x99} has no member named \xe2\x80\x98\x1b[01m\x1b[Kmax_box_width_meters\x1b[m\x1b[K\xe2\x80\x99\n'}
[10.210950] (zed_components) StderrLine: {'line': b'  803 |     mCustomOdProperties[class_id].\x1b[01;31m\x1b[Kmax_box_width_meters\x1b[m\x1b[K = param.as_double();\n'}
[10.211119] (zed_components) StderrLine: {'line': b'      |                                   \x1b[01;31m\x1b[K^~~~~~~~~~~~~~~~~~~~\x1b[m\x1b[K\n'}
[10.211247] (zed_components) StderrLine: {'line': b'In file included from \x1b[01m\x1b[K/opt/ros/humble/include/rclcpp/rclcpp/client.hpp:40\x1b[m\x1b[K,\n'}
[10.211367] (zed_components) StderrLine: {'line': b'                 from \x1b[01m\x1b[K/opt/ros/humble/include/rclcpp/rclcpp/callback_group.hpp:24\x1b[m\x1b[K,\n'}
[10.211707] (zed_components) StderrLine: {'line': b'                 from \x1b[01m\x1b[K/opt/ros/humble/include/rclcpp/rclcpp/any_executable.hpp:20\x1b[m\x1b[K,\n'}
[10.211841] (zed_components) StderrLine: {'line': b'                 from \x1b[01m\x1b[K/opt/ros/humble/include/rclcpp/rclcpp/memory_strategy.hpp:25\x1b[m\x1b[K,\n'}
[10.211952] (zed_components) StderrLine: {'line': b'                 from \x1b[01m\x1b[K/opt/ros/humble/include/rclcpp/rclcpp/memory_strategies.hpp:18\x1b[m\x1b[K,\n'}
[10.212062] (zed_components) StderrLine: {'line': b'                 from \x1b[01m\x1b[K/opt/ros/humble/include/rclcpp/rclcpp/executor_options.hpp:20\x1b[m\x1b[K,\n'}
[10.212171] (zed_components) StderrLine: {'line': b'                 from \x1b[01m\x1b[K/opt/ros/humble/include/rclcpp/rclcpp/executor.hpp:37\x1b[m\x1b[K,\n'}
[10.212280] (zed_components) StderrLine: {'line': b'                 from \x1b[01m\x1b[K/opt/ros/humble/include/rclcpp/rclcpp/executors/multi_threaded_executor.hpp:25\x1b[m\x1b[K,\n'}
[10.212387] (zed_components) StderrLine: {'line': b'                 from \x1b[01m\x1b[K/opt/ros/humble/include/rclcpp/rclcpp/executors.hpp:21\x1b[m\x1b[K,\n'}
[10.212491] (zed_components) StderrLine: {'line': b'                 from \x1b[01m\x1b[K/opt/ros/humble/include/rclcpp/rclcpp/rclcpp.hpp:155\x1b[m\x1b[K,\n'}
[10.212597] (zed_components) StderrLine: {'line': b'                 from \x1b[01m\x1b[K/home/wolfwagen/Undergrad_Minchan_Folder/ROOMBA_PROJECT_1/roomba_src/zed-ros2-wrapper/zed_components/src/tools/include/sl_tools.hpp:22\x1b[m\x1b[K,\n'}
[10.212706] (zed_components) StderrLine: {'line': b'                 from \x1b[01m\x1b[K/home/wolfwagen/Undergrad_Minchan_Folder/ROOMBA_PROJECT_1/roomba_src/zed-ros2-wrapper/zed_components/src/zed_camera/include/zed_camera_component.hpp:27\x1b[m\x1b[K,\n'}
[10.212818] (zed_components) StderrLine: {'line': b'                 from \x1b[01m\x1b[K/home/wolfwagen/Undergrad_Minchan_Folder/ROOMBA_PROJECT_1/roomba_src/zed-ros2-wrapper/zed_components/src/zed_camera/src/zed_camera_component_objdet.cpp:15\x1b[m\x1b[K:\n'}
[10.212930] (zed_components) StderrLine: {'line': b'\x1b[01m\x1b[K/home/wolfwagen/Undergrad_Minchan_Folder/ROOMBA_PROJECT_1/roomba_src/zed-ros2-wrapper/zed_components/src/zed_camera/src/zed_camera_component_objdet.cpp:808:42:\x1b[m\x1b[K \x1b[01;31m\x1b[Kerror: \x1b[m\x1b[K\xe2\x80\x98\x1b[01m\x1b[Kstd::unordered_map<int, sl::CustomObjectDetectionProperties>::mapped_type\x1b[m\x1b[K\xe2\x80\x99 {aka \xe2\x80\x98\x1b[01m\x1b[Kstruct sl::CustomObjectDetectionProperties\x1b[m\x1b[K\xe2\x80\x99} has no member named \xe2\x80\x98\x1b[01m\x1b[Kmax_box_width_meters\x1b[m\x1b[K\xe2\x80\x99\n'}
[10.213048] (zed_components) StderrLine: {'line': b'  808 |         << mCustomOdProperties[class_id].\x1b[01;31m\x1b[Kmax_box_width_meters\x1b[m\x1b[K);\n'}
[10.213276] (zed_components) StderrLine: {'line': b'      |                                          \x1b[01;31m\x1b[K^~~~~~~~~~~~~~~~~~~~\x1b[m\x1b[K\n'}
[10.213398] (zed_components) StderrLine: {'line': b'\x1b[01m\x1b[K/home/wolfwagen/Undergrad_Minchan_Folder/ROOMBA_PROJECT_1/roomba_src/zed-ros2-wrapper/zed_components/src/zed_camera/src/zed_camera_component_objdet.cpp:805:5:\x1b[m\x1b[K \x1b[01;36m\x1b[Knote: \x1b[m\x1b[Kin expansion of macro \xe2\x80\x98\x1b[01m\x1b[KDEBUG_STREAM_DYN_PARAMS\x1b[m\x1b[K\xe2\x80\x99\n'}
[10.213568] (zed_components) StderrLine: {'line': b'  805 |     \x1b[01;36m\x1b[KDEBUG_STREAM_DYN_PARAMS\x1b[m\x1b[K(\n'}
[10.213685] (zed_components) StderrLine: {'line': b'      |     \x1b[01;36m\x1b[K^~~~~~~~~~~~~~~~~~~~~~~\x1b[m\x1b[K\n'}
[10.213792] (zed_components) StderrLine: {'line': b'\x1b[01m\x1b[K/home/wolfwagen/Undergrad_Minchan_Folder/ROOMBA_PROJECT_1/roomba_src/zed-ros2-wrapper/zed_components/src/zed_camera/src/zed_camera_component_objdet.cpp:819:35:\x1b[m\x1b[K \x1b[01;31m\x1b[Kerror: \x1b[m\x1b[K\xe2\x80\x98\x1b[01m\x1b[Kstd::unordered_map<int, sl::CustomObjectDetectionProperties>::mapped_type\x1b[m\x1b[K\xe2\x80\x99 {aka \xe2\x80\x98\x1b[01m\x1b[Kstruct sl::CustomObjectDetectionProperties\x1b[m\x1b[K\xe2\x80\x99} has no member named \xe2\x80\x98\x1b[01m\x1b[Kmin_box_width_meters\x1b[m\x1b[K\xe2\x80\x99\n'}
[10.213927] (zed_components) StderrLine: {'line': b'  819 |     mCustomOdProperties[class_id].\x1b[01;31m\x1b[Kmin_box_width_meters\x1b[m\x1b[K = param.as_double();\n'}
[10.214194] (zed_components) StderrLine: {'line': b'      |                                   \x1b[01;31m\x1b[K^~~~~~~~~~~~~~~~~~~~\x1b[m\x1b[K\n'}
[10.214392] (zed_components) StderrLine: {'line': b'In file included from \x1b[01m\x1b[K/opt/ros/humble/include/rclcpp/rclcpp/client.hpp:40\x1b[m\x1b[K,\n'}
[10.214532] (zed_components) StderrLine: {'line': b'                 from \x1b[01m\x1b[K/opt/ros/humble/include/rclcpp/rclcpp/callback_group.hpp:24\x1b[m\x1b[K,\n'}
[10.214660] (zed_components) StderrLine: {'line': b'                 from \x1b[01m\x1b[K/opt/ros/humble/include/rclcpp/rclcpp/any_executable.hpp:20\x1b[m\x1b[K,\n'}
[10.214777] (zed_components) StderrLine: {'line': b'                 from \x1b[01m\x1b[K/opt/ros/humble/include/rclcpp/rclcpp/memory_strategy.hpp:25\x1b[m\x1b[K,\n'}
[10.214890] (zed_components) StderrLine: {'line': b'                 from \x1b[01m\x1b[K/opt/ros/humble/include/rclcpp/rclcpp/memory_strategies.hpp:18\x1b[m\x1b[K,\n'}
[10.215033] (zed_components) StderrLine: {'line': b'                 from \x1b[01m\x1b[K/opt/ros/humble/include/rclcpp/rclcpp/executor_options.hpp:20\x1b[m\x1b[K,\n'}
[10.215145] (zed_components) StderrLine: {'line': b'                 from \x1b[01m\x1b[K/opt/ros/humble/include/rclcpp/rclcpp/executor.hpp:37\x1b[m\x1b[K,\n'}
[10.215266] (zed_components) StderrLine: {'line': b'                 from \x1b[01m\x1b[K/opt/ros/humble/include/rclcpp/rclcpp/executors/multi_threaded_executor.hpp:25\x1b[m\x1b[K,\n'}
[10.215379] (zed_components) StderrLine: {'line': b'                 from \x1b[01m\x1b[K/opt/ros/humble/include/rclcpp/rclcpp/executors.hpp:21\x1b[m\x1b[K,\n'}
[10.215486] (zed_components) StderrLine: {'line': b'                 from \x1b[01m\x1b[K/opt/ros/humble/include/rclcpp/rclcpp/rclcpp.hpp:155\x1b[m\x1b[K,\n'}
[10.215596] (zed_components) StderrLine: {'line': b'                 from \x1b[01m\x1b[K/home/wolfwagen/Undergrad_Minchan_Folder/ROOMBA_PROJECT_1/roomba_src/zed-ros2-wrapper/zed_components/src/tools/include/sl_tools.hpp:22\x1b[m\x1b[K,\n'}
[10.215707] (zed_components) StderrLine: {'line': b'                 from \x1b[01m\x1b[K/home/wolfwagen/Undergrad_Minchan_Folder/ROOMBA_PROJECT_1/roomba_src/zed-ros2-wrapper/zed_components/src/zed_camera/include/zed_camera_component.hpp:27\x1b[m\x1b[K,\n'}
[10.215837] (zed_components) StderrLine: {'line': b'                 from \x1b[01m\x1b[K/home/wolfwagen/Undergrad_Minchan_Folder/ROOMBA_PROJECT_1/roomba_src/zed-ros2-wrapper/zed_components/src/zed_camera/src/zed_camera_component_objdet.cpp:15\x1b[m\x1b[K:\n'}
[10.215948] (zed_components) StderrLine: {'line': b'\x1b[01m\x1b[K/home/wolfwagen/Undergrad_Minchan_Folder/ROOMBA_PROJECT_1/roomba_src/zed-ros2-wrapper/zed_components/src/zed_camera/src/zed_camera_component_objdet.cpp:824:42:\x1b[m\x1b[K \x1b[01;31m\x1b[Kerror: \x1b[m\x1b[K\xe2\x80\x98\x1b[01m\x1b[Kstd::unordered_map<int, sl::CustomObjectDetectionProperties>::mapped_type\x1b[m\x1b[K\xe2\x80\x99 {aka \xe2\x80\x98\x1b[01m\x1b[Kstruct sl::CustomObjectDetectionProperties\x1b[m\x1b[K\xe2\x80\x99} has no member named \xe2\x80\x98\x1b[01m\x1b[Kmin_box_width_meters\x1b[m\x1b[K\xe2\x80\x99\n'}
[10.216074] (zed_components) StderrLine: {'line': b'  824 |         << mCustomOdProperties[class_id].\x1b[01;31m\x1b[Kmin_box_width_meters\x1b[m\x1b[K);\n'}
[10.216184] (zed_components) StderrLine: {'line': b'      |                                          \x1b[01;31m\x1b[K^~~~~~~~~~~~~~~~~~~~\x1b[m\x1b[K\n'}
[10.216290] (zed_components) StderrLine: {'line': b'\x1b[01m\x1b[K/home/wolfwagen/Undergrad_Minchan_Folder/ROOMBA_PROJECT_1/roomba_src/zed-ros2-wrapper/zed_components/src/zed_camera/src/zed_camera_component_objdet.cpp:821:5:\x1b[m\x1b[K \x1b[01;36m\x1b[Knote: \x1b[m\x1b[Kin expansion of macro \xe2\x80\x98\x1b[01m\x1b[KDEBUG_STREAM_DYN_PARAMS\x1b[m\x1b[K\xe2\x80\x99\n'}
[10.216483] (zed_components) StderrLine: {'line': b'  821 |     \x1b[01;36m\x1b[KDEBUG_STREAM_DYN_PARAMS\x1b[m\x1b[K(\n'}
[10.216722] (zed_components) StderrLine: {'line': b'      |     \x1b[01;36m\x1b[K^~~~~~~~~~~~~~~~~~~~~~~\x1b[m\x1b[K\n'}
[10.216839] (zed_components) StderrLine: {'line': b'\x1b[01m\x1b[K/home/wolfwagen/Undergrad_Minchan_Folder/ROOMBA_PROJECT_1/roomba_src/zed-ros2-wrapper/zed_components/src/zed_camera/src/zed_camera_component_objdet.cpp:834:35:\x1b[m\x1b[K \x1b[01;31m\x1b[Kerror: \x1b[m\x1b[K\xe2\x80\x98\x1b[01m\x1b[Kstd::unordered_map<int, sl::CustomObjectDetectionProperties>::mapped_type\x1b[m\x1b[K\xe2\x80\x99 {aka \xe2\x80\x98\x1b[01m\x1b[Kstruct sl::CustomObjectDetectionProperties\x1b[m\x1b[K\xe2\x80\x99} has no member named \xe2\x80\x98\x1b[01m\x1b[Kmax_box_height_meters\x1b[m\x1b[K\xe2\x80\x99; did you mean \xe2\x80\x98\x1b[01m\x1b[Kmax_box_height_normalized\x1b[m\x1b[K\xe2\x80\x99?\n'}
[10.216961] (zed_components) StderrLine: {'line': b'  834 |     mCustomOdProperties[class_id].\x1b[01;31m\x1b[Kmax_box_height_meters\x1b[m\x1b[K = param.as_double();\n'}
[10.217072] (zed_components) StderrLine: {'line': b'      |                                   \x1b[01;31m\x1b[K^~~~~~~~~~~~~~~~~~~~~\x1b[m\x1b[K\n'}
[10.217198] (zed_components) StderrLine: {'line': b'      |                                   \x1b[32m\x1b[Kmax_box_height_normalized\x1b[m\x1b[K\n'}
[10.217563] (zed_components) StderrLine: {'line': b'In file included from \x1b[01m\x1b[K/opt/ros/humble/include/rclcpp/rclcpp/client.hpp:40\x1b[m\x1b[K,\n'}
[10.217716] (zed_components) StderrLine: {'line': b'                 from \x1b[01m\x1b[K/opt/ros/humble/include/rclcpp/rclcpp/callback_group.hpp:24\x1b[m\x1b[K,\n'}
[10.217836] (zed_components) StderrLine: {'line': b'                 from \x1b[01m\x1b[K/opt/ros/humble/include/rclcpp/rclcpp/any_executable.hpp:20\x1b[m\x1b[K,\n'}
[10.217948] (zed_components) StderrLine: {'line': b'                 from \x1b[01m\x1b[K/opt/ros/humble/include/rclcpp/rclcpp/memory_strategy.hpp:25\x1b[m\x1b[K,\n'}
[10.218058] (zed_components) StderrLine: {'line': b'                 from \x1b[01m\x1b[K/opt/ros/humble/include/rclcpp/rclcpp/memory_strategies.hpp:18\x1b[m\x1b[K,\n'}
[10.218172] (zed_components) StderrLine: {'line': b'                 from \x1b[01m\x1b[K/opt/ros/humble/include/rclcpp/rclcpp/executor_options.hpp:20\x1b[m\x1b[K,\n'}
[10.218279] (zed_components) StderrLine: {'line': b'                 from \x1b[01m\x1b[K/opt/ros/humble/include/rclcpp/rclcpp/executor.hpp:37\x1b[m\x1b[K,\n'}
[10.218385] (zed_components) StderrLine: {'line': b'                 from \x1b[01m\x1b[K/opt/ros/humble/include/rclcpp/rclcpp/executors/multi_threaded_executor.hpp:25\x1b[m\x1b[K,\n'}
[10.218494] (zed_components) StderrLine: {'line': b'                 from \x1b[01m\x1b[K/opt/ros/humble/include/rclcpp/rclcpp/executors.hpp:21\x1b[m\x1b[K,\n'}
[10.218601] (zed_components) StderrLine: {'line': b'                 from \x1b[01m\x1b[K/opt/ros/humble/include/rclcpp/rclcpp/rclcpp.hpp:155\x1b[m\x1b[K,\n'}
[10.218707] (zed_components) StderrLine: {'line': b'                 from \x1b[01m\x1b[K/home/wolfwagen/Undergrad_Minchan_Folder/ROOMBA_PROJECT_1/roomba_src/zed-ros2-wrapper/zed_components/src/tools/include/sl_tools.hpp:22\x1b[m\x1b[K,\n'}
[10.218814] (zed_components) StderrLine: {'line': b'                 from \x1b[01m\x1b[K/home/wolfwagen/Undergrad_Minchan_Folder/ROOMBA_PROJECT_1/roomba_src/zed-ros2-wrapper/zed_components/src/zed_camera/include/zed_camera_component.hpp:27\x1b[m\x1b[K,\n'}
[10.218924] (zed_components) StderrLine: {'line': b'                 from \x1b[01m\x1b[K/home/wolfwagen/Undergrad_Minchan_Folder/ROOMBA_PROJECT_1/roomba_src/zed-ros2-wrapper/zed_components/src/zed_camera/src/zed_camera_component_objdet.cpp:15\x1b[m\x1b[K:\n'}
[10.219060] (zed_components) StderrLine: {'line': b'\x1b[01m\x1b[K/home/wolfwagen/Undergrad_Minchan_Folder/ROOMBA_PROJECT_1/roomba_src/zed-ros2-wrapper/zed_components/src/zed_camera/src/zed_camera_component_objdet.cpp:838:42:\x1b[m\x1b[K \x1b[01;31m\x1b[Kerror: \x1b[m\x1b[K\xe2\x80\x98\x1b[01m\x1b[Kstd::unordered_map<int, sl::CustomObjectDetectionProperties>::mapped_type\x1b[m\x1b[K\xe2\x80\x99 {aka \xe2\x80\x98\x1b[01m\x1b[Kstruct sl::CustomObjectDetectionProperties\x1b[m\x1b[K\xe2\x80\x99} has no member named \xe2\x80\x98\x1b[01m\x1b[Kmax_box_height_meters\x1b[m\x1b[K\xe2\x80\x99; did you mean \xe2\x80\x98\x1b[01m\x1b[Kmax_box_height_normalized\x1b[m\x1b[K\xe2\x80\x99?\n'}
[10.219193] (zed_components) StderrLine: {'line': b'  838 |         << mCustomOdProperties[class_id].\x1b[01;31m\x1b[Kmax_box_height_meters\x1b[m\x1b[K);\n'}
[10.219316] (zed_components) StderrLine: {'line': b'      |                                          \x1b[01;31m\x1b[K^~~~~~~~~~~~~~~~~~~~~\x1b[m\x1b[K\n'}
[10.219425] (zed_components) StderrLine: {'line': b'\x1b[01m\x1b[K/home/wolfwagen/Undergrad_Minchan_Folder/ROOMBA_PROJECT_1/roomba_src/zed-ros2-wrapper/zed_components/src/zed_camera/src/zed_camera_component_objdet.cpp:835:5:\x1b[m\x1b[K \x1b[01;36m\x1b[Knote: \x1b[m\x1b[Kin expansion of macro \xe2\x80\x98\x1b[01m\x1b[KDEBUG_STREAM_DYN_PARAMS\x1b[m\x1b[K\xe2\x80\x99\n'}
[10.219537] (zed_components) StderrLine: {'line': b'  835 |     \x1b[01;36m\x1b[KDEBUG_STREAM_DYN_PARAMS\x1b[m\x1b[K(\n'}
[10.219645] (zed_components) StderrLine: {'line': b'      |     \x1b[01;36m\x1b[K^~~~~~~~~~~~~~~~~~~~~~~\x1b[m\x1b[K\n'}
[10.219915] (zed_components) StderrLine: {'line': b'\x1b[01m\x1b[K/home/wolfwagen/Undergrad_Minchan_Folder/ROOMBA_PROJECT_1/roomba_src/zed-ros2-wrapper/zed_components/src/zed_camera/src/zed_camera_component_objdet.cpp:849:35:\x1b[m\x1b[K \x1b[01;31m\x1b[Kerror: \x1b[m\x1b[K\xe2\x80\x98\x1b[01m\x1b[Kstd::unordered_map<int, sl::CustomObjectDetectionProperties>::mapped_type\x1b[m\x1b[K\xe2\x80\x99 {aka \xe2\x80\x98\x1b[01m\x1b[Kstruct sl::CustomObjectDetectionProperties\x1b[m\x1b[K\xe2\x80\x99} has no member named \xe2\x80\x98\x1b[01m\x1b[Kmax_allowed_acceleration\x1b[m\x1b[K\xe2\x80\x99\n'}
[10.220059] (zed_components) StderrLine: {'line': b'  849 |     mCustomOdProperties[class_id].\x1b[01;31m\x1b[Kmax_allowed_acceleration\x1b[m\x1b[K = param.as_double();\n'}
[10.220180] (zed_components) StderrLine: {'line': b'      |                                   \x1b[01;31m\x1b[K^~~~~~~~~~~~~~~~~~~~~~~~\x1b[m\x1b[K\n'}
[10.220856] (zed_components) StderrLine: {'line': b'In file included from \x1b[01m\x1b[K/opt/ros/humble/include/rclcpp/rclcpp/client.hpp:40\x1b[m\x1b[K,\n'}
[10.221006] (zed_components) StderrLine: {'line': b'                 from \x1b[01m\x1b[K/opt/ros/humble/include/rclcpp/rclcpp/callback_group.hpp:24\x1b[m\x1b[K,\n'}
[10.221248] (zed_components) StderrLine: {'line': b'                 from \x1b[01m\x1b[K/opt/ros/humble/include/rclcpp/rclcpp/any_executable.hpp:20\x1b[m\x1b[K,\n'}
[10.222687] (zed_components) StderrLine: {'line': b'                 from \x1b[01m\x1b[K/opt/ros/humble/include/rclcpp/rclcpp/memory_strategy.hpp:25\x1b[m\x1b[K,\n'}
[10.222872] (zed_components) StderrLine: {'line': b'                 from \x1b[01m\x1b[K/opt/ros/humble/include/rclcpp/rclcpp/memory_strategies.hpp:18\x1b[m\x1b[K,\n'}
[10.222999] (zed_components) StderrLine: {'line': b'                 from \x1b[01m\x1b[K/opt/ros/humble/include/rclcpp/rclcpp/executor_options.hpp:20\x1b[m\x1b[K,\n'}
[10.223194] (zed_components) StderrLine: {'line': b'                 from \x1b[01m\x1b[K/opt/ros/humble/include/rclcpp/rclcpp/executor.hpp:37\x1b[m\x1b[K,\n'}
[10.224236] (zed_components) StderrLine: {'line': b'                 from \x1b[01m\x1b[K/opt/ros/humble/include/rclcpp/rclcpp/executors/multi_threaded_executor.hpp:25\x1b[m\x1b[K,\n'}
[10.224669] (zed_components) StderrLine: {'line': b'                 from \x1b[01m\x1b[K/opt/ros/humble/include/rclcpp/rclcpp/executors.hpp:21\x1b[m\x1b[K,\n'}
[10.224803] (zed_components) StderrLine: {'line': b'                 from \x1b[01m\x1b[K/opt/ros/humble/include/rclcpp/rclcpp/rclcpp.hpp:155\x1b[m\x1b[K,\n'}
[10.224923] (zed_components) StderrLine: {'line': b'                 from \x1b[01m\x1b[K/home/wolfwagen/Undergrad_Minchan_Folder/ROOMBA_PROJECT_1/roomba_src/zed-ros2-wrapper/zed_components/src/tools/include/sl_tools.hpp:22\x1b[m\x1b[K,\n'}
[10.225284] (zed_components) StderrLine: {'line': b'                 from \x1b[01m\x1b[K/home/wolfwagen/Undergrad_Minchan_Folder/ROOMBA_PROJECT_1/roomba_src/zed-ros2-wrapper/zed_components/src/zed_camera/include/zed_camera_component.hpp:27\x1b[m\x1b[K,\n'}
[10.225448] (zed_components) StderrLine: {'line': b'                 from \x1b[01m\x1b[K/home/wolfwagen/Undergrad_Minchan_Folder/ROOMBA_PROJECT_1/roomba_src/zed-ros2-wrapper/zed_components/src/zed_camera/src/zed_camera_component_objdet.cpp:15\x1b[m\x1b[K:\n'}
[10.225571] (zed_components) StderrLine: {'line': b'\x1b[01m\x1b[K/home/wolfwagen/Undergrad_Minchan_Folder/ROOMBA_PROJECT_1/roomba_src/zed-ros2-wrapper/zed_components/src/zed_camera/src/zed_camera_component_objdet.cpp:853:42:\x1b[m\x1b[K \x1b[01;31m\x1b[Kerror: \x1b[m\x1b[K\xe2\x80\x98\x1b[01m\x1b[Kstd::unordered_map<int, sl::CustomObjectDetectionProperties>::mapped_type\x1b[m\x1b[K\xe2\x80\x99 {aka \xe2\x80\x98\x1b[01m\x1b[Kstruct sl::CustomObjectDetectionProperties\x1b[m\x1b[K\xe2\x80\x99} has no member named \xe2\x80\x98\x1b[01m\x1b[Kmax_allowed_acceleration\x1b[m\x1b[K\xe2\x80\x99\n'}
[10.225703] (zed_components) StderrLine: {'line': b'  853 |         << mCustomOdProperties[class_id].\x1b[01;31m\x1b[Kmax_allowed_acceleration\x1b[m\x1b[K);\n'}
[10.225814] (zed_components) StderrLine: {'line': b'      |                                          \x1b[01;31m\x1b[K^~~~~~~~~~~~~~~~~~~~~~~~\x1b[m\x1b[K\n'}
[10.225919] (zed_components) StderrLine: {'line': b'\x1b[01m\x1b[K/home/wolfwagen/Undergrad_Minchan_Folder/ROOMBA_PROJECT_1/roomba_src/zed-ros2-wrapper/zed_components/src/zed_camera/src/zed_camera_component_objdet.cpp:850:5:\x1b[m\x1b[K \x1b[01;36m\x1b[Knote: \x1b[m\x1b[Kin expansion of macro \xe2\x80\x98\x1b[01m\x1b[KDEBUG_STREAM_DYN_PARAMS\x1b[m\x1b[K\xe2\x80\x99\n'}
[10.226054] (zed_components) StderrLine: {'line': b'  850 |     \x1b[01;36m\x1b[KDEBUG_STREAM_DYN_PARAMS\x1b[m\x1b[K(\n'}
[10.226166] (zed_components) StderrLine: {'line': b'      |     \x1b[01;36m\x1b[K^~~~~~~~~~~~~~~~~~~~~~~\x1b[m\x1b[K\n'}
[10.226275] (zed_components) StderrLine: {'line': b'\x1b[01m\x1b[K/home/wolfwagen/Undergrad_Minchan_Folder/ROOMBA_PROJECT_1/roomba_src/zed-ros2-wrapper/zed_components/src/zed_camera/src/zed_camera_component_objdet.cpp:864:35:\x1b[m\x1b[K \x1b[01;31m\x1b[Kerror: \x1b[m\x1b[K\xe2\x80\x98\x1b[01m\x1b[Kstd::unordered_map<int, sl::CustomObjectDetectionProperties>::mapped_type\x1b[m\x1b[K\xe2\x80\x99 {aka \xe2\x80\x98\x1b[01m\x1b[Kstruct sl::CustomObjectDetectionProperties\x1b[m\x1b[K\xe2\x80\x99} has no member named \xe2\x80\x98\x1b[01m\x1b[Kobject_tracking_parameters\x1b[m\x1b[K\xe2\x80\x99\n'}
[10.226389] (zed_components) StderrLine: {'line': b'  864 |     mCustomOdProperties[class_id].\x1b[01;31m\x1b[Kobject_tracking_parameters\x1b[m\x1b[K.velocity_smoothing_factor =\n'}
[10.226523] (zed_components) StderrLine: {'line': b'      |                                   \x1b[01;31m\x1b[K^~~~~~~~~~~~~~~~~~~~~~~~~~\x1b[m\x1b[K\n'}
[10.226783] (zed_components) StderrLine: {'line': b'In file included from \x1b[01m\x1b[K/opt/ros/humble/include/rclcpp/rclcpp/client.hpp:40\x1b[m\x1b[K,\n'}
[10.226903] (zed_components) StderrLine: {'line': b'                 from \x1b[01m\x1b[K/opt/ros/humble/include/rclcpp/rclcpp/callback_group.hpp:24\x1b[m\x1b[K,\n'}
[10.227015] (zed_components) StderrLine: {'line': b'                 from \x1b[01m\x1b[K/opt/ros/humble/include/rclcpp/rclcpp/any_executable.hpp:20\x1b[m\x1b[K,\n'}
[10.229170] (zed_components) StderrLine: {'line': b'                 from \x1b[01m\x1b[K/opt/ros/humble/include/rclcpp/rclcpp/memory_strategy.hpp:25\x1b[m\x1b[K,\n'}
[10.229327] (zed_components) StderrLine: {'line': b'                 from \x1b[01m\x1b[K/opt/ros/humble/include/rclcpp/rclcpp/memory_strategies.hpp:18\x1b[m\x1b[K,\n'}
[10.230213] (zed_components) StderrLine: {'line': b'                 from \x1b[01m\x1b[K/opt/ros/humble/include/rclcpp/rclcpp/executor_options.hpp:20\x1b[m\x1b[K,\n'}
[10.230493] (zed_components) StderrLine: {'line': b'                 from \x1b[01m\x1b[K/opt/ros/humble/include/rclcpp/rclcpp/executor.hpp:37\x1b[m\x1b[K,\n'}
[10.230642] (zed_components) StderrLine: {'line': b'                 from \x1b[01m\x1b[K/opt/ros/humble/include/rclcpp/rclcpp/executors/multi_threaded_executor.hpp:25\x1b[m\x1b[K,\n'}
[10.230759] (zed_components) StderrLine: {'line': b'                 from \x1b[01m\x1b[K/opt/ros/humble/include/rclcpp/rclcpp/executors.hpp:21\x1b[m\x1b[K,\n'}
[10.231056] (zed_components) StderrLine: {'line': b'                 from \x1b[01m\x1b[K/opt/ros/humble/include/rclcpp/rclcpp/rclcpp.hpp:155\x1b[m\x1b[K,\n'}
[10.231182] (zed_components) StderrLine: {'line': b'                 from \x1b[01m\x1b[K/home/wolfwagen/Undergrad_Minchan_Folder/ROOMBA_PROJECT_1/roomba_src/zed-ros2-wrapper/zed_components/src/tools/include/sl_tools.hpp:22\x1b[m\x1b[K,\n'}
[10.231304] (zed_components) StderrLine: {'line': b'                 from \x1b[01m\x1b[K/home/wolfwagen/Undergrad_Minchan_Folder/ROOMBA_PROJECT_1/roomba_src/zed-ros2-wrapper/zed_components/src/zed_camera/include/zed_camera_component.hpp:27\x1b[m\x1b[K,\n'}
[10.231437] (zed_components) StderrLine: {'line': b'                 from \x1b[01m\x1b[K/home/wolfwagen/Undergrad_Minchan_Folder/ROOMBA_PROJECT_1/roomba_src/zed-ros2-wrapper/zed_components/src/zed_camera/src/zed_camera_component_objdet.cpp:15\x1b[m\x1b[K:\n'}
[10.231554] (zed_components) StderrLine: {'line': b'\x1b[01m\x1b[K/home/wolfwagen/Undergrad_Minchan_Folder/ROOMBA_PROJECT_1/roomba_src/zed-ros2-wrapper/zed_components/src/zed_camera/src/zed_camera_component_objdet.cpp:869:42:\x1b[m\x1b[K \x1b[01;31m\x1b[Kerror: \x1b[m\x1b[K\xe2\x80\x98\x1b[01m\x1b[Kstd::unordered_map<int, sl::CustomObjectDetectionProperties>::mapped_type\x1b[m\x1b[K\xe2\x80\x99 {aka \xe2\x80\x98\x1b[01m\x1b[Kstruct sl::CustomObjectDetectionProperties\x1b[m\x1b[K\xe2\x80\x99} has no member named \xe2\x80\x98\x1b[01m\x1b[Kobject_tracking_parameters\x1b[m\x1b[K\xe2\x80\x99\n'}
[10.231676] (zed_components) StderrLine: {'line': b'  869 |         << mCustomOdProperties[class_id].\x1b[01;31m\x1b[Kobject_tracking_parameters\x1b[m\x1b[K.velocity_smoothing_factor);\n'}
[10.231787] (zed_components) StderrLine: {'line': b'      |                                          \x1b[01;31m\x1b[K^~~~~~~~~~~~~~~~~~~~~~~~~~\x1b[m\x1b[K\n'}
[10.231897] (zed_components) StderrLine: {'line': b'\x1b[01m\x1b[K/home/wolfwagen/Undergrad_Minchan_Folder/ROOMBA_PROJECT_1/roomba_src/zed-ros2-wrapper/zed_components/src/zed_camera/src/zed_camera_component_objdet.cpp:866:5:\x1b[m\x1b[K \x1b[01;36m\x1b[Knote: \x1b[m\x1b[Kin expansion of macro \xe2\x80\x98\x1b[01m\x1b[KDEBUG_STREAM_DYN_PARAMS\x1b[m\x1b[K\xe2\x80\x99\n'}
[10.232010] (zed_components) StderrLine: {'line': b'  866 |     \x1b[01;36m\x1b[KDEBUG_STREAM_DYN_PARAMS\x1b[m\x1b[K(\n'}
[10.232122] (zed_components) StderrLine: {'line': b'      |     \x1b[01;36m\x1b[K^~~~~~~~~~~~~~~~~~~~~~~\x1b[m\x1b[K\n'}
[10.232231] (zed_components) StderrLine: {'line': b'\x1b[01m\x1b[K/home/wolfwagen/Undergrad_Minchan_Folder/ROOMBA_PROJECT_1/roomba_src/zed-ros2-wrapper/zed_components/src/zed_camera/src/zed_camera_component_objdet.cpp:880:35:\x1b[m\x1b[K \x1b[01;31m\x1b[Kerror: \x1b[m\x1b[K\xe2\x80\x98\x1b[01m\x1b[Kstd::unordered_map<int, sl::CustomObjectDetectionProperties>::mapped_type\x1b[m\x1b[K\xe2\x80\x99 {aka \xe2\x80\x98\x1b[01m\x1b[Kstruct sl::CustomObjectDetectionProperties\x1b[m\x1b[K\xe2\x80\x99} has no member named \xe2\x80\x98\x1b[01m\x1b[Kobject_tracking_parameters\x1b[m\x1b[K\xe2\x80\x99\n'}
[10.232360] (zed_components) StderrLine: {'line': b'  880 |     mCustomOdProperties[class_id].\x1b[01;31m\x1b[Kobject_tracking_parameters\x1b[m\x1b[K.min_velocity_threshold =\n'}
[10.232472] (zed_components) StderrLine: {'line': b'      |                                   \x1b[01;31m\x1b[K^~~~~~~~~~~~~~~~~~~~~~~~~~\x1b[m\x1b[K\n'}
[10.232585] (zed_components) StderrLine: {'line': b'In file included from \x1b[01m\x1b[K/opt/ros/humble/include/rclcpp/rclcpp/client.hpp:40\x1b[m\x1b[K,\n'}
[10.232715] (zed_components) StderrLine: {'line': b'                 from \x1b[01m\x1b[K/opt/ros/humble/include/rclcpp/rclcpp/callback_group.hpp:24\x1b[m\x1b[K,\n'}
[10.232839] (zed_components) StderrLine: {'line': b'                 from \x1b[01m\x1b[K/opt/ros/humble/include/rclcpp/rclcpp/any_executable.hpp:20\x1b[m\x1b[K,\n'}
[10.232948] (zed_components) StderrLine: {'line': b'                 from \x1b[01m\x1b[K/opt/ros/humble/include/rclcpp/rclcpp/memory_strategy.hpp:25\x1b[m\x1b[K,\n'}
[10.233057] (zed_components) StderrLine: {'line': b'                 from \x1b[01m\x1b[K/opt/ros/humble/include/rclcpp/rclcpp/memory_strategies.hpp:18\x1b[m\x1b[K,\n'}
[10.233275] (zed_components) StderrLine: {'line': b'                 from \x1b[01m\x1b[K/opt/ros/humble/include/rclcpp/rclcpp/executor_options.hpp:20\x1b[m\x1b[K,\n'}
[10.233426] (zed_components) StderrLine: {'line': b'                 from \x1b[01m\x1b[K/opt/ros/humble/include/rclcpp/rclcpp/executor.hpp:37\x1b[m\x1b[K,\n'}
[10.233548] (zed_components) StderrLine: {'line': b'                 from \x1b[01m\x1b[K/opt/ros/humble/include/rclcpp/rclcpp/executors/multi_threaded_executor.hpp:25\x1b[m\x1b[K,\n'}
[10.233677] (zed_components) StderrLine: {'line': b'                 from \x1b[01m\x1b[K/opt/ros/humble/include/rclcpp/rclcpp/executors.hpp:21\x1b[m\x1b[K,\n'}
[10.233791] (zed_components) StderrLine: {'line': b'                 from \x1b[01m\x1b[K/opt/ros/humble/include/rclcpp/rclcpp/rclcpp.hpp:155\x1b[m\x1b[K,\n'}
[10.233899] (zed_components) StderrLine: {'line': b'                 from \x1b[01m\x1b[K/home/wolfwagen/Undergrad_Minchan_Folder/ROOMBA_PROJECT_1/roomba_src/zed-ros2-wrapper/zed_components/src/tools/include/sl_tools.hpp:22\x1b[m\x1b[K,\n'}
[10.234007] (zed_components) StderrLine: {'line': b'                 from \x1b[01m\x1b[K/home/wolfwagen/Undergrad_Minchan_Folder/ROOMBA_PROJECT_1/roomba_src/zed-ros2-wrapper/zed_components/src/zed_camera/include/zed_camera_component.hpp:27\x1b[m\x1b[K,\n'}
[10.234295] (zed_components) StderrLine: {'line': b'                 from \x1b[01m\x1b[K/home/wolfwagen/Undergrad_Minchan_Folder/ROOMBA_PROJECT_1/roomba_src/zed-ros2-wrapper/zed_components/src/zed_camera/src/zed_camera_component_objdet.cpp:15\x1b[m\x1b[K:\n'}
[10.234419] (zed_components) StderrLine: {'line': b'\x1b[01m\x1b[K/home/wolfwagen/Undergrad_Minchan_Folder/ROOMBA_PROJECT_1/roomba_src/zed-ros2-wrapper/zed_components/src/zed_camera/src/zed_camera_component_objdet.cpp:885:42:\x1b[m\x1b[K \x1b[01;31m\x1b[Kerror: \x1b[m\x1b[K\xe2\x80\x98\x1b[01m\x1b[Kstd::unordered_map<int, sl::CustomObjectDetectionProperties>::mapped_type\x1b[m\x1b[K\xe2\x80\x99 {aka \xe2\x80\x98\x1b[01m\x1b[Kstruct sl::CustomObjectDetectionProperties\x1b[m\x1b[K\xe2\x80\x99} has no member named \xe2\x80\x98\x1b[01m\x1b[Kobject_tracking_parameters\x1b[m\x1b[K\xe2\x80\x99\n'}
[10.234556] (zed_components) StderrLine: {'line': b'  885 |         << mCustomOdProperties[class_id].\x1b[01;31m\x1b[Kobject_tracking_parameters\x1b[m\x1b[K.min_velocity_threshold);\n'}
[10.234673] (zed_components) StderrLine: {'line': b'      |                                          \x1b[01;31m\x1b[K^~~~~~~~~~~~~~~~~~~~~~~~~~\x1b[m\x1b[K\n'}
[10.234786] (zed_components) StderrLine: {'line': b'\x1b[01m\x1b[K/home/wolfwagen/Undergrad_Minchan_Folder/ROOMBA_PROJECT_1/roomba_src/zed-ros2-wrapper/zed_components/src/zed_camera/src/zed_camera_component_objdet.cpp:882:5:\x1b[m\x1b[K \x1b[01;36m\x1b[Knote: \x1b[m\x1b[Kin expansion of macro \xe2\x80\x98\x1b[01m\x1b[KDEBUG_STREAM_DYN_PARAMS\x1b[m\x1b[K\xe2\x80\x99\n'}
[10.236133] (zed_components) StderrLine: {'line': b'  882 |     \x1b[01;36m\x1b[KDEBUG_STREAM_DYN_PARAMS\x1b[m\x1b[K(\n'}
[10.236298] (zed_components) StderrLine: {'line': b'      |     \x1b[01;36m\x1b[K^~~~~~~~~~~~~~~~~~~~~~~\x1b[m\x1b[K\n'}
[10.236417] (zed_components) StderrLine: {'line': b'\x1b[01m\x1b[K/home/wolfwagen/Undergrad_Minchan_Folder/ROOMBA_PROJECT_1/roomba_src/zed-ros2-wrapper/zed_components/src/zed_camera/src/zed_camera_component_objdet.cpp:896:35:\x1b[m\x1b[K \x1b[01;31m\x1b[Kerror: \x1b[m\x1b[K\xe2\x80\x98\x1b[01m\x1b[Kstd::unordered_map<int, sl::CustomObjectDetectionProperties>::mapped_type\x1b[m\x1b[K\xe2\x80\x99 {aka \xe2\x80\x98\x1b[01m\x1b[Kstruct sl::CustomObjectDetectionProperties\x1b[m\x1b[K\xe2\x80\x99} has no member named \xe2\x80\x98\x1b[01m\x1b[Kobject_tracking_parameters\x1b[m\x1b[K\xe2\x80\x99\n'}
[10.236565] (zed_components) StderrLine: {'line': b'  896 |     mCustomOdProperties[class_id].\x1b[01;31m\x1b[Kobject_tracking_parameters\x1b[m\x1b[K.prediction_timeout_s =\n'}
[10.236841] (zed_components) StderrLine: {'line': b'      |                                   \x1b[01;31m\x1b[K^~~~~~~~~~~~~~~~~~~~~~~~~~\x1b[m\x1b[K\n'}
[10.237766] (zed_components) StderrLine: {'line': b'In file included from \x1b[01m\x1b[K/opt/ros/humble/include/rclcpp/rclcpp/client.hpp:40\x1b[m\x1b[K,\n'}
[10.237933] (zed_components) StderrLine: {'line': b'                 from \x1b[01m\x1b[K/opt/ros/humble/include/rclcpp/rclcpp/callback_group.hpp:24\x1b[m\x1b[K,\n'}
[10.238053] (zed_components) StderrLine: {'line': b'                 from \x1b[01m\x1b[K/opt/ros/humble/include/rclcpp/rclcpp/any_executable.hpp:20\x1b[m\x1b[K,\n'}
[10.238170] (zed_components) StderrLine: {'line': b'                 from \x1b[01m\x1b[K/opt/ros/humble/include/rclcpp/rclcpp/memory_strategy.hpp:25\x1b[m\x1b[K,\n'}
[10.238283] (zed_components) StderrLine: {'line': b'                 from \x1b[01m\x1b[K/opt/ros/humble/include/rclcpp/rclcpp/memory_strategies.hpp:18\x1b[m\x1b[K,\n'}
[10.238394] (zed_components) StderrLine: {'line': b'                 from \x1b[01m\x1b[K/opt/ros/humble/include/rclcpp/rclcpp/executor_options.hpp:20\x1b[m\x1b[K,\n'}
[10.238503] (zed_components) StderrLine: {'line': b'                 from \x1b[01m\x1b[K/opt/ros/humble/include/rclcpp/rclcpp/executor.hpp:37\x1b[m\x1b[K,\n'}
[10.238612] (zed_components) StderrLine: {'line': b'                 from \x1b[01m\x1b[K/opt/ros/humble/include/rclcpp/rclcpp/executors/multi_threaded_executor.hpp:25\x1b[m\x1b[K,\n'}
[10.238720] (zed_components) StderrLine: {'line': b'                 from \x1b[01m\x1b[K/opt/ros/humble/include/rclcpp/rclcpp/executors.hpp:21\x1b[m\x1b[K,\n'}
[10.238827] (zed_components) StderrLine: {'line': b'                 from \x1b[01m\x1b[K/opt/ros/humble/include/rclcpp/rclcpp/rclcpp.hpp:155\x1b[m\x1b[K,\n'}
[10.238935] (zed_components) StderrLine: {'line': b'                 from \x1b[01m\x1b[K/home/wolfwagen/Undergrad_Minchan_Folder/ROOMBA_PROJECT_1/roomba_src/zed-ros2-wrapper/zed_components/src/tools/include/sl_tools.hpp:22\x1b[m\x1b[K,\n'}
[10.239070] (zed_components) StderrLine: {'line': b'                 from \x1b[01m\x1b[K/home/wolfwagen/Undergrad_Minchan_Folder/ROOMBA_PROJECT_1/roomba_src/zed-ros2-wrapper/zed_components/src/zed_camera/include/zed_camera_component.hpp:27\x1b[m\x1b[K,\n'}
[10.239185] (zed_components) StderrLine: {'line': b'                 from \x1b[01m\x1b[K/home/wolfwagen/Undergrad_Minchan_Folder/ROOMBA_PROJECT_1/roomba_src/zed-ros2-wrapper/zed_components/src/zed_camera/src/zed_camera_component_objdet.cpp:15\x1b[m\x1b[K:\n'}
[10.239298] (zed_components) StderrLine: {'line': b'\x1b[01m\x1b[K/home/wolfwagen/Undergrad_Minchan_Folder/ROOMBA_PROJECT_1/roomba_src/zed-ros2-wrapper/zed_components/src/zed_camera/src/zed_camera_component_objdet.cpp:901:42:\x1b[m\x1b[K \x1b[01;31m\x1b[Kerror: \x1b[m\x1b[K\xe2\x80\x98\x1b[01m\x1b[Kstd::unordered_map<int, sl::CustomObjectDetectionProperties>::mapped_type\x1b[m\x1b[K\xe2\x80\x99 {aka \xe2\x80\x98\x1b[01m\x1b[Kstruct sl::CustomObjectDetectionProperties\x1b[m\x1b[K\xe2\x80\x99} has no member named \xe2\x80\x98\x1b[01m\x1b[Kobject_tracking_parameters\x1b[m\x1b[K\xe2\x80\x99\n'}
[10.239431] (zed_components) StderrLine: {'line': b'  901 |         << mCustomOdProperties[class_id].\x1b[01;31m\x1b[Kobject_tracking_parameters\x1b[m\x1b[K.prediction_timeout_s);\n'}
[10.239541] (zed_components) StderrLine: {'line': b'      |                                          \x1b[01;31m\x1b[K^~~~~~~~~~~~~~~~~~~~~~~~~~\x1b[m\x1b[K\n'}
[10.239648] (zed_components) StderrLine: {'line': b'\x1b[01m\x1b[K/home/wolfwagen/Undergrad_Minchan_Folder/ROOMBA_PROJECT_1/roomba_src/zed-ros2-wrapper/zed_components/src/zed_camera/src/zed_camera_component_objdet.cpp:898:5:\x1b[m\x1b[K \x1b[01;36m\x1b[Knote: \x1b[m\x1b[Kin expansion of macro \xe2\x80\x98\x1b[01m\x1b[KDEBUG_STREAM_DYN_PARAMS\x1b[m\x1b[K\xe2\x80\x99\n'}
[10.239774] (zed_components) StderrLine: {'line': b'  898 |     \x1b[01;36m\x1b[KDEBUG_STREAM_DYN_PARAMS\x1b[m\x1b[K(\n'}
[10.239882] (zed_components) StderrLine: {'line': b'      |     \x1b[01;36m\x1b[K^~~~~~~~~~~~~~~~~~~~~~~\x1b[m\x1b[K\n'}
[10.239988] (zed_components) StderrLine: {'line': b'\x1b[01m\x1b[K/home/wolfwagen/Undergrad_Minchan_Folder/ROOMBA_PROJECT_1/roomba_src/zed-ros2-wrapper/zed_components/src/zed_camera/src/zed_camera_component_objdet.cpp:912:35:\x1b[m\x1b[K \x1b[01;31m\x1b[Kerror: \x1b[m\x1b[K\xe2\x80\x98\x1b[01m\x1b[Kstd::unordered_map<int, sl::CustomObjectDetectionProperties>::mapped_type\x1b[m\x1b[K\xe2\x80\x99 {aka \xe2\x80\x98\x1b[01m\x1b[Kstruct sl::CustomObjectDetectionProperties\x1b[m\x1b[K\xe2\x80\x99} has no member named \xe2\x80\x98\x1b[01m\x1b[Kobject_tracking_parameters\x1b[m\x1b[K\xe2\x80\x99\n'}
[10.240131] (zed_components) StderrLine: {'line': b'  912 |     mCustomOdProperties[class_id].\x1b[01;31m\x1b[Kobject_tracking_parameters\x1b[m\x1b[K.min_confirmation_time_s =\n'}
[10.240248] (zed_components) StderrLine: {'line': b'      |                                   \x1b[01;31m\x1b[K^~~~~~~~~~~~~~~~~~~~~~~~~~\x1b[m\x1b[K\n'}
[10.240359] (zed_components) StderrLine: {'line': b'In file included from \x1b[01m\x1b[K/opt/ros/humble/include/rclcpp/rclcpp/client.hpp:40\x1b[m\x1b[K,\n'}
[10.240467] (zed_components) StderrLine: {'line': b'                 from \x1b[01m\x1b[K/opt/ros/humble/include/rclcpp/rclcpp/callback_group.hpp:24\x1b[m\x1b[K,\n'}
[10.240574] (zed_components) StderrLine: {'line': b'                 from \x1b[01m\x1b[K/opt/ros/humble/include/rclcpp/rclcpp/any_executable.hpp:20\x1b[m\x1b[K,\n'}
[10.240680] (zed_components) StderrLine: {'line': b'                 from \x1b[01m\x1b[K/opt/ros/humble/include/rclcpp/rclcpp/memory_strategy.hpp:25\x1b[m\x1b[K,\n'}
[10.240785] (zed_components) StderrLine: {'line': b'                 from \x1b[01m\x1b[K/opt/ros/humble/include/rclcpp/rclcpp/memory_strategies.hpp:18\x1b[m\x1b[K,\n'}
[10.240891] (zed_components) StderrLine: {'line': b'                 from \x1b[01m\x1b[K/opt/ros/humble/include/rclcpp/rclcpp/executor_options.hpp:20\x1b[m\x1b[K,\n'}
[10.240998] (zed_components) StderrLine: {'line': b'                 from \x1b[01m\x1b[K/opt/ros/humble/include/rclcpp/rclcpp/executor.hpp:37\x1b[m\x1b[K,\n'}
[10.241102] (zed_components) StderrLine: {'line': b'                 from \x1b[01m\x1b[K/opt/ros/humble/include/rclcpp/rclcpp/executors/multi_threaded_executor.hpp:25\x1b[m\x1b[K,\n'}
[10.241205] (zed_components) StderrLine: {'line': b'                 from \x1b[01m\x1b[K/opt/ros/humble/include/rclcpp/rclcpp/executors.hpp:21\x1b[m\x1b[K,\n'}
[10.241307] (zed_components) StderrLine: {'line': b'                 from \x1b[01m\x1b[K/opt/ros/humble/include/rclcpp/rclcpp/rclcpp.hpp:155\x1b[m\x1b[K,\n'}
[10.241451] (zed_components) StderrLine: {'line': b'                 from \x1b[01m\x1b[K/home/wolfwagen/Undergrad_Minchan_Folder/ROOMBA_PROJECT_1/roomba_src/zed-ros2-wrapper/zed_components/src/tools/include/sl_tools.hpp:22\x1b[m\x1b[K,\n'}
[10.241570] (zed_components) StderrLine: {'line': b'                 from \x1b[01m\x1b[K/home/wolfwagen/Undergrad_Minchan_Folder/ROOMBA_PROJECT_1/roomba_src/zed-ros2-wrapper/zed_components/src/zed_camera/include/zed_camera_component.hpp:27\x1b[m\x1b[K,\n'}
[10.241683] (zed_components) StderrLine: {'line': b'                 from \x1b[01m\x1b[K/home/wolfwagen/Undergrad_Minchan_Folder/ROOMBA_PROJECT_1/roomba_src/zed-ros2-wrapper/zed_components/src/zed_camera/src/zed_camera_component_objdet.cpp:15\x1b[m\x1b[K:\n'}
[10.241792] (zed_components) StderrLine: {'line': b'\x1b[01m\x1b[K/home/wolfwagen/Undergrad_Minchan_Folder/ROOMBA_PROJECT_1/roomba_src/zed-ros2-wrapper/zed_components/src/zed_camera/src/zed_camera_component_objdet.cpp:917:42:\x1b[m\x1b[K \x1b[01;31m\x1b[Kerror: \x1b[m\x1b[K\xe2\x80\x98\x1b[01m\x1b[Kstd::unordered_map<int, sl::CustomObjectDetectionProperties>::mapped_type\x1b[m\x1b[K\xe2\x80\x99 {aka \xe2\x80\x98\x1b[01m\x1b[Kstruct sl::CustomObjectDetectionProperties\x1b[m\x1b[K\xe2\x80\x99} has no member named \xe2\x80\x98\x1b[01m\x1b[Kobject_tracking_parameters\x1b[m\x1b[K\xe2\x80\x99\n'}
[10.241924] (zed_components) StderrLine: {'line': b'  917 |         << mCustomOdProperties[class_id].\x1b[01;31m\x1b[Kobject_tracking_parameters\x1b[m\x1b[K.min_confirmation_time_s);\n'}
[10.242047] (zed_components) StderrLine: {'line': b'      |                                          \x1b[01;31m\x1b[K^~~~~~~~~~~~~~~~~~~~~~~~~~\x1b[m\x1b[K\n'}
[10.242159] (zed_components) StderrLine: {'line': b'\x1b[01m\x1b[K/home/wolfwagen/Undergrad_Minchan_Folder/ROOMBA_PROJECT_1/roomba_src/zed-ros2-wrapper/zed_components/src/zed_camera/src/zed_camera_component_objdet.cpp:914:5:\x1b[m\x1b[K \x1b[01;36m\x1b[Knote: \x1b[m\x1b[Kin expansion of macro \xe2\x80\x98\x1b[01m\x1b[KDEBUG_STREAM_DYN_PARAMS\x1b[m\x1b[K\xe2\x80\x99\n'}
[10.242270] (zed_components) StderrLine: {'line': b'  914 |     \x1b[01;36m\x1b[KDEBUG_STREAM_DYN_PARAMS\x1b[m\x1b[K(\n'}
[10.242374] (zed_components) StderrLine: {'line': b'      |     \x1b[01;36m\x1b[K^~~~~~~~~~~~~~~~~~~~~~~\x1b[m\x1b[K\n'}
[10.242477] (zed_components) StderrLine: {'line': b'\x1b[01m\x1b[K/home/wolfwagen/Undergrad_Minchan_Folder/ROOMBA_PROJECT_1/roomba_src/zed-ros2-wrapper/zed_components/src/zed_camera_one/src/zed_camera_one_component_main.cpp:\x1b[m\x1b[K In member function \xe2\x80\x98\x1b[01m\x1b[Kvoid stereolabs::ZedCameraOne::getCameraModelParams()\x1b[m\x1b[K\xe2\x80\x99:\n'}
[10.242601] (zed_components) StderrLine: {'line': b'\x1b[01m\x1b[K/home/wolfwagen/Undergrad_Minchan_Folder/ROOMBA_PROJECT_1/roomba_src/zed-ros2-wrapper/zed_components/src/zed_camera_one/src/zed_camera_one_component_main.cpp:378:32:\x1b[m\x1b[K \x1b[01;31m\x1b[Kerror: \x1b[m\x1b[K\xe2\x80\x98\x1b[01m\x1b[KZED_XONE_HDR\x1b[m\x1b[K\xe2\x80\x99 is not a member of \xe2\x80\x98\x1b[01m\x1b[Ksl::MODEL\x1b[m\x1b[K\xe2\x80\x99; did you mean \xe2\x80\x98\x1b[01m\x1b[KZED_XONE_UHD\x1b[m\x1b[K\xe2\x80\x99?\n'}
[10.242718] (zed_components) StderrLine: {'line': b'  378 |     _camUserModel = sl::MODEL::\x1b[01;31m\x1b[KZED_XONE_HDR\x1b[m\x1b[K;\n'}
[10.242827] (zed_components) StderrLine: {'line': b'      |                                \x1b[01;31m\x1b[K^~~~~~~~~~~~\x1b[m\x1b[K\n'}
[10.242941] (zed_components) StderrLine: {'line': b'      |                                \x1b[32m\x1b[KZED_XONE_UHD\x1b[m\x1b[K\n'}
[10.245529] (zed_components) StderrLine: {'line': b'\x1b[01m\x1b[K/home/wolfwagen/Undergrad_Minchan_Folder/ROOMBA_PROJECT_1/roomba_src/zed-ros2-wrapper/zed_components/src/zed_camera/src/zed_camera_component_objdet.cpp:\x1b[m\x1b[K In member function \xe2\x80\x98\x1b[01m\x1b[Kbool stereolabs::ZedCamera::startObjDetect()\x1b[m\x1b[K\xe2\x80\x99:\n'}
[10.245747] (zed_components) StderrLine: {'line': b'\x1b[01m\x1b[K/home/wolfwagen/Undergrad_Minchan_Folder/ROOMBA_PROJECT_1/roomba_src/zed-ros2-wrapper/zed_components/src/zed_camera/src/zed_camera_component_objdet.cpp:965:29:\x1b[m\x1b[K \x1b[01;31m\x1b[Kerror: \x1b[m\x1b[Kno match for \xe2\x80\x98\x1b[01m\x1b[Koperator=\x1b[m\x1b[K\xe2\x80\x99 (operand types are \xe2\x80\x98\x1b[01m\x1b[Ksl::String\x1b[m\x1b[K\xe2\x80\x99 and \xe2\x80\x98\x1b[01m\x1b[Kstd::string\x1b[m\x1b[K\xe2\x80\x99 {aka \xe2\x80\x98\x1b[01m\x1b[Kstd::__cxx11::basic_string<char>\x1b[m\x1b[K\xe2\x80\x99})\n'}
[10.245879] (zed_components) StderrLine: {'line': b'  965 |     od_p.custom_onnx_file = \x1b[01;31m\x1b[KmYoloOnnxPath\x1b[m\x1b[K;\n'}
[10.246206] (zed_components) StderrLine: {'line': b'      |                             \x1b[01;31m\x1b[K^~~~~~~~~~~~~\x1b[m\x1b[K\n'}
[10.246328] (zed_components) StderrLine: {'line': b'In file included from \x1b[01m\x1b[K/home/wolfwagen/Undergrad_Minchan_Folder/ROOMBA_PROJECT_1/roomba_src/zed-ros2-wrapper/zed_components/src/zed_camera/include/zed_camera_component.hpp:20\x1b[m\x1b[K,\n'}
[10.246441] (zed_components) StderrLine: {'line': b'                 from \x1b[01m\x1b[K/home/wolfwagen/Undergrad_Minchan_Folder/ROOMBA_PROJECT_1/roomba_src/zed-ros2-wrapper/zed_components/src/zed_camera/src/zed_camera_component_objdet.cpp:15\x1b[m\x1b[K:\n'}
[10.246574] (zed_components) StderrLine: {'line': b'\x1b[01m\x1b[K/usr/local/zed/include/sl/Camera.hpp:182:17:\x1b[m\x1b[K \x1b[01;36m\x1b[Knote: \x1b[m\x1b[Kcandidate: \xe2\x80\x98\x1b[01m\x1b[Ksl::String& sl::String::operator=(const sl::String&)\x1b[m\x1b[K\xe2\x80\x99\n'}
[10.246686] (zed_components) StderrLine: {'line': b'  182 |         String &\x1b[01;36m\x1b[Koperator\x1b[m\x1b[K=(const String &str1);\n'}
[10.246796] (zed_components) StderrLine: {'line': b'      |                 \x1b[01;36m\x1b[K^~~~~~~~\x1b[m\x1b[K\n'}
[10.246904] (zed_components) StderrLine: {'line': b'\x1b[01m\x1b[K/usr/local/zed/include/sl/Camera.hpp:182:41:\x1b[m\x1b[K \x1b[01;36m\x1b[Knote: \x1b[m\x1b[K  no known conversion for argument 1 from \xe2\x80\x98\x1b[01m\x1b[Kstd::string\x1b[m\x1b[K\xe2\x80\x99 {aka \xe2\x80\x98\x1b[01m\x1b[Kstd::__cxx11::basic_string<char>\x1b[m\x1b[K\xe2\x80\x99} to \xe2\x80\x98\x1b[01m\x1b[Kconst sl::String&\x1b[m\x1b[K\xe2\x80\x99\n'}
[10.247018] (zed_components) StderrLine: {'line': b'  182 |         String &operator=(\x1b[01;36m\x1b[Kconst String &str1\x1b[m\x1b[K);\n'}
[10.247126] (zed_components) StderrLine: {'line': b'      |                           \x1b[01;36m\x1b[K~~~~~~~~~~~~~~^~~~\x1b[m\x1b[K\n'}
[10.247235] (zed_components) StderrLine: {'line': b'\x1b[01m\x1b[K/usr/local/zed/include/sl/Camera.hpp:186:17:\x1b[m\x1b[K \x1b[01;36m\x1b[Knote: \x1b[m\x1b[Kcandidate: \xe2\x80\x98\x1b[01m\x1b[Ksl::String& sl::String::operator=(const char*)\x1b[m\x1b[K\xe2\x80\x99\n'}
[10.247347] (zed_components) StderrLine: {'line': b'  186 |         String &\x1b[01;36m\x1b[Koperator\x1b[m\x1b[K=(const char *data);\n'}
[10.247556] (zed_components) StderrLine: {'line': b'      |                 \x1b[01;36m\x1b[K^~~~~~~~\x1b[m\x1b[K\n'}
[10.247685] (zed_components) StderrLine: {'line': b'\x1b[01m\x1b[K/usr/local/zed/include/sl/Camera.hpp:186:39:\x1b[m\x1b[K \x1b[01;36m\x1b[Knote: \x1b[m\x1b[K  no known conversion for argument 1 from \xe2\x80\x98\x1b[01m\x1b[Kstd::string\x1b[m\x1b[K\xe2\x80\x99 {aka \xe2\x80\x98\x1b[01m\x1b[Kstd::__cxx11::basic_string<char>\x1b[m\x1b[K\xe2\x80\x99} to \xe2\x80\x98\x1b[01m\x1b[Kconst char*\x1b[m\x1b[K\xe2\x80\x99\n'}
[10.247807] (zed_components) StderrLine: {'line': b'  186 |         String &operator=(\x1b[01;36m\x1b[Kconst char *data\x1b[m\x1b[K);\n'}
[10.247914] (zed_components) StderrLine: {'line': b'      |                           \x1b[01;36m\x1b[K~~~~~~~~~~~~^~~~\x1b[m\x1b[K\n'}
[10.249087] (zed_components) StderrLine: {'line': b'\x1b[01m\x1b[K/home/wolfwagen/Undergrad_Minchan_Folder/ROOMBA_PROJECT_1/roomba_src/zed-ros2-wrapper/zed_components/src/zed_camera_one/src/zed_camera_one_component_main.cpp:\x1b[m\x1b[K In member function \xe2\x80\x98\x1b[01m\x1b[Kvoid stereolabs::ZedCameraOne::getResolutionParams()\x1b[m\x1b[K\xe2\x80\x99:\n'}
[10.249381] (zed_components) StderrLine: {'line': b'\x1b[01m\x1b[K/home/wolfwagen/Undergrad_Minchan_Folder/ROOMBA_PROJECT_1/roomba_src/zed-ros2-wrapper/zed_components/src/zed_camera_one/src/zed_camera_one_component_main.cpp:432:65:\x1b[m\x1b[K \x1b[01;31m\x1b[Kerror: \x1b[m\x1b[K\xe2\x80\x98\x1b[01m\x1b[KZED_XONE_HDR\x1b[m\x1b[K\xe2\x80\x99 is not a member of \xe2\x80\x98\x1b[01m\x1b[Ksl::MODEL\x1b[m\x1b[K\xe2\x80\x99; did you mean \xe2\x80\x98\x1b[01m\x1b[KZED_XONE_UHD\x1b[m\x1b[K\xe2\x80\x99?\n'}
[10.249695] (zed_components) StderrLine: {'line': b'  432 |     } else if (resol == "HD1536" && _camUserModel == sl::MODEL::\x1b[01;31m\x1b[KZED_XONE_HDR\x1b[m\x1b[K) {\n'}
[10.249853] (zed_components) StderrLine: {'line': b'      |                                                                 \x1b[01;31m\x1b[K^~~~~~~~~~~~\x1b[m\x1b[K\n'}
[10.250044] (zed_components) StderrLine: {'line': b'      |                                                                 \x1b[32m\x1b[KZED_XONE_UHD\x1b[m\x1b[K\n'}
[10.250187] (zed_components) StderrLine: {'line': b'\x1b[01m\x1b[K/home/wolfwagen/Undergrad_Minchan_Folder/ROOMBA_PROJECT_1/roomba_src/zed-ros2-wrapper/zed_components/src/zed_camera_one/src/zed_camera_one_component_main.cpp:433:35:\x1b[m\x1b[K \x1b[01;31m\x1b[Kerror: \x1b[m\x1b[K\xe2\x80\x98\x1b[01m\x1b[KHD1536\x1b[m\x1b[K\xe2\x80\x99 is not a member of \xe2\x80\x98\x1b[01m\x1b[Ksl::RESOLUTION\x1b[m\x1b[K\xe2\x80\x99\n'}
[10.250323] (zed_components) StderrLine: {'line': b'  433 |       _camResol = sl::RESOLUTION::\x1b[01;31m\x1b[KHD1536\x1b[m\x1b[K;\n'}
[10.250450] (zed_components) StderrLine: {'line': b'      |                                   \x1b[01;31m\x1b[K^~~~~~\x1b[m\x1b[K\n'}
[10.250578] (zed_components) StderrLine: {'line': b'\x1b[01m\x1b[K/home/wolfwagen/Undergrad_Minchan_Folder/ROOMBA_PROJECT_1/roomba_src/zed-ros2-wrapper/zed_components/src/zed_camera_one/src/zed_camera_one_component_main.cpp:438:65:\x1b[m\x1b[K \x1b[01;31m\x1b[Kerror: \x1b[m\x1b[K\xe2\x80\x98\x1b[01m\x1b[KZED_XONE_HDR\x1b[m\x1b[K\xe2\x80\x99 is not a member of \xe2\x80\x98\x1b[01m\x1b[Ksl::MODEL\x1b[m\x1b[K\xe2\x80\x99; did you mean \xe2\x80\x98\x1b[01m\x1b[KZED_XONE_UHD\x1b[m\x1b[K\xe2\x80\x99?\n'}
[10.250705] (zed_components) StderrLine: {'line': b'  438 |     } else if (resol == "HD1200" && _camUserModel != sl::MODEL::\x1b[01;31m\x1b[KZED_XONE_HDR\x1b[m\x1b[K) {\n'}
[10.250818] (zed_components) StderrLine: {'line': b'      |                                                                 \x1b[01;31m\x1b[K^~~~~~~~~~~~\x1b[m\x1b[K\n'}
[10.250928] (zed_components) StderrLine: {'line': b'      |                                                                 \x1b[32m\x1b[KZED_XONE_UHD\x1b[m\x1b[K\n'}
[10.251035] (zed_components) StderrLine: {'line': b'\x1b[01m\x1b[K/home/wolfwagen/Undergrad_Minchan_Folder/ROOMBA_PROJECT_1/roomba_src/zed-ros2-wrapper/zed_components/src/zed_camera_one/src/zed_camera_one_component_main.cpp:440:65:\x1b[m\x1b[K \x1b[01;31m\x1b[Kerror: \x1b[m\x1b[K\xe2\x80\x98\x1b[01m\x1b[KZED_XONE_HDR\x1b[m\x1b[K\xe2\x80\x99 is not a member of \xe2\x80\x98\x1b[01m\x1b[Ksl::MODEL\x1b[m\x1b[K\xe2\x80\x99; did you mean \xe2\x80\x98\x1b[01m\x1b[KZED_XONE_UHD\x1b[m\x1b[K\xe2\x80\x99?\n'}
[10.251149] (zed_components) StderrLine: {'line': b'  440 |     } else if (resol == "HD1080" && _camUserModel != sl::MODEL::\x1b[01;31m\x1b[KZED_XONE_HDR\x1b[m\x1b[K) {\n'}
[10.251255] (zed_components) StderrLine: {'line': b'      |                                                                 \x1b[01;31m\x1b[K^~~~~~~~~~~~\x1b[m\x1b[K\n'}
[10.251362] (zed_components) StderrLine: {'line': b'      |                                                                 \x1b[32m\x1b[KZED_XONE_UHD\x1b[m\x1b[K\n'}
[10.251469] (zed_components) StderrLine: {'line': b'\x1b[01m\x1b[K/home/wolfwagen/Undergrad_Minchan_Folder/ROOMBA_PROJECT_1/roomba_src/zed-ros2-wrapper/zed_components/src/zed_camera_one/src/zed_camera_one_component_main.cpp:442:63:\x1b[m\x1b[K \x1b[01;31m\x1b[Kerror: \x1b[m\x1b[K\xe2\x80\x98\x1b[01m\x1b[KZED_XONE_HDR\x1b[m\x1b[K\xe2\x80\x99 is not a member of \xe2\x80\x98\x1b[01m\x1b[Ksl::MODEL\x1b[m\x1b[K\xe2\x80\x99; did you mean \xe2\x80\x98\x1b[01m\x1b[KZED_XONE_UHD\x1b[m\x1b[K\xe2\x80\x99?\n'}
[10.251587] (zed_components) StderrLine: {'line': b'  442 |     } else if (resol == "SVGA" && _camUserModel != sl::MODEL::\x1b[01;31m\x1b[KZED_XONE_HDR\x1b[m\x1b[K) {\n'}
[10.251695] (zed_components) StderrLine: {'line': b'      |                                                               \x1b[01;31m\x1b[K^~~~~~~~~~~~\x1b[m\x1b[K\n'}
[10.251800] (zed_components) StderrLine: {'line': b'      |                                                               \x1b[32m\x1b[KZED_XONE_UHD\x1b[m\x1b[K\n'}
[10.278789] (-) TimerEvent: {}
[10.280871] (zed_components) StderrLine: {'line': b'\x1b[01m\x1b[K/home/wolfwagen/Undergrad_Minchan_Folder/ROOMBA_PROJECT_1/roomba_src/zed-ros2-wrapper/zed_components/src/zed_camera/src/zed_camera_component_objdet.cpp:\x1b[m\x1b[K In member function \xe2\x80\x98\x1b[01m\x1b[Kvoid stereolabs::ZedCamera::processDetectedObjects(rclcpp::Time)\x1b[m\x1b[K\xe2\x80\x99:\n'}
[10.281262] (zed_components) StderrLine: {'line': b'\x1b[01m\x1b[K/home/wolfwagen/Undergrad_Minchan_Folder/ROOMBA_PROJECT_1/roomba_src/zed-ros2-wrapper/zed_components/src/zed_camera/src/zed_camera_component_objdet.cpp:1086:13:\x1b[m\x1b[K \x1b[01;31m\x1b[Kerror: \x1b[m\x1b[K\xe2\x80\x98\x1b[01m\x1b[Kusing element_type = class sl::Camera\x1b[m\x1b[K\xe2\x80\x99 {aka \xe2\x80\x98\x1b[01m\x1b[Kclass sl::Camera\x1b[m\x1b[K\xe2\x80\x99} has no member named \xe2\x80\x98\x1b[01m\x1b[KsetObjectDetectionRuntimeParameters\x1b[m\x1b[K\xe2\x80\x99; did you mean \xe2\x80\x98\x1b[01m\x1b[KgetObjectDetectionParameters\x1b[m\x1b[K\xe2\x80\x99?\n'}
[10.281481] (zed_components) StderrLine: {'line': b' 1086 |       mZed->\x1b[01;31m\x1b[KsetObjectDetectionRuntimeParameters\x1b[m\x1b[K(objectTracker_parameters_rt);\n'}
[10.281614] (zed_components) StderrLine: {'line': b'      |             \x1b[01;31m\x1b[K^~~~~~~~~~~~~~~~~~~~~~~~~~~~~~~~~~~\x1b[m\x1b[K\n'}
[10.282947] (zed_components) StderrLine: {'line': b'      |             \x1b[32m\x1b[KgetObjectDetectionParameters\x1b[m\x1b[K\n'}
[10.293748] (zed_components) StderrLine: {'line': b'\x1b[01m\x1b[K/home/wolfwagen/Undergrad_Minchan_Folder/ROOMBA_PROJECT_1/roomba_src/zed-ros2-wrapper/zed_components/src/zed_camera/src/zed_camera_component_bodytrk.cpp:\x1b[m\x1b[K In member function \xe2\x80\x98\x1b[01m\x1b[Kvoid stereolabs::ZedCamera::processBodies(rclcpp::Time)\x1b[m\x1b[K\xe2\x80\x99:\n'}
[10.294232] (zed_components) StderrLine: {'line': b'\x1b[01m\x1b[K/home/wolfwagen/Undergrad_Minchan_Folder/ROOMBA_PROJECT_1/roomba_src/zed-ros2-wrapper/zed_components/src/zed_camera/src/zed_camera_component_bodytrk.cpp:290:11:\x1b[m\x1b[K \x1b[01;31m\x1b[Kerror: \x1b[m\x1b[K\xe2\x80\x98\x1b[01m\x1b[Kusing element_type = class sl::Camera\x1b[m\x1b[K\xe2\x80\x99 {aka \xe2\x80\x98\x1b[01m\x1b[Kclass sl::Camera\x1b[m\x1b[K\xe2\x80\x99} has no member named \xe2\x80\x98\x1b[01m\x1b[KsetBodyTrackingRuntimeParameters\x1b[m\x1b[K\xe2\x80\x99; did you mean \xe2\x80\x98\x1b[01m\x1b[KgetBodyTrackingParameters\x1b[m\x1b[K\xe2\x80\x99?\n'}
[10.294385] (zed_components) StderrLine: {'line': b'  290 |     mZed->\x1b[01;31m\x1b[KsetBodyTrackingRuntimeParameters\x1b[m\x1b[K(bt_params_rt);\n'}
[10.294504] (zed_components) StderrLine: {'line': b'      |           \x1b[01;31m\x1b[K^~~~~~~~~~~~~~~~~~~~~~~~~~~~~~~~\x1b[m\x1b[K\n'}
[10.294641] (zed_components) StderrLine: {'line': b'      |           \x1b[32m\x1b[KgetBodyTrackingParameters\x1b[m\x1b[K\n'}
[10.365129] (zed_components) StderrLine: {'line': b'\x1b[01m\x1b[K/home/wolfwagen/Undergrad_Minchan_Folder/ROOMBA_PROJECT_1/roomba_src/zed-ros2-wrapper/zed_components/src/zed_camera_one/src/zed_camera_one_component_main.cpp:\x1b[m\x1b[K In member function \xe2\x80\x98\x1b[01m\x1b[Kvoid stereolabs::ZedCameraOne::processCameraInformation()\x1b[m\x1b[K\xe2\x80\x99:\n'}
[10.365643] (zed_components) StderrLine: {'line': b'\x1b[01m\x1b[K/home/wolfwagen/Undergrad_Minchan_Folder/ROOMBA_PROJECT_1/roomba_src/zed-ros2-wrapper/zed_components/src/zed_camera_one/src/zed_camera_one_component_main.cpp:1025:44:\x1b[m\x1b[K \x1b[01;31m\x1b[Kerror: \x1b[m\x1b[K\xe2\x80\x98\x1b[01m\x1b[KZED_XONE_HDR\x1b[m\x1b[K\xe2\x80\x99 is not a member of \xe2\x80\x98\x1b[01m\x1b[Ksl::MODEL\x1b[m\x1b[K\xe2\x80\x99; did you mean \xe2\x80\x98\x1b[01m\x1b[KZED_XONE_UHD\x1b[m\x1b[K\xe2\x80\x99?\n'}
[10.365828] (zed_components) StderrLine: {'line': b' 1025 |     } else if (_camRealModel == sl::MODEL::\x1b[01;31m\x1b[KZED_XONE_HDR\x1b[m\x1b[K) {\n'}
[10.366107] (zed_components) StderrLine: {'line': b'      |                                            \x1b[01;31m\x1b[K^~~~~~~~~~~~\x1b[m\x1b[K\n'}
[10.366235] (zed_components) StderrLine: {'line': b'      |                                            \x1b[32m\x1b[KZED_XONE_UHD\x1b[m\x1b[K\n'}
[10.373964] (zed_components) StderrLine: {'line': b'In file included from \x1b[01m\x1b[K/opt/ros/humble/include/rclcpp/rclcpp/logging.hpp:24\x1b[m\x1b[K,\n'}
[10.374526] (zed_components) StderrLine: {'line': b'                 from \x1b[01m\x1b[K/opt/ros/humble/include/rclcpp/rclcpp/client.hpp:40\x1b[m\x1b[K,\n'}
[10.374670] (zed_components) StderrLine: {'line': b'                 from \x1b[01m\x1b[K/opt/ros/humble/include/rclcpp/rclcpp/callback_group.hpp:24\x1b[m\x1b[K,\n'}
[10.374830] (zed_components) StderrLine: {'line': b'                 from \x1b[01m\x1b[K/opt/ros/humble/include/rclcpp/rclcpp/any_executable.hpp:20\x1b[m\x1b[K,\n'}
[10.374944] (zed_components) StderrLine: {'line': b'                 from \x1b[01m\x1b[K/opt/ros/humble/include/rclcpp/rclcpp/memory_strategy.hpp:25\x1b[m\x1b[K,\n'}
[10.375053] (zed_components) StderrLine: {'line': b'                 from \x1b[01m\x1b[K/opt/ros/humble/include/rclcpp/rclcpp/memory_strategies.hpp:18\x1b[m\x1b[K,\n'}
[10.375161] (zed_components) StderrLine: {'line': b'                 from \x1b[01m\x1b[K/opt/ros/humble/include/rclcpp/rclcpp/executor_options.hpp:20\x1b[m\x1b[K,\n'}
[10.375268] (zed_components) StderrLine: {'line': b'                 from \x1b[01m\x1b[K/opt/ros/humble/include/rclcpp/rclcpp/executor.hpp:37\x1b[m\x1b[K,\n'}
[10.375372] (zed_components) StderrLine: {'line': b'                 from \x1b[01m\x1b[K/opt/ros/humble/include/rclcpp/rclcpp/executors/multi_threaded_executor.hpp:25\x1b[m\x1b[K,\n'}
[10.375482] (zed_components) StderrLine: {'line': b'                 from \x1b[01m\x1b[K/opt/ros/humble/include/rclcpp/rclcpp/executors.hpp:21\x1b[m\x1b[K,\n'}
[10.375591] (zed_components) StderrLine: {'line': b'                 from \x1b[01m\x1b[K/opt/ros/humble/include/rclcpp/rclcpp/rclcpp.hpp:155\x1b[m\x1b[K,\n'}
[10.375698] (zed_components) StderrLine: {'line': b'                 from \x1b[01m\x1b[K/home/wolfwagen/Undergrad_Minchan_Folder/ROOMBA_PROJECT_1/roomba_src/zed-ros2-wrapper/zed_components/src/tools/include/sl_tools.hpp:22\x1b[m\x1b[K,\n'}
[10.375809] (zed_components) StderrLine: {'line': b'                 from \x1b[01m\x1b[K/home/wolfwagen/Undergrad_Minchan_Folder/ROOMBA_PROJECT_1/roomba_src/zed-ros2-wrapper/zed_components/src/zed_camera_one/include/zed_camera_one_component.hpp:24\x1b[m\x1b[K,\n'}
[10.375924] (zed_components) StderrLine: {'line': b'                 from \x1b[01m\x1b[K/home/wolfwagen/Undergrad_Minchan_Folder/ROOMBA_PROJECT_1/roomba_src/zed-ros2-wrapper/zed_components/src/zed_camera_one/src/zed_camera_one_component_main.cpp:15\x1b[m\x1b[K:\n'}
[10.376034] (zed_components) StderrLine: {'line': b'\x1b[01m\x1b[K/home/wolfwagen/Undergrad_Minchan_Folder/ROOMBA_PROJECT_1/roomba_src/zed-ros2-wrapper/zed_components/src/zed_camera_one/src/zed_camera_one_component_main.cpp:1057:21:\x1b[m\x1b[K \x1b[01;35m\x1b[Kwarning: \x1b[m\x1b[Kformat \xe2\x80\x98\x1b[01m\x1b[K%d\x1b[m\x1b[K\xe2\x80\x99 expects argument of type \xe2\x80\x98\x1b[01m\x1b[Kint\x1b[m\x1b[K\xe2\x80\x99, but argument 5 has type \xe2\x80\x98\x1b[01m\x1b[Ksize_t\x1b[m\x1b[K\xe2\x80\x99 {aka \xe2\x80\x98\x1b[01m\x1b[Klong unsigned int\x1b[m\x1b[K\xe2\x80\x99} [\x1b[01;35m\x1b[K\x1b]8;;https://gcc.gnu.org/onlinedocs/gcc/Warning-Options.html#index-Wformat=\x07-Wformat=\x1b]8;;\x07\x1b[m\x1b[K]\n'}
[10.376171] (zed_components) StderrLine: {'line': b' 1057 |       get_logger(), \x1b[01;35m\x1b[K" * SVO resolution\\t-> %dx%d"\x1b[m\x1b[K,\n'}
[10.376282] (zed_components) StderrLine: {'line': b'      |                     \x1b[01;35m\x1b[K^~~~~~~~~~~~~~~~~~~~~~~~~~~~~\x1b[m\x1b[K\n'}
[10.376389] (zed_components) StderrLine: {'line': b' 1058 |       \x1b[32m\x1b[KcamInfo.camera_configuration.resolution.width\x1b[m\x1b[K,\n'}
[10.376501] (zed_components) StderrLine: {'line': b'      |       \x1b[32m\x1b[K~~~~~~~~~~~~~~~~~~~~~~~~~~~~~~~~~~~~~~~~~~~~~\x1b[m\x1b[K\n'}
[10.376606] (zed_components) StderrLine: {'line': b'      |                                               \x1b[32m\x1b[K|\x1b[m\x1b[K\n'}
[10.376744] (zed_components) StderrLine: {'line': b'      |                                               \x1b[32m\x1b[Ksize_t {aka long unsigned int}\x1b[m\x1b[K\n'}
[10.376853] (zed_components) StderrLine: {'line': b'\x1b[01m\x1b[K/home/wolfwagen/Undergrad_Minchan_Folder/ROOMBA_PROJECT_1/roomba_src/zed-ros2-wrapper/zed_components/src/zed_camera_one/src/zed_camera_one_component_main.cpp:1057:45:\x1b[m\x1b[K \x1b[01;36m\x1b[Knote: \x1b[m\x1b[Kformat string is defined here\n'}
[10.376966] (zed_components) StderrLine: {'line': b' 1057 |       get_logger(), " * SVO resolution\\t-> \x1b[01;36m\x1b[K%d\x1b[m\x1b[Kx%d",\n'}
[10.377089] (zed_components) StderrLine: {'line': b'      |                                            \x1b[01;36m\x1b[K~^\x1b[m\x1b[K\n'}
[10.377210] (zed_components) StderrLine: {'line': b'      |                                             \x1b[01;36m\x1b[K|\x1b[m\x1b[K\n'}
[10.377322] (zed_components) StderrLine: {'line': b'      |                                             \x1b[01;36m\x1b[Kint\x1b[m\x1b[K\n'}
[10.377479] (zed_components) StderrLine: {'line': b'      |                                            \x1b[32m\x1b[K%ld\x1b[m\x1b[K\n'}
[10.377613] (zed_components) StderrLine: {'line': b'In file included from \x1b[01m\x1b[K/opt/ros/humble/include/rclcpp/rclcpp/logging.hpp:24\x1b[m\x1b[K,\n'}
[10.377723] (zed_components) StderrLine: {'line': b'                 from \x1b[01m\x1b[K/opt/ros/humble/include/rclcpp/rclcpp/client.hpp:40\x1b[m\x1b[K,\n'}
[10.377834] (zed_components) StderrLine: {'line': b'                 from \x1b[01m\x1b[K/opt/ros/humble/include/rclcpp/rclcpp/callback_group.hpp:24\x1b[m\x1b[K,\n'}
[10.377941] (zed_components) StderrLine: {'line': b'                 from \x1b[01m\x1b[K/opt/ros/humble/include/rclcpp/rclcpp/any_executable.hpp:20\x1b[m\x1b[K,\n'}
[10.378046] (zed_components) StderrLine: {'line': b'                 from \x1b[01m\x1b[K/opt/ros/humble/include/rclcpp/rclcpp/memory_strategy.hpp:25\x1b[m\x1b[K,\n'}
[10.378150] (zed_components) StderrLine: {'line': b'                 from \x1b[01m\x1b[K/opt/ros/humble/include/rclcpp/rclcpp/memory_strategies.hpp:18\x1b[m\x1b[K,\n'}
[10.378390] (zed_components) StderrLine: {'line': b'                 from \x1b[01m\x1b[K/opt/ros/humble/include/rclcpp/rclcpp/executor_options.hpp:20\x1b[m\x1b[K,\n'}
[10.378505] (zed_components) StderrLine: {'line': b'                 from \x1b[01m\x1b[K/opt/ros/humble/include/rclcpp/rclcpp/executor.hpp:37\x1b[m\x1b[K,\n'}
[10.378613] (zed_components) StderrLine: {'line': b'                 from \x1b[01m\x1b[K/opt/ros/humble/include/rclcpp/rclcpp/executors/multi_threaded_executor.hpp:25\x1b[m\x1b[K,\n'}
[10.378721] (zed_components) StderrLine: {'line': b'                 from \x1b[01m\x1b[K/opt/ros/humble/include/rclcpp/rclcpp/executors.hpp:21\x1b[m\x1b[K,\n'}
[10.378821] (-) TimerEvent: {}
[10.379522] (zed_components) StderrLine: {'line': b'                 from \x1b[01m\x1b[K/opt/ros/humble/include/rclcpp/rclcpp/rclcpp.hpp:155\x1b[m\x1b[K,\n'}
[10.379778] (zed_components) StderrLine: {'line': b'                 from \x1b[01m\x1b[K/home/wolfwagen/Undergrad_Minchan_Folder/ROOMBA_PROJECT_1/roomba_src/zed-ros2-wrapper/zed_components/src/tools/include/sl_tools.hpp:22\x1b[m\x1b[K,\n'}
[10.379908] (zed_components) StderrLine: {'line': b'                 from \x1b[01m\x1b[K/home/wolfwagen/Undergrad_Minchan_Folder/ROOMBA_PROJECT_1/roomba_src/zed-ros2-wrapper/zed_components/src/zed_camera_one/include/zed_camera_one_component.hpp:24\x1b[m\x1b[K,\n'}
[10.380028] (zed_components) StderrLine: {'line': b'                 from \x1b[01m\x1b[K/home/wolfwagen/Undergrad_Minchan_Folder/ROOMBA_PROJECT_1/roomba_src/zed-ros2-wrapper/zed_components/src/zed_camera_one/src/zed_camera_one_component_main.cpp:15\x1b[m\x1b[K:\n'}
[10.380139] (zed_components) StderrLine: {'line': b'\x1b[01m\x1b[K/home/wolfwagen/Undergrad_Minchan_Folder/ROOMBA_PROJECT_1/roomba_src/zed-ros2-wrapper/zed_components/src/zed_camera_one/src/zed_camera_one_component_main.cpp:1057:21:\x1b[m\x1b[K \x1b[01;35m\x1b[Kwarning: \x1b[m\x1b[Kformat \xe2\x80\x98\x1b[01m\x1b[K%d\x1b[m\x1b[K\xe2\x80\x99 expects argument of type \xe2\x80\x98\x1b[01m\x1b[Kint\x1b[m\x1b[K\xe2\x80\x99, but argument 6 has type \xe2\x80\x98\x1b[01m\x1b[Ksize_t\x1b[m\x1b[K\xe2\x80\x99 {aka \xe2\x80\x98\x1b[01m\x1b[Klong unsigned int\x1b[m\x1b[K\xe2\x80\x99} [\x1b[01;35m\x1b[K\x1b]8;;https://gcc.gnu.org/onlinedocs/gcc/Warning-Options.html#index-Wformat=\x07-Wformat=\x1b]8;;\x07\x1b[m\x1b[K]\n'}
[10.380263] (zed_components) StderrLine: {'line': b' 1057 |       get_logger(), \x1b[01;35m\x1b[K" * SVO resolution\\t-> %dx%d"\x1b[m\x1b[K,\n'}
[10.380400] (zed_components) StderrLine: {'line': b'      |                     \x1b[01;35m\x1b[K^~~~~~~~~~~~~~~~~~~~~~~~~~~~~\x1b[m\x1b[K\n'}
[10.380510] (zed_components) StderrLine: {'line': b' 1058 |       camInfo.camera_configuration.resolution.width,\n'}
[10.380617] (zed_components) StderrLine: {'line': b' 1059 |       \x1b[32m\x1b[KcamInfo.camera_configuration.resolution.height\x1b[m\x1b[K);\n'}
[10.380724] (zed_components) StderrLine: {'line': b'      |       \x1b[32m\x1b[K~~~~~~~~~~~~~~~~~~~~~~~~~~~~~~~~~~~~~~~~~~~~~~\x1b[m\x1b[K\n'}
[10.380829] (zed_components) StderrLine: {'line': b'      |                                               \x1b[32m\x1b[K|\x1b[m\x1b[K\n'}
[10.380939] (zed_components) StderrLine: {'line': b'      |                                               \x1b[32m\x1b[Ksize_t {aka long unsigned int}\x1b[m\x1b[K\n'}
[10.381045] (zed_components) StderrLine: {'line': b'\x1b[01m\x1b[K/home/wolfwagen/Undergrad_Minchan_Folder/ROOMBA_PROJECT_1/roomba_src/zed-ros2-wrapper/zed_components/src/zed_camera_one/src/zed_camera_one_component_main.cpp:1057:48:\x1b[m\x1b[K \x1b[01;36m\x1b[Knote: \x1b[m\x1b[Kformat string is defined here\n'}
[10.381159] (zed_components) StderrLine: {'line': b' 1057 |       get_logger(), " * SVO resolution\\t-> %dx\x1b[01;36m\x1b[K%d\x1b[m\x1b[K",\n'}
[10.381266] (zed_components) StderrLine: {'line': b'      |                                               \x1b[01;36m\x1b[K~^\x1b[m\x1b[K\n'}
[10.381372] (zed_components) StderrLine: {'line': b'      |                                                \x1b[01;36m\x1b[K|\x1b[m\x1b[K\n'}
[10.381510] (zed_components) StderrLine: {'line': b'      |                                                \x1b[01;36m\x1b[Kint\x1b[m\x1b[K\n'}
[10.381622] (zed_components) StderrLine: {'line': b'      |                                               \x1b[32m\x1b[K%ld\x1b[m\x1b[K\n'}
[10.479032] (-) TimerEvent: {}
[10.579757] (-) TimerEvent: {}
[10.680475] (-) TimerEvent: {}
[10.781217] (-) TimerEvent: {}
[10.787765] (zed_components) StderrLine: {'line': b'\x1b[01m\x1b[K/home/wolfwagen/Undergrad_Minchan_Folder/ROOMBA_PROJECT_1/roomba_src/zed-ros2-wrapper/zed_components/src/zed_camera/src/zed_camera_component_main.cpp:\x1b[m\x1b[K In member function \xe2\x80\x98\x1b[01m\x1b[Kvoid stereolabs::ZedCamera::getGeneralParams()\x1b[m\x1b[K\xe2\x80\x99:\n'}
[10.788289] (zed_components) StderrLine: {'line': b'\x1b[01m\x1b[K/home/wolfwagen/Undergrad_Minchan_Folder/ROOMBA_PROJECT_1/roomba_src/zed-ros2-wrapper/zed_components/src/zed_camera/src/zed_camera_component_main.cpp:1235:37:\x1b[m\x1b[K \x1b[01;31m\x1b[Kerror: \x1b[m\x1b[K\xe2\x80\x98\x1b[01m\x1b[KHD1536\x1b[m\x1b[K\xe2\x80\x99 is not a member of \xe2\x80\x98\x1b[01m\x1b[Ksl::RESOLUTION\x1b[m\x1b[K\xe2\x80\x99\n'}
[10.788502] (zed_components) StderrLine: {'line': b' 1235 |         mCamResol = sl::RESOLUTION::\x1b[01;31m\x1b[KHD1536\x1b[m\x1b[K;\n'}
[10.788648] (zed_components) StderrLine: {'line': b'      |                                     \x1b[01;31m\x1b[K^~~~~~\x1b[m\x1b[K\n'}
[10.881452] (-) TimerEvent: {}
[10.982172] (-) TimerEvent: {}
[10.999377] (zed_components) StderrLine: {'line': b'\x1b[01m\x1b[K/home/wolfwagen/Undergrad_Minchan_Folder/ROOMBA_PROJECT_1/roomba_src/zed-ros2-wrapper/zed_components/src/zed_camera/src/zed_camera_component_main.cpp:\x1b[m\x1b[K In member function \xe2\x80\x98\x1b[01m\x1b[Kbool stereolabs::ZedCamera::startCamera()\x1b[m\x1b[K\xe2\x80\x99:\n'}
[10.999904] (zed_components) StderrLine: {'line': b'\x1b[01m\x1b[K/home/wolfwagen/Undergrad_Minchan_Folder/ROOMBA_PROJECT_1/roomba_src/zed-ros2-wrapper/zed_components/src/zed_camera/src/zed_camera_component_main.cpp:2735:15:\x1b[m\x1b[K \x1b[01;31m\x1b[Kerror: \x1b[m\x1b[K\xe2\x80\x98\x1b[01m\x1b[KgenerateVirtualStereoSerialNumber\x1b[m\x1b[K\xe2\x80\x99 is not a member of \xe2\x80\x98\x1b[01m\x1b[Ksl\x1b[m\x1b[K\xe2\x80\x99\n'}
[11.000076] (zed_components) StderrLine: {'line': b' 2735 |           sl::\x1b[01;31m\x1b[KgenerateVirtualStereoSerialNumber\x1b[m\x1b[K(\n'}
[11.000204] (zed_components) StderrLine: {'line': b'      |               \x1b[01;31m\x1b[K^~~~~~~~~~~~~~~~~~~~~~~~~~~~~~~~~\x1b[m\x1b[K\n'}
[11.000346] (zed_components) StderrLine: {'line': b'\x1b[01m\x1b[K/home/wolfwagen/Undergrad_Minchan_Folder/ROOMBA_PROJECT_1/roomba_src/zed-ros2-wrapper/zed_components/src/zed_camera/src/zed_camera_component_main.cpp:2738:27:\x1b[m\x1b[K \x1b[01;31m\x1b[Kerror: \x1b[m\x1b[K\xe2\x80\x98\x1b[01m\x1b[Kclass sl::InputType\x1b[m\x1b[K\xe2\x80\x99 has no member named \xe2\x80\x98\x1b[01m\x1b[KsetVirtualStereoFromSerialNumbers\x1b[m\x1b[K\xe2\x80\x99\n'}
[11.000469] (zed_components) StderrLine: {'line': b' 2738 |         mInitParams.input.\x1b[01;31m\x1b[KsetVirtualStereoFromSerialNumbers\x1b[m\x1b[K(\n'}
[11.000580] (zed_components) StderrLine: {'line': b'      |                           \x1b[01;31m\x1b[K^~~~~~~~~~~~~~~~~~~~~~~~~~~~~~~~~\x1b[m\x1b[K\n'}
[11.012186] (zed_components) StderrLine: {'line': b'\x1b[01m\x1b[K/home/wolfwagen/Undergrad_Minchan_Folder/ROOMBA_PROJECT_1/roomba_src/zed-ros2-wrapper/zed_components/src/zed_camera/src/zed_camera_component_main.cpp:2762:31:\x1b[m\x1b[K \x1b[01;31m\x1b[Kerror: \x1b[m\x1b[K\xe2\x80\x98\x1b[01m\x1b[KgenerateVirtualStereoSerialNumber\x1b[m\x1b[K\xe2\x80\x99 is not a member of \xe2\x80\x98\x1b[01m\x1b[Ksl\x1b[m\x1b[K\xe2\x80\x99\n'}
[11.012639] (zed_components) StderrLine: {'line': b' 2762 |         auto virtual_sn = sl::\x1b[01;31m\x1b[KgenerateVirtualStereoSerialNumber\x1b[m\x1b[K(serials[0], serials[1]);\n'}
[11.012791] (zed_components) StderrLine: {'line': b'      |                               \x1b[01;31m\x1b[K^~~~~~~~~~~~~~~~~~~~~~~~~~~~~~~~~\x1b[m\x1b[K\n'}
[11.012910] (zed_components) StderrLine: {'line': b'\x1b[01m\x1b[K/home/wolfwagen/Undergrad_Minchan_Folder/ROOMBA_PROJECT_1/roomba_src/zed-ros2-wrapper/zed_components/src/zed_camera/src/zed_camera_component_main.cpp:2764:27:\x1b[m\x1b[K \x1b[01;31m\x1b[Kerror: \x1b[m\x1b[K\xe2\x80\x98\x1b[01m\x1b[Kclass sl::InputType\x1b[m\x1b[K\xe2\x80\x99 has no member named \xe2\x80\x98\x1b[01m\x1b[KsetVirtualStereoFromCameraIDs\x1b[m\x1b[K\xe2\x80\x99\n'}
[11.013033] (zed_components) StderrLine: {'line': b' 2764 |         mInitParams.input.\x1b[01;31m\x1b[KsetVirtualStereoFromCameraIDs\x1b[m\x1b[K(\n'}
[11.013144] (zed_components) StderrLine: {'line': b'      |                           \x1b[01;31m\x1b[K^~~~~~~~~~~~~~~~~~~~~~~~~~~~~\x1b[m\x1b[K\n'}
[11.018185] (zed_components) StderrLine: {'line': b'\x1b[01m\x1b[K/home/wolfwagen/Undergrad_Minchan_Folder/ROOMBA_PROJECT_1/roomba_src/zed-ros2-wrapper/zed_components/src/zed_camera/src/zed_camera_component_main.cpp:2832:17:\x1b[m\x1b[K \x1b[01;31m\x1b[Kerror: \x1b[m\x1b[K\xe2\x80\x98\x1b[01m\x1b[Kstruct sl::InitParameters\x1b[m\x1b[K\xe2\x80\x99 has no member named \xe2\x80\x98\x1b[01m\x1b[Kmaximum_working_resolution\x1b[m\x1b[K\xe2\x80\x99\n'}
[11.018577] (zed_components) StderrLine: {'line': b' 2832 |     mInitParams.\x1b[01;31m\x1b[Kmaximum_working_resolution\x1b[m\x1b[K = mMatResol;\n'}
[11.018711] (zed_components) StderrLine: {'line': b'      |                 \x1b[01;31m\x1b[K^~~~~~~~~~~~~~~~~~~~~~~~~~\x1b[m\x1b[K\n'}
[11.018830] (zed_components) StderrLine: {'line': b'\x1b[01m\x1b[K/home/wolfwagen/Undergrad_Minchan_Folder/ROOMBA_PROJECT_1/roomba_src/zed-ros2-wrapper/zed_components/src/zed_camera/src/zed_camera_component_main.cpp:2834:17:\x1b[m\x1b[K \x1b[01;31m\x1b[Kerror: \x1b[m\x1b[K\xe2\x80\x98\x1b[01m\x1b[Kstruct sl::InitParameters\x1b[m\x1b[K\xe2\x80\x99 has no member named \xe2\x80\x98\x1b[01m\x1b[Kmaximum_working_resolution\x1b[m\x1b[K\xe2\x80\x99\n'}
[11.018949] (zed_components) StderrLine: {'line': b' 2834 |     mInitParams.\x1b[01;31m\x1b[Kmaximum_working_resolution\x1b[m\x1b[K = mPcResol;\n'}
[11.019060] (zed_components) StderrLine: {'line': b'      |                 \x1b[01;31m\x1b[K^~~~~~~~~~~~~~~~~~~~~~~~~~\x1b[m\x1b[K\n'}
[11.034123] (zed_components) StderrLine: {'line': b'\x1b[01m\x1b[K/home/wolfwagen/Undergrad_Minchan_Folder/ROOMBA_PROJECT_1/roomba_src/zed-ros2-wrapper/zed_components/src/zed_camera/src/zed_camera_component_main.cpp:2961:50:\x1b[m\x1b[K \x1b[01;31m\x1b[Kerror: \x1b[m\x1b[K\xe2\x80\x98\x1b[01m\x1b[KGEN_3\x1b[m\x1b[K\xe2\x80\x99 is not a member of \xe2\x80\x98\x1b[01m\x1b[Ksl::POSITIONAL_TRACKING_MODE\x1b[m\x1b[K\xe2\x80\x99; did you mean \xe2\x80\x98\x1b[01m\x1b[KGEN_1\x1b[m\x1b[K\xe2\x80\x99?\n'}
[11.034466] (zed_components) StderrLine: {'line': b' 2961 |     mPosTrkMode == sl::POSITIONAL_TRACKING_MODE::\x1b[01;31m\x1b[KGEN_3\x1b[m\x1b[K)\n'}
[11.034595] (zed_components) StderrLine: {'line': b'      |                                                  \x1b[01;31m\x1b[K^~~~~\x1b[m\x1b[K\n'}
[11.034740] (zed_components) StderrLine: {'line': b'      |                                                  \x1b[32m\x1b[KGEN_1\x1b[m\x1b[K\n'}
[11.044610] (zed_components) StderrLine: {'line': b'\x1b[01m\x1b[K/home/wolfwagen/Undergrad_Minchan_Folder/ROOMBA_PROJECT_1/roomba_src/zed-ros2-wrapper/zed_components/src/zed_camera/src/zed_camera_component_main.cpp:3060:42:\x1b[m\x1b[K \x1b[01;31m\x1b[Kerror: \x1b[m\x1b[K\xe2\x80\x98\x1b[01m\x1b[KZED_X_HDR\x1b[m\x1b[K\xe2\x80\x99 is not a member of \xe2\x80\x98\x1b[01m\x1b[Ksl::MODEL\x1b[m\x1b[K\xe2\x80\x99\n'}
[11.044908] (zed_components) StderrLine: {'line': b' 3060 |   } else if (mCamRealModel == sl::MODEL::\x1b[01;31m\x1b[KZED_X_HDR\x1b[m\x1b[K) {\n'}
[11.045035] (zed_components) StderrLine: {'line': b'      |                                          \x1b[01;31m\x1b[K^~~~~~~~~\x1b[m\x1b[K\n'}
[11.045300] (zed_components) StderrLine: {'line': b'\x1b[01m\x1b[K/home/wolfwagen/Undergrad_Minchan_Folder/ROOMBA_PROJECT_1/roomba_src/zed-ros2-wrapper/zed_components/src/zed_camera/src/zed_camera_component_main.cpp:3061:37:\x1b[m\x1b[K \x1b[01;31m\x1b[Kerror: \x1b[m\x1b[K\xe2\x80\x98\x1b[01m\x1b[KZED_X_HDR\x1b[m\x1b[K\xe2\x80\x99 is not a member of \xe2\x80\x98\x1b[01m\x1b[Ksl::MODEL\x1b[m\x1b[K\xe2\x80\x99\n'}
[11.045506] (zed_components) StderrLine: {'line': b' 3061 |     if (mCamUserModel != sl::MODEL::\x1b[01;31m\x1b[KZED_X_HDR\x1b[m\x1b[K) {\n'}
[11.045629] (zed_components) StderrLine: {'line': b'      |                                     \x1b[01;31m\x1b[K^~~~~~~~~\x1b[m\x1b[K\n'}
[11.045742] (zed_components) StderrLine: {'line': b'\x1b[01m\x1b[K/home/wolfwagen/Undergrad_Minchan_Folder/ROOMBA_PROJECT_1/roomba_src/zed-ros2-wrapper/zed_components/src/zed_camera/src/zed_camera_component_main.cpp:3067:42:\x1b[m\x1b[K \x1b[01;31m\x1b[Kerror: \x1b[m\x1b[K\xe2\x80\x98\x1b[01m\x1b[KZED_X_HDR_MINI\x1b[m\x1b[K\xe2\x80\x99 is not a member of \xe2\x80\x98\x1b[01m\x1b[Ksl::MODEL\x1b[m\x1b[K\xe2\x80\x99\n'}
[11.045859] (zed_components) StderrLine: {'line': b' 3067 |   } else if (mCamRealModel == sl::MODEL::\x1b[01;31m\x1b[KZED_X_HDR_MINI\x1b[m\x1b[K) {\n'}
[11.046101] (zed_components) StderrLine: {'line': b'      |                                          \x1b[01;31m\x1b[K^~~~~~~~~~~~~~\x1b[m\x1b[K\n'}
[11.046216] (zed_components) StderrLine: {'line': b'\x1b[01m\x1b[K/home/wolfwagen/Undergrad_Minchan_Folder/ROOMBA_PROJECT_1/roomba_src/zed-ros2-wrapper/zed_components/src/zed_camera/src/zed_camera_component_main.cpp:3068:37:\x1b[m\x1b[K \x1b[01;31m\x1b[Kerror: \x1b[m\x1b[K\xe2\x80\x98\x1b[01m\x1b[KZED_X_HDR_MINI\x1b[m\x1b[K\xe2\x80\x99 is not a member of \xe2\x80\x98\x1b[01m\x1b[Ksl::MODEL\x1b[m\x1b[K\xe2\x80\x99\n'}
[11.046334] (zed_components) StderrLine: {'line': b' 3068 |     if (mCamUserModel != sl::MODEL::\x1b[01;31m\x1b[KZED_X_HDR_MINI\x1b[m\x1b[K) {\n'}
[11.046441] (zed_components) StderrLine: {'line': b'      |                                     \x1b[01;31m\x1b[K^~~~~~~~~~~~~~\x1b[m\x1b[K\n'}
[11.046547] (zed_components) StderrLine: {'line': b'\x1b[01m\x1b[K/home/wolfwagen/Undergrad_Minchan_Folder/ROOMBA_PROJECT_1/roomba_src/zed-ros2-wrapper/zed_components/src/zed_camera/src/zed_camera_component_main.cpp:3074:42:\x1b[m\x1b[K \x1b[01;31m\x1b[Kerror: \x1b[m\x1b[K\xe2\x80\x98\x1b[01m\x1b[KZED_X_HDR_MAX\x1b[m\x1b[K\xe2\x80\x99 is not a member of \xe2\x80\x98\x1b[01m\x1b[Ksl::MODEL\x1b[m\x1b[K\xe2\x80\x99\n'}
[11.046660] (zed_components) StderrLine: {'line': b' 3074 |   } else if (mCamRealModel == sl::MODEL::\x1b[01;31m\x1b[KZED_X_HDR_MAX\x1b[m\x1b[K) {\n'}
[11.046793] (zed_components) StderrLine: {'line': b'      |                                          \x1b[01;31m\x1b[K^~~~~~~~~~~~~\x1b[m\x1b[K\n'}
[11.046898] (zed_components) StderrLine: {'line': b'\x1b[01m\x1b[K/home/wolfwagen/Undergrad_Minchan_Folder/ROOMBA_PROJECT_1/roomba_src/zed-ros2-wrapper/zed_components/src/zed_camera/src/zed_camera_component_main.cpp:3075:37:\x1b[m\x1b[K \x1b[01;31m\x1b[Kerror: \x1b[m\x1b[K\xe2\x80\x98\x1b[01m\x1b[KZED_X_HDR_MAX\x1b[m\x1b[K\xe2\x80\x99 is not a member of \xe2\x80\x98\x1b[01m\x1b[Ksl::MODEL\x1b[m\x1b[K\xe2\x80\x99\n'}
[11.047010] (zed_components) StderrLine: {'line': b' 3075 |     if (mCamUserModel != sl::MODEL::\x1b[01;31m\x1b[KZED_X_HDR_MAX\x1b[m\x1b[K) {\n'}
[11.047115] (zed_components) StderrLine: {'line': b'      |                                     \x1b[01;31m\x1b[K^~~~~~~~~~~~~\x1b[m\x1b[K\n'}
[11.082337] (-) TimerEvent: {}
[11.183167] (-) TimerEvent: {}
[11.193324] (zed_components) StderrLine: {'line': b'\x1b[01m\x1b[K/home/wolfwagen/Undergrad_Minchan_Folder/ROOMBA_PROJECT_1/roomba_src/zed-ros2-wrapper/zed_components/src/zed_camera/src/zed_camera_component_main.cpp:\x1b[m\x1b[K In member function \xe2\x80\x98\x1b[01m\x1b[Kbool stereolabs::ZedCamera::startPosTracking()\x1b[m\x1b[K\xe2\x80\x99:\n'}
[11.193853] (zed_components) StderrLine: {'line': b'\x1b[01m\x1b[K/home/wolfwagen/Undergrad_Minchan_Folder/ROOMBA_PROJECT_1/roomba_src/zed-ros2-wrapper/zed_components/src/zed_camera/src/zed_camera_component_main.cpp:3930:12:\x1b[m\x1b[K \x1b[01;31m\x1b[Kerror: \x1b[m\x1b[K\xe2\x80\x98\x1b[01m\x1b[Kstruct sl::PositionalTrackingParameters\x1b[m\x1b[K\xe2\x80\x99 has no member named \xe2\x80\x98\x1b[01m\x1b[Kenable_localization_only\x1b[m\x1b[K\xe2\x80\x99\n'}
[11.194023] (zed_components) StderrLine: {'line': b' 3930 |   ptParams.\x1b[01;31m\x1b[Kenable_localization_only\x1b[m\x1b[K = mLocalizationOnly;\n'}
[11.194154] (zed_components) StderrLine: {'line': b'      |            \x1b[01;31m\x1b[K^~~~~~~~~~~~~~~~~~~~~~~~\x1b[m\x1b[K\n'}
[11.283349] (-) TimerEvent: {}
[11.344024] (zed_components) StderrLine: {'line': b'\x1b[01m\x1b[K/home/wolfwagen/Undergrad_Minchan_Folder/ROOMBA_PROJECT_1/roomba_src/zed-ros2-wrapper/zed_components/src/zed_camera/src/zed_camera_component_main.cpp:\x1b[m\x1b[K In member function \xe2\x80\x98\x1b[01m\x1b[Kvoid stereolabs::ZedCamera::threadFunc_zedGrab()\x1b[m\x1b[K\xe2\x80\x99:\n'}
[11.344533] (zed_components) StderrLine: {'line': b'\x1b[01m\x1b[K/home/wolfwagen/Undergrad_Minchan_Folder/ROOMBA_PROJECT_1/roomba_src/zed-ros2-wrapper/zed_components/src/zed_camera/src/zed_camera_component_main.cpp:4965:29:\x1b[m\x1b[K \x1b[01;31m\x1b[Kerror: \x1b[m\x1b[K\xe2\x80\x98\x1b[01m\x1b[Kusing element_type = class sl::Camera\x1b[m\x1b[K\xe2\x80\x99 {aka \xe2\x80\x98\x1b[01m\x1b[Kclass sl::Camera\x1b[m\x1b[K\xe2\x80\x99} has no member named \xe2\x80\x98\x1b[01m\x1b[Kread\x1b[m\x1b[K\xe2\x80\x99\n'}
[11.344740] (zed_components) StderrLine: {'line': b' 4965 |         mGrabStatus = mZed->\x1b[01;31m\x1b[Kread\x1b[m\x1b[K();  // Image and sensor data reading with no depth processing\n'}
[11.344894] (zed_components) StderrLine: {'line': b'      |                             \x1b[01;31m\x1b[K^~~~\x1b[m\x1b[K\n'}
[11.383520] (-) TimerEvent: {}
[11.484917] (-) TimerEvent: {}
[11.506557] (zed_components) StderrLine: {'line': b'\x1b[01m\x1b[K/home/wolfwagen/Undergrad_Minchan_Folder/ROOMBA_PROJECT_1/roomba_src/zed-ros2-wrapper/zed_components/src/zed_camera/src/zed_camera_component_main.cpp:\x1b[m\x1b[K In member function \xe2\x80\x98\x1b[01m\x1b[Kvoid stereolabs::ZedCamera::publishCameraTFs(rclcpp::Time)\x1b[m\x1b[K\xe2\x80\x99:\n'}
[11.507050] (zed_components) StderrLine: {'line': b'\x1b[01m\x1b[K/home/wolfwagen/Undergrad_Minchan_Folder/ROOMBA_PROJECT_1/roomba_src/zed-ros2-wrapper/zed_components/src/zed_camera/src/zed_camera_component_main.cpp:5767:21:\x1b[m\x1b[K \x1b[01;31m\x1b[Kerror: \x1b[m\x1b[K\xe2\x80\x98\x1b[01m\x1b[KZED_X_HDR\x1b[m\x1b[K\xe2\x80\x99 is not a member of \xe2\x80\x98\x1b[01m\x1b[Ksl::MODEL\x1b[m\x1b[K\xe2\x80\x99\n'}
[11.507223] (zed_components) StderrLine: {'line': b' 5767 |     case sl::MODEL::\x1b[01;31m\x1b[KZED_X_HDR\x1b[m\x1b[K:\n'}
[11.507394] (zed_components) StderrLine: {'line': b'      |                     \x1b[01;31m\x1b[K^~~~~~~~~\x1b[m\x1b[K\n'}
[11.507535] (zed_components) StderrLine: {'line': b'\x1b[01m\x1b[K/home/wolfwagen/Undergrad_Minchan_Folder/ROOMBA_PROJECT_1/roomba_src/zed-ros2-wrapper/zed_components/src/zed_camera/src/zed_camera_component_main.cpp:5768:21:\x1b[m\x1b[K \x1b[01;31m\x1b[Kerror: \x1b[m\x1b[K\xe2\x80\x98\x1b[01m\x1b[KZED_X_HDR_MAX\x1b[m\x1b[K\xe2\x80\x99 is not a member of \xe2\x80\x98\x1b[01m\x1b[Ksl::MODEL\x1b[m\x1b[K\xe2\x80\x99\n'}
[11.507662] (zed_components) StderrLine: {'line': b' 5768 |     case sl::MODEL::\x1b[01;31m\x1b[KZED_X_HDR_MAX\x1b[m\x1b[K:\n'}
[11.507776] (zed_components) StderrLine: {'line': b'      |                     \x1b[01;31m\x1b[K^~~~~~~~~~~~~\x1b[m\x1b[K\n'}
[11.507888] (zed_components) StderrLine: {'line': b'\x1b[01m\x1b[K/home/wolfwagen/Undergrad_Minchan_Folder/ROOMBA_PROJECT_1/roomba_src/zed-ros2-wrapper/zed_components/src/zed_camera/src/zed_camera_component_main.cpp:5769:21:\x1b[m\x1b[K \x1b[01;31m\x1b[Kerror: \x1b[m\x1b[K\xe2\x80\x98\x1b[01m\x1b[KZED_X_HDR_MINI\x1b[m\x1b[K\xe2\x80\x99 is not a member of \xe2\x80\x98\x1b[01m\x1b[Ksl::MODEL\x1b[m\x1b[K\xe2\x80\x99\n'}
[11.508003] (zed_components) StderrLine: {'line': b' 5769 |     case sl::MODEL::\x1b[01;31m\x1b[KZED_X_HDR_MINI\x1b[m\x1b[K:\n'}
[11.508116] (zed_components) StderrLine: {'line': b'      |                     \x1b[01;31m\x1b[K^~~~~~~~~~~~~~\x1b[m\x1b[K\n'}
[11.585102] (-) TimerEvent: {}
[11.658305] (zed_components) StderrLine: {'line': b'\x1b[01m\x1b[K/home/wolfwagen/Undergrad_Minchan_Folder/ROOMBA_PROJECT_1/roomba_src/zed-ros2-wrapper/zed_components/src/zed_camera/src/zed_camera_component_main.cpp:\x1b[m\x1b[K In member function \xe2\x80\x98\x1b[01m\x1b[Kvoid stereolabs::ZedCamera::publishPoseLandmarks()\x1b[m\x1b[K\xe2\x80\x99:\n'}
[11.658806] (zed_components) StderrLine: {'line': b'\x1b[01m\x1b[K/home/wolfwagen/Undergrad_Minchan_Folder/ROOMBA_PROJECT_1/roomba_src/zed-ros2-wrapper/zed_components/src/zed_camera/src/zed_camera_component_main.cpp:6694:28:\x1b[m\x1b[K \x1b[01;31m\x1b[Kerror: \x1b[m\x1b[K\xe2\x80\x98\x1b[01m\x1b[KLandmark\x1b[m\x1b[K\xe2\x80\x99 is not a member of \xe2\x80\x98\x1b[01m\x1b[Ksl\x1b[m\x1b[K\xe2\x80\x99\n'}
[11.658972] (zed_components) StderrLine: {'line': b' 6694 |     std::map<uint64_t, sl::\x1b[01;31m\x1b[KLandmark\x1b[m\x1b[K> map_lm3d;\n'}
[11.659098] (zed_components) StderrLine: {'line': b'      |                            \x1b[01;31m\x1b[K^~~~~~~~\x1b[m\x1b[K\n'}
[11.659215] (zed_components) StderrLine: {'line': b'\x1b[01m\x1b[K/home/wolfwagen/Undergrad_Minchan_Folder/ROOMBA_PROJECT_1/roomba_src/zed-ros2-wrapper/zed_components/src/zed_camera/src/zed_camera_component_main.cpp:6694:36:\x1b[m\x1b[K \x1b[01;31m\x1b[Kerror: \x1b[m\x1b[Ktemplate argument 2 is invalid\n'}
[11.659333] (zed_components) StderrLine: {'line': b' 6694 |     std::map<uint64_t, sl::Landmark\x1b[01;31m\x1b[K>\x1b[m\x1b[K map_lm3d;\n'}
[11.659442] (zed_components) StderrLine: {'line': b'      |                                    \x1b[01;31m\x1b[K^\x1b[m\x1b[K\n'}
[11.659557] (zed_components) StderrLine: {'line': b'\x1b[01m\x1b[K/home/wolfwagen/Undergrad_Minchan_Folder/ROOMBA_PROJECT_1/roomba_src/zed-ros2-wrapper/zed_components/src/zed_camera/src/zed_camera_component_main.cpp:6694:36:\x1b[m\x1b[K \x1b[01;31m\x1b[Kerror: \x1b[m\x1b[Ktemplate argument 4 is invalid\n'}
[11.662152] (zed_components) StderrLine: {'line': b'\x1b[01m\x1b[K/home/wolfwagen/Undergrad_Minchan_Folder/ROOMBA_PROJECT_1/roomba_src/zed-ros2-wrapper/zed_components/src/zed_camera/src/zed_camera_component_main.cpp:6695:21:\x1b[m\x1b[K \x1b[01;31m\x1b[Kerror: \x1b[m\x1b[K\xe2\x80\x98\x1b[01m\x1b[KLandmark2D\x1b[m\x1b[K\xe2\x80\x99 is not a member of \xe2\x80\x98\x1b[01m\x1b[Ksl\x1b[m\x1b[K\xe2\x80\x99\n'}
[11.662519] (zed_components) StderrLine: {'line': b' 6695 |     std::vector<sl::\x1b[01;31m\x1b[KLandmark2D\x1b[m\x1b[K> map_lm2d;\n'}
[11.662655] (zed_components) StderrLine: {'line': b'      |                     \x1b[01;31m\x1b[K^~~~~~~~~~\x1b[m\x1b[K\n'}
[11.662813] (zed_components) StderrLine: {'line': b'\x1b[01m\x1b[K/home/wolfwagen/Undergrad_Minchan_Folder/ROOMBA_PROJECT_1/roomba_src/zed-ros2-wrapper/zed_components/src/zed_camera/src/zed_camera_component_main.cpp:6695:31:\x1b[m\x1b[K \x1b[01;31m\x1b[Kerror: \x1b[m\x1b[Ktemplate argument 1 is invalid\n'}
[11.662933] (zed_components) StderrLine: {'line': b' 6695 |     std::vector<sl::Landmark2D\x1b[01;31m\x1b[K>\x1b[m\x1b[K map_lm2d;\n'}
[11.663043] (zed_components) StderrLine: {'line': b'      |                               \x1b[01;31m\x1b[K^\x1b[m\x1b[K\n'}
[11.663176] (zed_components) StderrLine: {'line': b'\x1b[01m\x1b[K/home/wolfwagen/Undergrad_Minchan_Folder/ROOMBA_PROJECT_1/roomba_src/zed-ros2-wrapper/zed_components/src/zed_camera/src/zed_camera_component_main.cpp:6695:31:\x1b[m\x1b[K \x1b[01;31m\x1b[Kerror: \x1b[m\x1b[Ktemplate argument 2 is invalid\n'}
[11.663289] (zed_components) StderrLine: {'line': b'\x1b[01m\x1b[K/home/wolfwagen/Undergrad_Minchan_Folder/ROOMBA_PROJECT_1/roomba_src/zed-ros2-wrapper/zed_components/src/zed_camera/src/zed_camera_component_main.cpp:6696:23:\x1b[m\x1b[K \x1b[01;31m\x1b[Kerror: \x1b[m\x1b[K\xe2\x80\x98\x1b[01m\x1b[Kusing element_type = class sl::Camera\x1b[m\x1b[K\xe2\x80\x99 {aka \xe2\x80\x98\x1b[01m\x1b[Kclass sl::Camera\x1b[m\x1b[K\xe2\x80\x99} has no member named \xe2\x80\x98\x1b[01m\x1b[KgetPositionalTrackingLandmarks\x1b[m\x1b[K\xe2\x80\x99; did you mean \xe2\x80\x98\x1b[01m\x1b[KgetPositionalTrackingStatus\x1b[m\x1b[K\xe2\x80\x99?\n'}
[11.663444] (zed_components) StderrLine: {'line': b' 6696 |     auto res1 = mZed->\x1b[01;31m\x1b[KgetPositionalTrackingLandmarks\x1b[m\x1b[K(map_lm3d); // 3D landmarks (all the landmarks in world coords)\n'}
[11.663560] (zed_components) StderrLine: {'line': b'      |                       \x1b[01;31m\x1b[K^~~~~~~~~~~~~~~~~~~~~~~~~~~~~~\x1b[m\x1b[K\n'}
[11.663671] (zed_components) StderrLine: {'line': b'      |                       \x1b[32m\x1b[KgetPositionalTrackingStatus\x1b[m\x1b[K\n'}
[11.663780] (zed_components) StderrLine: {'line': b'\x1b[01m\x1b[K/home/wolfwagen/Undergrad_Minchan_Folder/ROOMBA_PROJECT_1/roomba_src/zed-ros2-wrapper/zed_components/src/zed_camera/src/zed_camera_component_main.cpp:6697:23:\x1b[m\x1b[K \x1b[01;31m\x1b[Kerror: \x1b[m\x1b[K\xe2\x80\x98\x1b[01m\x1b[Kusing element_type = class sl::Camera\x1b[m\x1b[K\xe2\x80\x99 {aka \xe2\x80\x98\x1b[01m\x1b[Kclass sl::Camera\x1b[m\x1b[K\xe2\x80\x99} has no member named \xe2\x80\x98\x1b[01m\x1b[KgetPositionalTrackingLandmarks2D\x1b[m\x1b[K\xe2\x80\x99; did you mean \xe2\x80\x98\x1b[01m\x1b[KgetPositionalTrackingStatus\x1b[m\x1b[K\xe2\x80\x99?\n'}
[11.663914] (zed_components) StderrLine: {'line': b' 6697 |     auto res2 = mZed->\x1b[01;31m\x1b[KgetPositionalTrackingLandmarks2D\x1b[m\x1b[K(map_lm2d); // 2D landmarks (currently tracked in image)\n'}
[11.664027] (zed_components) StderrLine: {'line': b'      |                       \x1b[01;31m\x1b[K^~~~~~~~~~~~~~~~~~~~~~~~~~~~~~~~\x1b[m\x1b[K\n'}
[11.664134] (zed_components) StderrLine: {'line': b'      |                       \x1b[32m\x1b[KgetPositionalTrackingStatus\x1b[m\x1b[K\n'}
[11.680093] (zed_components) StderrLine: {'line': b'\x1b[01m\x1b[K/home/wolfwagen/Undergrad_Minchan_Folder/ROOMBA_PROJECT_1/roomba_src/zed-ros2-wrapper/zed_components/src/zed_camera/src/zed_camera_component_main.cpp:6719:29:\x1b[m\x1b[K \x1b[01;31m\x1b[Kerror: \x1b[m\x1b[Krequest for member \xe2\x80\x98\x1b[01m\x1b[Ksize\x1b[m\x1b[K\xe2\x80\x99 in \xe2\x80\x98\x1b[01m\x1b[Kmap_lm3d\x1b[m\x1b[K\xe2\x80\x99, which is of non-class type \xe2\x80\x98\x1b[01m\x1b[Kint\x1b[m\x1b[K\xe2\x80\x99\n'}
[11.680545] (zed_components) StderrLine: {'line': b' 6719 |     int ptsCount = map_lm3d.\x1b[01;31m\x1b[Ksize\x1b[m\x1b[K();\n'}
[11.680690] (zed_components) StderrLine: {'line': b'      |                             \x1b[01;31m\x1b[K^~~~\x1b[m\x1b[K\n'}
[11.685230] (-) TimerEvent: {}
[11.691947] (zed_components) StderrLine: {'line': b'\x1b[01m\x1b[K/home/wolfwagen/Undergrad_Minchan_Folder/ROOMBA_PROJECT_1/roomba_src/zed-ros2-wrapper/zed_components/src/zed_camera/src/zed_camera_component_main.cpp:6774:34:\x1b[m\x1b[K \x1b[01;31m\x1b[Kerror: \x1b[m\x1b[K\xe2\x80\x98\x1b[01m\x1b[Kbegin\x1b[m\x1b[K\xe2\x80\x99 was not declared in this scope\n'}
[11.692405] (zed_components) StderrLine: {'line': b' 6774 |     for (const auto & landmark : \x1b[01;31m\x1b[Kmap_lm3d\x1b[m\x1b[K) {\n'}
[11.692549] (zed_components) StderrLine: {'line': b'      |                                  \x1b[01;31m\x1b[K^~~~~~~~\x1b[m\x1b[K\n'}
[11.692670] (zed_components) StderrLine: {'line': b'\x1b[01m\x1b[K/home/wolfwagen/Undergrad_Minchan_Folder/ROOMBA_PROJECT_1/roomba_src/zed-ros2-wrapper/zed_components/src/zed_camera/src/zed_camera_component_main.cpp:6774:34:\x1b[m\x1b[K \x1b[01;36m\x1b[Knote: \x1b[m\x1b[Ksuggested alternatives:\n'}
[11.692789] (zed_components) StderrLine: {'line': b'In file included from \x1b[01m\x1b[K/usr/include/nlohmann/detail/conversions/from_json.hpp:13\x1b[m\x1b[K,\n'}
[11.693297] (zed_components) StderrLine: {'line': b'                 from \x1b[01m\x1b[K/usr/include/nlohmann/adl_serializer.hpp:6\x1b[m\x1b[K,\n'}
[11.693455] (zed_components) StderrLine: {'line': b'                 from \x1b[01m\x1b[K/usr/include/nlohmann/json.hpp:60\x1b[m\x1b[K,\n'}
[11.693585] (zed_components) StderrLine: {'line': b'                 from \x1b[01m\x1b[K/home/wolfwagen/Undergrad_Minchan_Folder/ROOMBA_PROJECT_1/roomba_src/zed-ros2-wrapper/zed_components/src/tools/include/gnss_replay.hpp:5\x1b[m\x1b[K,\n'}
[11.693702] (zed_components) StderrLine: {'line': b'                 from \x1b[01m\x1b[K/home/wolfwagen/Undergrad_Minchan_Folder/ROOMBA_PROJECT_1/roomba_src/zed-ros2-wrapper/zed_components/src/tools/include/sl_tools.hpp:30\x1b[m\x1b[K,\n'}
[11.693817] (zed_components) StderrLine: {'line': b'                 from \x1b[01m\x1b[K/home/wolfwagen/Undergrad_Minchan_Folder/ROOMBA_PROJECT_1/roomba_src/zed-ros2-wrapper/zed_components/src/zed_camera/include/zed_camera_component.hpp:27\x1b[m\x1b[K,\n'}
[11.693928] (zed_components) StderrLine: {'line': b'                 from \x1b[01m\x1b[K/home/wolfwagen/Undergrad_Minchan_Folder/ROOMBA_PROJECT_1/roomba_src/zed-ros2-wrapper/zed_components/src/zed_camera/src/zed_camera_component_main.cpp:15\x1b[m\x1b[K:\n'}
[11.694040] (zed_components) StderrLine: {'line': b'\x1b[01m\x1b[K/usr/include/c++/11/valarray:1228:5:\x1b[m\x1b[K \x1b[01;36m\x1b[Knote: \x1b[m\x1b[K  \xe2\x80\x98\x1b[01m\x1b[Kstd::begin\x1b[m\x1b[K\xe2\x80\x99\n'}
[11.694150] (zed_components) StderrLine: {'line': b' 1228 |     \x1b[01;36m\x1b[Kbegin\x1b[m\x1b[K(const valarray<_Tp>& __va) noexcept\n'}
[11.694286] (zed_components) StderrLine: {'line': b'      |     \x1b[01;36m\x1b[K^~~~~\x1b[m\x1b[K\n'}
[11.694395] (zed_components) StderrLine: {'line': b'In file included from \x1b[01m\x1b[K/usr/include/c++/11/filesystem:46\x1b[m\x1b[K,\n'}
[11.694500] (zed_components) StderrLine: {'line': b'                 from \x1b[01m\x1b[K/usr/include/nlohmann/detail/conversions/from_json.hpp:29\x1b[m\x1b[K,\n'}
[11.699328] (zed_components) StderrLine: {'line': b'                 from \x1b[01m\x1b[K/usr/include/nlohmann/adl_serializer.hpp:6\x1b[m\x1b[K,\n'}
[11.699559] (zed_components) StderrLine: {'line': b'                 from \x1b[01m\x1b[K/usr/include/nlohmann/json.hpp:60\x1b[m\x1b[K,\n'}
[11.699691] (zed_components) StderrLine: {'line': b'                 from \x1b[01m\x1b[K/home/wolfwagen/Undergrad_Minchan_Folder/ROOMBA_PROJECT_1/roomba_src/zed-ros2-wrapper/zed_components/src/tools/include/gnss_replay.hpp:5\x1b[m\x1b[K,\n'}
[11.699809] (zed_components) StderrLine: {'line': b'                 from \x1b[01m\x1b[K/home/wolfwagen/Undergrad_Minchan_Folder/ROOMBA_PROJECT_1/roomba_src/zed-ros2-wrapper/zed_components/src/tools/include/sl_tools.hpp:30\x1b[m\x1b[K,\n'}
[11.699924] (zed_components) StderrLine: {'line': b'                 from \x1b[01m\x1b[K/home/wolfwagen/Undergrad_Minchan_Folder/ROOMBA_PROJECT_1/roomba_src/zed-ros2-wrapper/zed_components/src/zed_camera/include/zed_camera_component.hpp:27\x1b[m\x1b[K,\n'}
[11.700071] (zed_components) StderrLine: {'line': b'                 from \x1b[01m\x1b[K/home/wolfwagen/Undergrad_Minchan_Folder/ROOMBA_PROJECT_1/roomba_src/zed-ros2-wrapper/zed_components/src/zed_camera/src/zed_camera_component_main.cpp:15\x1b[m\x1b[K:\n'}
[11.700200] (zed_components) StderrLine: {'line': b'\x1b[01m\x1b[K/usr/include/c++/11/bits/fs_dir.h:549:3:\x1b[m\x1b[K \x1b[01;36m\x1b[Knote: \x1b[m\x1b[K  \xe2\x80\x98\x1b[01m\x1b[Kstd::filesystem::__cxx11::begin\x1b[m\x1b[K\xe2\x80\x99\n'}
[11.700312] (zed_components) StderrLine: {'line': b'  549 |   \x1b[01;36m\x1b[Kbegin\x1b[m\x1b[K(recursive_directory_iterator __iter) noexcept\n'}
[11.700424] (zed_components) StderrLine: {'line': b'      |   \x1b[01;36m\x1b[K^~~~~\x1b[m\x1b[K\n'}
[11.700534] (zed_components) StderrLine: {'line': b'In file included from \x1b[01m\x1b[K/usr/include/c++/11/utility:76\x1b[m\x1b[K,\n'}
[11.700642] (zed_components) StderrLine: {'line': b'                 from \x1b[01m\x1b[K/usr/include/c++/11/algorithm:60\x1b[m\x1b[K,\n'}
[11.700747] (zed_components) StderrLine: {'line': b'                 from \x1b[01m\x1b[K/usr/local/zed/include/sl/Camera.hpp:66\x1b[m\x1b[K,\n'}
[11.700871] (zed_components) StderrLine: {'line': b'                 from \x1b[01m\x1b[K/home/wolfwagen/Undergrad_Minchan_Folder/ROOMBA_PROJECT_1/roomba_src/zed-ros2-wrapper/zed_components/src/zed_camera/include/zed_camera_component.hpp:20\x1b[m\x1b[K,\n'}
[11.700979] (zed_components) StderrLine: {'line': b'                 from \x1b[01m\x1b[K/home/wolfwagen/Undergrad_Minchan_Folder/ROOMBA_PROJECT_1/roomba_src/zed-ros2-wrapper/zed_components/src/zed_camera/src/zed_camera_component_main.cpp:15\x1b[m\x1b[K:\n'}
[11.701087] (zed_components) StderrLine: {'line': b'\x1b[01m\x1b[K/usr/include/c++/11/initializer_list:90:5:\x1b[m\x1b[K \x1b[01;36m\x1b[Knote: \x1b[m\x1b[K  \xe2\x80\x98\x1b[01m\x1b[Kstd::begin\x1b[m\x1b[K\xe2\x80\x99\n'}
[11.701194] (zed_components) StderrLine: {'line': b'   90 |     \x1b[01;36m\x1b[Kbegin\x1b[m\x1b[K(initializer_list<_Tp> __ils) noexcept\n'}
[11.701304] (zed_components) StderrLine: {'line': b'      |     \x1b[01;36m\x1b[K^~~~~\x1b[m\x1b[K\n'}
[11.701439] (zed_components) StderrLine: {'line': b'In file included from \x1b[01m\x1b[K/usr/include/nlohmann/detail/string_escape.hpp:4\x1b[m\x1b[K,\n'}
[11.701558] (zed_components) StderrLine: {'line': b'                 from \x1b[01m\x1b[K/usr/include/nlohmann/detail/exceptions.hpp:9\x1b[m\x1b[K,\n'}
[11.701669] (zed_components) StderrLine: {'line': b'                 from \x1b[01m\x1b[K/usr/include/nlohmann/detail/conversions/from_json.hpp:15\x1b[m\x1b[K,\n'}
[11.701777] (zed_components) StderrLine: {'line': b'                 from \x1b[01m\x1b[K/usr/include/nlohmann/adl_serializer.hpp:6\x1b[m\x1b[K,\n'}
[11.701887] (zed_components) StderrLine: {'line': b'                 from \x1b[01m\x1b[K/usr/include/nlohmann/json.hpp:60\x1b[m\x1b[K,\n'}
[11.701991] (zed_components) StderrLine: {'line': b'                 from \x1b[01m\x1b[K/home/wolfwagen/Undergrad_Minchan_Folder/ROOMBA_PROJECT_1/roomba_src/zed-ros2-wrapper/zed_components/src/tools/include/gnss_replay.hpp:5\x1b[m\x1b[K,\n'}
[11.702098] (zed_components) StderrLine: {'line': b'                 from \x1b[01m\x1b[K/home/wolfwagen/Undergrad_Minchan_Folder/ROOMBA_PROJECT_1/roomba_src/zed-ros2-wrapper/zed_components/src/tools/include/sl_tools.hpp:30\x1b[m\x1b[K,\n'}
[11.702204] (zed_components) StderrLine: {'line': b'                 from \x1b[01m\x1b[K/home/wolfwagen/Undergrad_Minchan_Folder/ROOMBA_PROJECT_1/roomba_src/zed-ros2-wrapper/zed_components/src/zed_camera/include/zed_camera_component.hpp:27\x1b[m\x1b[K,\n'}
[11.702311] (zed_components) StderrLine: {'line': b'                 from \x1b[01m\x1b[K/home/wolfwagen/Undergrad_Minchan_Folder/ROOMBA_PROJECT_1/roomba_src/zed-ros2-wrapper/zed_components/src/zed_camera/src/zed_camera_component_main.cpp:15\x1b[m\x1b[K:\n'}
[11.702419] (zed_components) StderrLine: {'line': b'\x1b[01m\x1b[K/usr/include/nlohmann/detail/meta/call_std/begin.hpp:7:1:\x1b[m\x1b[K \x1b[01;36m\x1b[Knote: \x1b[m\x1b[K  \xe2\x80\x98\x1b[01m\x1b[Knlohmann::detail2::begin\x1b[m\x1b[K\xe2\x80\x99\n'}
[11.702551] (zed_components) StderrLine: {'line': b'    7 | \x1b[01;36m\x1b[KNLOHMANN_CAN_CALL_STD_FUNC_IMPL\x1b[m\x1b[K(begin);\n'}
[11.702658] (zed_components) StderrLine: {'line': b'      | \x1b[01;36m\x1b[K^~~~~~~~~~~~~~~~~~~~~~~~~~~~~~~\x1b[m\x1b[K\n'}
[11.702765] (zed_components) StderrLine: {'line': b'In file included from \x1b[01m\x1b[K/usr/include/c++/11/utility:76\x1b[m\x1b[K,\n'}
[11.702871] (zed_components) StderrLine: {'line': b'                 from \x1b[01m\x1b[K/usr/include/c++/11/algorithm:60\x1b[m\x1b[K,\n'}
[11.702977] (zed_components) StderrLine: {'line': b'                 from \x1b[01m\x1b[K/usr/local/zed/include/sl/Camera.hpp:66\x1b[m\x1b[K,\n'}
[11.703101] (zed_components) StderrLine: {'line': b'                 from \x1b[01m\x1b[K/home/wolfwagen/Undergrad_Minchan_Folder/ROOMBA_PROJECT_1/roomba_src/zed-ros2-wrapper/zed_components/src/zed_camera/include/zed_camera_component.hpp:20\x1b[m\x1b[K,\n'}
[11.703212] (zed_components) StderrLine: {'line': b'                 from \x1b[01m\x1b[K/home/wolfwagen/Undergrad_Minchan_Folder/ROOMBA_PROJECT_1/roomba_src/zed-ros2-wrapper/zed_components/src/zed_camera/src/zed_camera_component_main.cpp:15\x1b[m\x1b[K:\n'}
[11.703319] (zed_components) StderrLine: {'line': b'\x1b[01m\x1b[K/usr/include/c++/11/initializer_list:90:5:\x1b[m\x1b[K \x1b[01;36m\x1b[Knote: \x1b[m\x1b[K  \xe2\x80\x98\x1b[01m\x1b[Kstd::begin\x1b[m\x1b[K\xe2\x80\x99\n'}
[11.703429] (zed_components) StderrLine: {'line': b'   90 |     \x1b[01;36m\x1b[Kbegin\x1b[m\x1b[K(initializer_list<_Tp> __ils) noexcept\n'}
[11.703535] (zed_components) StderrLine: {'line': b'      |     \x1b[01;36m\x1b[K^~~~~\x1b[m\x1b[K\n'}
[11.703642] (zed_components) StderrLine: {'line': b'\x1b[01m\x1b[K/home/wolfwagen/Undergrad_Minchan_Folder/ROOMBA_PROJECT_1/roomba_src/zed-ros2-wrapper/zed_components/src/zed_camera/src/zed_camera_component_main.cpp:6774:34:\x1b[m\x1b[K \x1b[01;31m\x1b[Kerror: \x1b[m\x1b[K\xe2\x80\x98\x1b[01m\x1b[Kend\x1b[m\x1b[K\xe2\x80\x99 was not declared in this scope\n'}
[11.703755] (zed_components) StderrLine: {'line': b' 6774 |     for (const auto & landmark : \x1b[01;31m\x1b[Kmap_lm3d\x1b[m\x1b[K) {\n'}
[11.703865] (zed_components) StderrLine: {'line': b'      |                                  \x1b[01;31m\x1b[K^~~~~~~~\x1b[m\x1b[K\n'}
[11.703968] (zed_components) StderrLine: {'line': b'\x1b[01m\x1b[K/home/wolfwagen/Undergrad_Minchan_Folder/ROOMBA_PROJECT_1/roomba_src/zed-ros2-wrapper/zed_components/src/zed_camera/src/zed_camera_component_main.cpp:6774:34:\x1b[m\x1b[K \x1b[01;36m\x1b[Knote: \x1b[m\x1b[Ksuggested alternatives:\n'}
[11.704098] (zed_components) StderrLine: {'line': b'In file included from \x1b[01m\x1b[K/usr/include/nlohmann/detail/conversions/from_json.hpp:13\x1b[m\x1b[K,\n'}
[11.704204] (zed_components) StderrLine: {'line': b'                 from \x1b[01m\x1b[K/usr/include/nlohmann/adl_serializer.hpp:6\x1b[m\x1b[K,\n'}
[11.704308] (zed_components) StderrLine: {'line': b'                 from \x1b[01m\x1b[K/usr/include/nlohmann/json.hpp:60\x1b[m\x1b[K,\n'}
[11.704415] (zed_components) StderrLine: {'line': b'                 from \x1b[01m\x1b[K/home/wolfwagen/Undergrad_Minchan_Folder/ROOMBA_PROJECT_1/roomba_src/zed-ros2-wrapper/zed_components/src/tools/include/gnss_replay.hpp:5\x1b[m\x1b[K,\n'}
[11.704522] (zed_components) StderrLine: {'line': b'                 from \x1b[01m\x1b[K/home/wolfwagen/Undergrad_Minchan_Folder/ROOMBA_PROJECT_1/roomba_src/zed-ros2-wrapper/zed_components/src/tools/include/sl_tools.hpp:30\x1b[m\x1b[K,\n'}
[11.704628] (zed_components) StderrLine: {'line': b'                 from \x1b[01m\x1b[K/home/wolfwagen/Undergrad_Minchan_Folder/ROOMBA_PROJECT_1/roomba_src/zed-ros2-wrapper/zed_components/src/zed_camera/include/zed_camera_component.hpp:27\x1b[m\x1b[K,\n'}
[11.704753] (zed_components) StderrLine: {'line': b'                 from \x1b[01m\x1b[K/home/wolfwagen/Undergrad_Minchan_Folder/ROOMBA_PROJECT_1/roomba_src/zed-ros2-wrapper/zed_components/src/zed_camera/src/zed_camera_component_main.cpp:15\x1b[m\x1b[K:\n'}
[11.704860] (zed_components) StderrLine: {'line': b'\x1b[01m\x1b[K/usr/include/c++/11/valarray:1255:5:\x1b[m\x1b[K \x1b[01;36m\x1b[Knote: \x1b[m\x1b[K  \xe2\x80\x98\x1b[01m\x1b[Kstd::end\x1b[m\x1b[K\xe2\x80\x99\n'}
[11.704979] (zed_components) StderrLine: {'line': b' 1255 |     \x1b[01;36m\x1b[Kend\x1b[m\x1b[K(const valarray<_Tp>& __va) noexcept\n'}
[11.705085] (zed_components) StderrLine: {'line': b'      |     \x1b[01;36m\x1b[K^~~\x1b[m\x1b[K\n'}
[11.705189] (zed_components) StderrLine: {'line': b'In file included from \x1b[01m\x1b[K/usr/include/c++/11/filesystem:46\x1b[m\x1b[K,\n'}
[11.705293] (zed_components) StderrLine: {'line': b'                 from \x1b[01m\x1b[K/usr/include/nlohmann/detail/conversions/from_json.hpp:29\x1b[m\x1b[K,\n'}
[11.705398] (zed_components) StderrLine: {'line': b'                 from \x1b[01m\x1b[K/usr/include/nlohmann/adl_serializer.hpp:6\x1b[m\x1b[K,\n'}
[11.705550] (zed_components) StderrLine: {'line': b'                 from \x1b[01m\x1b[K/usr/include/nlohmann/json.hpp:60\x1b[m\x1b[K,\n'}
[11.705657] (zed_components) StderrLine: {'line': b'                 from \x1b[01m\x1b[K/home/wolfwagen/Undergrad_Minchan_Folder/ROOMBA_PROJECT_1/roomba_src/zed-ros2-wrapper/zed_components/src/tools/include/gnss_replay.hpp:5\x1b[m\x1b[K,\n'}
[11.705762] (zed_components) StderrLine: {'line': b'                 from \x1b[01m\x1b[K/home/wolfwagen/Undergrad_Minchan_Folder/ROOMBA_PROJECT_1/roomba_src/zed-ros2-wrapper/zed_components/src/tools/include/sl_tools.hpp:30\x1b[m\x1b[K,\n'}
[11.705867] (zed_components) StderrLine: {'line': b'                 from \x1b[01m\x1b[K/home/wolfwagen/Undergrad_Minchan_Folder/ROOMBA_PROJECT_1/roomba_src/zed-ros2-wrapper/zed_components/src/zed_camera/include/zed_camera_component.hpp:27\x1b[m\x1b[K,\n'}
[11.705975] (zed_components) StderrLine: {'line': b'                 from \x1b[01m\x1b[K/home/wolfwagen/Undergrad_Minchan_Folder/ROOMBA_PROJECT_1/roomba_src/zed-ros2-wrapper/zed_components/src/zed_camera/src/zed_camera_component_main.cpp:15\x1b[m\x1b[K:\n'}
[11.706082] (zed_components) StderrLine: {'line': b'\x1b[01m\x1b[K/usr/include/c++/11/bits/fs_dir.h:554:3:\x1b[m\x1b[K \x1b[01;36m\x1b[Knote: \x1b[m\x1b[K  \xe2\x80\x98\x1b[01m\x1b[Kstd::filesystem::__cxx11::end\x1b[m\x1b[K\xe2\x80\x99\n'}
[11.706187] (zed_components) StderrLine: {'line': b'  554 |   \x1b[01;36m\x1b[Kend\x1b[m\x1b[K(recursive_directory_iterator) noexcept\n'}
[11.706291] (zed_components) StderrLine: {'line': b'      |   \x1b[01;36m\x1b[K^~~\x1b[m\x1b[K\n'}
[11.706395] (zed_components) StderrLine: {'line': b'In file included from \x1b[01m\x1b[K/usr/include/c++/11/utility:76\x1b[m\x1b[K,\n'}
[11.706499] (zed_components) StderrLine: {'line': b'                 from \x1b[01m\x1b[K/usr/include/c++/11/algorithm:60\x1b[m\x1b[K,\n'}
[11.706644] (zed_components) StderrLine: {'line': b'                 from \x1b[01m\x1b[K/usr/local/zed/include/sl/Camera.hpp:66\x1b[m\x1b[K,\n'}
[11.706757] (zed_components) StderrLine: {'line': b'                 from \x1b[01m\x1b[K/home/wolfwagen/Undergrad_Minchan_Folder/ROOMBA_PROJECT_1/roomba_src/zed-ros2-wrapper/zed_components/src/zed_camera/include/zed_camera_component.hpp:20\x1b[m\x1b[K,\n'}
[11.706867] (zed_components) StderrLine: {'line': b'                 from \x1b[01m\x1b[K/home/wolfwagen/Undergrad_Minchan_Folder/ROOMBA_PROJECT_1/roomba_src/zed-ros2-wrapper/zed_components/src/zed_camera/src/zed_camera_component_main.cpp:15\x1b[m\x1b[K:\n'}
[11.706972] (zed_components) StderrLine: {'line': b'\x1b[01m\x1b[K/usr/include/c++/11/initializer_list:101:5:\x1b[m\x1b[K \x1b[01;36m\x1b[Knote: \x1b[m\x1b[K  \xe2\x80\x98\x1b[01m\x1b[Kstd::end\x1b[m\x1b[K\xe2\x80\x99\n'}
[11.707083] (zed_components) StderrLine: {'line': b'  101 |     \x1b[01;36m\x1b[Kend\x1b[m\x1b[K(initializer_list<_Tp> __ils) noexcept\n'}
[11.707188] (zed_components) StderrLine: {'line': b'      |     \x1b[01;36m\x1b[K^~~\x1b[m\x1b[K\n'}
[11.707292] (zed_components) StderrLine: {'line': b'In file included from \x1b[01m\x1b[K/usr/include/nlohmann/detail/string_escape.hpp:4\x1b[m\x1b[K,\n'}
[11.707396] (zed_components) StderrLine: {'line': b'                 from \x1b[01m\x1b[K/usr/include/nlohmann/detail/exceptions.hpp:9\x1b[m\x1b[K,\n'}
[11.707520] (zed_components) StderrLine: {'line': b'                 from \x1b[01m\x1b[K/usr/include/nlohmann/detail/conversions/from_json.hpp:15\x1b[m\x1b[K,\n'}
[11.707627] (zed_components) StderrLine: {'line': b'                 from \x1b[01m\x1b[K/usr/include/nlohmann/adl_serializer.hpp:6\x1b[m\x1b[K,\n'}
[11.707732] (zed_components) StderrLine: {'line': b'                 from \x1b[01m\x1b[K/usr/include/nlohmann/json.hpp:60\x1b[m\x1b[K,\n'}
[11.707839] (zed_components) StderrLine: {'line': b'                 from \x1b[01m\x1b[K/home/wolfwagen/Undergrad_Minchan_Folder/ROOMBA_PROJECT_1/roomba_src/zed-ros2-wrapper/zed_components/src/tools/include/gnss_replay.hpp:5\x1b[m\x1b[K,\n'}
[11.707945] (zed_components) StderrLine: {'line': b'                 from \x1b[01m\x1b[K/home/wolfwagen/Undergrad_Minchan_Folder/ROOMBA_PROJECT_1/roomba_src/zed-ros2-wrapper/zed_components/src/tools/include/sl_tools.hpp:30\x1b[m\x1b[K,\n'}
[11.708068] (zed_components) StderrLine: {'line': b'                 from \x1b[01m\x1b[K/home/wolfwagen/Undergrad_Minchan_Folder/ROOMBA_PROJECT_1/roomba_src/zed-ros2-wrapper/zed_components/src/zed_camera/include/zed_camera_component.hpp:27\x1b[m\x1b[K,\n'}
[11.708176] (zed_components) StderrLine: {'line': b'                 from \x1b[01m\x1b[K/home/wolfwagen/Undergrad_Minchan_Folder/ROOMBA_PROJECT_1/roomba_src/zed-ros2-wrapper/zed_components/src/zed_camera/src/zed_camera_component_main.cpp:15\x1b[m\x1b[K:\n'}
[11.708281] (zed_components) StderrLine: {'line': b'\x1b[01m\x1b[K/usr/include/nlohmann/detail/meta/call_std/end.hpp:7:1:\x1b[m\x1b[K \x1b[01;36m\x1b[Knote: \x1b[m\x1b[K  \xe2\x80\x98\x1b[01m\x1b[Knlohmann::detail2::end\x1b[m\x1b[K\xe2\x80\x99\n'}
[11.708387] (zed_components) StderrLine: {'line': b'    7 | \x1b[01;36m\x1b[KNLOHMANN_CAN_CALL_STD_FUNC_IMPL\x1b[m\x1b[K(end);\n'}
[11.708493] (zed_components) StderrLine: {'line': b'      | \x1b[01;36m\x1b[K^~~~~~~~~~~~~~~~~~~~~~~~~~~~~~~\x1b[m\x1b[K\n'}
[11.708598] (zed_components) StderrLine: {'line': b'In file included from \x1b[01m\x1b[K/usr/include/c++/11/utility:76\x1b[m\x1b[K,\n'}
[11.708717] (zed_components) StderrLine: {'line': b'                 from \x1b[01m\x1b[K/usr/include/c++/11/algorithm:60\x1b[m\x1b[K,\n'}
[11.708821] (zed_components) StderrLine: {'line': b'                 from \x1b[01m\x1b[K/usr/local/zed/include/sl/Camera.hpp:66\x1b[m\x1b[K,\n'}
[11.708928] (zed_components) StderrLine: {'line': b'                 from \x1b[01m\x1b[K/home/wolfwagen/Undergrad_Minchan_Folder/ROOMBA_PROJECT_1/roomba_src/zed-ros2-wrapper/zed_components/src/zed_camera/include/zed_camera_component.hpp:20\x1b[m\x1b[K,\n'}
[11.709035] (zed_components) StderrLine: {'line': b'                 from \x1b[01m\x1b[K/home/wolfwagen/Undergrad_Minchan_Folder/ROOMBA_PROJECT_1/roomba_src/zed-ros2-wrapper/zed_components/src/zed_camera/src/zed_camera_component_main.cpp:15\x1b[m\x1b[K:\n'}
[11.709139] (zed_components) StderrLine: {'line': b'\x1b[01m\x1b[K/usr/include/c++/11/initializer_list:101:5:\x1b[m\x1b[K \x1b[01;36m\x1b[Knote: \x1b[m\x1b[K  \xe2\x80\x98\x1b[01m\x1b[Kstd::end\x1b[m\x1b[K\xe2\x80\x99\n'}
[11.709245] (zed_components) StderrLine: {'line': b'  101 |     \x1b[01;36m\x1b[Kend\x1b[m\x1b[K(initializer_list<_Tp> __ils) noexcept\n'}
[11.709352] (zed_components) StderrLine: {'line': b'      |     \x1b[01;36m\x1b[K^~~\x1b[m\x1b[K\n'}
[11.721805] (zed_components) StderrLine: {'line': b'\x1b[01m\x1b[K/home/wolfwagen/Undergrad_Minchan_Folder/ROOMBA_PROJECT_1/roomba_src/zed-ros2-wrapper/zed_components/src/zed_camera/src/zed_camera_component_main.cpp:6783:20:\x1b[m\x1b[K \x1b[01;31m\x1b[Kerror: \x1b[m\x1b[Krequest for member \xe2\x80\x98\x1b[01m\x1b[Kbegin\x1b[m\x1b[K\xe2\x80\x99 in \xe2\x80\x98\x1b[01m\x1b[Kmap_lm2d\x1b[m\x1b[K\xe2\x80\x99, which is of non-class type \xe2\x80\x98\x1b[01m\x1b[Kint\x1b[m\x1b[K\xe2\x80\x99\n'}
[11.722032] (zed_components) StderrLine: {'line': b' 6783 |           map_lm2d.\x1b[01;31m\x1b[Kbegin\x1b[m\x1b[K(), map_lm2d.end(),\n'}
[11.722157] (zed_components) StderrLine: {'line': b'      |                    \x1b[01;31m\x1b[K^~~~~\x1b[m\x1b[K\n'}
[11.722300] (zed_components) StderrLine: {'line': b'\x1b[01m\x1b[K/home/wolfwagen/Undergrad_Minchan_Folder/ROOMBA_PROJECT_1/roomba_src/zed-ros2-wrapper/zed_components/src/zed_camera/src/zed_camera_component_main.cpp:6783:38:\x1b[m\x1b[K \x1b[01;31m\x1b[Kerror: \x1b[m\x1b[Krequest for member \xe2\x80\x98\x1b[01m\x1b[Kend\x1b[m\x1b[K\xe2\x80\x99 in \xe2\x80\x98\x1b[01m\x1b[Kmap_lm2d\x1b[m\x1b[K\xe2\x80\x99, which is of non-class type \xe2\x80\x98\x1b[01m\x1b[Kint\x1b[m\x1b[K\xe2\x80\x99\n'}
[11.722420] (zed_components) StderrLine: {'line': b' 6783 |           map_lm2d.begin(), map_lm2d.\x1b[01;31m\x1b[Kend\x1b[m\x1b[K(),\n'}
[11.722544] (zed_components) StderrLine: {'line': b'      |                                      \x1b[01;31m\x1b[K^~~\x1b[m\x1b[K\n'}
[11.722655] (zed_components) StderrLine: {'line': b'\x1b[01m\x1b[K/home/wolfwagen/Undergrad_Minchan_Folder/ROOMBA_PROJECT_1/roomba_src/zed-ros2-wrapper/zed_components/src/zed_camera/src/zed_camera_component_main.cpp:6784:33:\x1b[m\x1b[K \x1b[01;31m\x1b[Kerror: \x1b[m\x1b[K\xe2\x80\x98\x1b[01m\x1b[KLandmark2D\x1b[m\x1b[K\xe2\x80\x99 in namespace \xe2\x80\x98\x1b[01m\x1b[Ksl\x1b[m\x1b[K\xe2\x80\x99 does not name a type\n'}
[11.722773] (zed_components) StderrLine: {'line': b' 6784 |           [&landmark](const sl::\x1b[01;31m\x1b[KLandmark2D\x1b[m\x1b[K & lm2d) {return lm2d.id == landmark.first;}))\n'}
[11.722881] (zed_components) StderrLine: {'line': b'      |                                 \x1b[01;31m\x1b[K^~~~~~~~~~\x1b[m\x1b[K\n'}
[11.722985] (zed_components) StderrLine: {'line': b'\x1b[01m\x1b[K/home/wolfwagen/Undergrad_Minchan_Folder/ROOMBA_PROJECT_1/roomba_src/zed-ros2-wrapper/zed_components/src/zed_camera/src/zed_camera_component_main.cpp:\x1b[m\x1b[K In lambda function:\n'}
[11.723095] (zed_components) StderrLine: {'line': b'\x1b[01m\x1b[K/home/wolfwagen/Undergrad_Minchan_Folder/ROOMBA_PROJECT_1/roomba_src/zed-ros2-wrapper/zed_components/src/zed_camera/src/zed_camera_component_main.cpp:6784:88:\x1b[m\x1b[K \x1b[01;31m\x1b[Kerror: \x1b[m\x1b[Kexpected \xe2\x80\x98\x1b[01m\x1b[K{\x1b[m\x1b[K\xe2\x80\x99 before \xe2\x80\x98\x1b[01m\x1b[K)\x1b[m\x1b[K\xe2\x80\x99 token\n'}
[11.723208] (zed_components) StderrLine: {'line': b' 6784 |           [&landmark](const sl::Landmark2D & lm2d) {return lm2d.id == landmark.first;})\x1b[01;31m\x1b[K)\x1b[m\x1b[K\n'}
[11.723314] (zed_components) StderrLine: {'line': b'      |                                                                                        \x1b[01;31m\x1b[K^\x1b[m\x1b[K\n'}
[11.723420] (zed_components) StderrLine: {'line': b'\x1b[01m\x1b[K/home/wolfwagen/Undergrad_Minchan_Folder/ROOMBA_PROJECT_1/roomba_src/zed-ros2-wrapper/zed_components/src/zed_camera/src/zed_camera_component_main.cpp:\x1b[m\x1b[K In member function \xe2\x80\x98\x1b[01m\x1b[Kvoid stereolabs::ZedCamera::publishPoseLandmarks()\x1b[m\x1b[K\xe2\x80\x99:\n'}
[11.723530] (zed_components) StderrLine: {'line': b'\x1b[01m\x1b[K/home/wolfwagen/Undergrad_Minchan_Folder/ROOMBA_PROJECT_1/roomba_src/zed-ros2-wrapper/zed_components/src/zed_camera/src/zed_camera_component_main.cpp:6784:89:\x1b[m\x1b[K \x1b[01;31m\x1b[Kerror: \x1b[m\x1b[Kexpected \xe2\x80\x98\x1b[01m\x1b[K)\x1b[m\x1b[K\xe2\x80\x99 before \xe2\x80\x98\x1b[01m\x1b[K{\x1b[m\x1b[K\xe2\x80\x99 token\n'}
[11.723637] (zed_components) StderrLine: {'line': b' 6784 |           [&landmark](const sl::Landmark2D & lm2d) {return lm2d.id == landmark.first;}))\n'}
[11.723762] (zed_components) StderrLine: {'line': b'      |                                                                                         \x1b[01;31m\x1b[K^\x1b[m\x1b[K\n'}
[11.723868] (zed_components) StderrLine: {'line': b'      |                                                                                         \x1b[32m\x1b[K)\x1b[m\x1b[K\n'}
[11.723975] (zed_components) StderrLine: {'line': b' 6785 |       \x1b[32m\x1b[K{\x1b[m\x1b[K\n'}
[11.724081] (zed_components) StderrLine: {'line': b'      |       \x1b[32m\x1b[K~\x1b[m\x1b[K                                                                                  \n'}
[11.724202] (zed_components) StderrLine: {'line': b'\x1b[01m\x1b[K/home/wolfwagen/Undergrad_Minchan_Folder/ROOMBA_PROJECT_1/roomba_src/zed-ros2-wrapper/zed_components/src/zed_camera/src/zed_camera_component_main.cpp:6782:10:\x1b[m\x1b[K \x1b[01;36m\x1b[Knote: \x1b[m\x1b[Kto match this \xe2\x80\x98\x1b[01m\x1b[K(\x1b[m\x1b[K\xe2\x80\x99\n'}
[11.724311] (zed_components) StderrLine: {'line': b' 6782 |       if \x1b[01;36m\x1b[K(\x1b[m\x1b[Kstd::any_of(\n'}
[11.724414] (zed_components) StderrLine: {'line': b'      |          \x1b[01;36m\x1b[K^\x1b[m\x1b[K\n'}
[11.785447] (-) TimerEvent: {}
[11.886149] (-) TimerEvent: {}
[11.986872] (-) TimerEvent: {}
[12.087578] (-) TimerEvent: {}
[12.188304] (-) TimerEvent: {}
[12.272138] (zed_components) StderrLine: {'line': b'\x1b[01m\x1b[K/home/wolfwagen/Undergrad_Minchan_Folder/ROOMBA_PROJECT_1/roomba_src/zed-ros2-wrapper/zed_components/src/zed_camera/src/zed_camera_component_main.cpp:\x1b[m\x1b[K In member function \xe2\x80\x98\x1b[01m\x1b[Kvoid stereolabs::ZedCamera::publishHealthStatus()\x1b[m\x1b[K\xe2\x80\x99:\n'}
[12.272650] (zed_components) StderrLine: {'line': b'\x1b[01m\x1b[K/home/wolfwagen/Undergrad_Minchan_Folder/ROOMBA_PROJECT_1/roomba_src/zed-ros2-wrapper/zed_components/src/zed_camera/src/zed_camera_component_main.cpp:9896:35:\x1b[m\x1b[K \x1b[01;31m\x1b[Kerror: \x1b[m\x1b[K\xe2\x80\x98\x1b[01m\x1b[Kstruct sl::HealthStatus\x1b[m\x1b[K\xe2\x80\x99 has no member named \xe2\x80\x98\x1b[01m\x1b[Klow_image_quality\x1b[m\x1b[K\xe2\x80\x99\n'}
[12.272830] (zed_components) StderrLine: {'line': b' 9896 |   msg->low_image_quality = status.\x1b[01;31m\x1b[Klow_image_quality\x1b[m\x1b[K;\n'}
[12.272961] (zed_components) StderrLine: {'line': b'      |                                   \x1b[01;31m\x1b[K^~~~~~~~~~~~~~~~~\x1b[m\x1b[K\n'}
[12.273078] (zed_components) StderrLine: {'line': b'\x1b[01m\x1b[K/home/wolfwagen/Undergrad_Minchan_Folder/ROOMBA_PROJECT_1/roomba_src/zed-ros2-wrapper/zed_components/src/zed_camera/src/zed_camera_component_main.cpp:9897:30:\x1b[m\x1b[K \x1b[01;31m\x1b[Kerror: \x1b[m\x1b[K\xe2\x80\x98\x1b[01m\x1b[Kstruct sl::HealthStatus\x1b[m\x1b[K\xe2\x80\x99 has no member named \xe2\x80\x98\x1b[01m\x1b[Klow_lighting\x1b[m\x1b[K\xe2\x80\x99\n'}
[12.273199] (zed_components) StderrLine: {'line': b' 9897 |   msg->low_lighting = status.\x1b[01;31m\x1b[Klow_lighting\x1b[m\x1b[K;\n'}
[12.273311] (zed_components) StderrLine: {'line': b'      |                              \x1b[01;31m\x1b[K^~~~~~~~~~~~\x1b[m\x1b[K\n'}
[12.273457] (zed_components) StderrLine: {'line': b'\x1b[01m\x1b[K/home/wolfwagen/Undergrad_Minchan_Folder/ROOMBA_PROJECT_1/roomba_src/zed-ros2-wrapper/zed_components/src/zed_camera/src/zed_camera_component_main.cpp:9898:39:\x1b[m\x1b[K \x1b[01;31m\x1b[Kerror: \x1b[m\x1b[K\xe2\x80\x98\x1b[01m\x1b[Kstruct sl::HealthStatus\x1b[m\x1b[K\xe2\x80\x99 has no member named \xe2\x80\x98\x1b[01m\x1b[Klow_depth_reliability\x1b[m\x1b[K\xe2\x80\x99\n'}
[12.273624] (zed_components) StderrLine: {'line': b' 9898 |   msg->low_depth_reliability = status.\x1b[01;31m\x1b[Klow_depth_reliability\x1b[m\x1b[K;\n'}
[12.273739] (zed_components) StderrLine: {'line': b'      |                                       \x1b[01;31m\x1b[K^~~~~~~~~~~~~~~~~~~~~\x1b[m\x1b[K\n'}
[12.273848] (zed_components) StderrLine: {'line': b'\x1b[01m\x1b[K/home/wolfwagen/Undergrad_Minchan_Folder/ROOMBA_PROJECT_1/roomba_src/zed-ros2-wrapper/zed_components/src/zed_camera/src/zed_camera_component_main.cpp:9900:12:\x1b[m\x1b[K \x1b[01;31m\x1b[Kerror: \x1b[m\x1b[K\xe2\x80\x98\x1b[01m\x1b[Kstruct sl::HealthStatus\x1b[m\x1b[K\xe2\x80\x99 has no member named \xe2\x80\x98\x1b[01m\x1b[Klow_motion_sensors_reliability\x1b[m\x1b[K\xe2\x80\x99\n'}
[12.273963] (zed_components) StderrLine: {'line': b' 9900 |     status.\x1b[01;31m\x1b[Klow_motion_sensors_reliability\x1b[m\x1b[K;\n'}
[12.274068] (zed_components) StderrLine: {'line': b'      |            \x1b[01;31m\x1b[K^~~~~~~~~~~~~~~~~~~~~~~~~~~~~~\x1b[m\x1b[K\n'}
[12.288464] (-) TimerEvent: {}
[12.389229] (-) TimerEvent: {}
[12.490004] (-) TimerEvent: {}
[12.590760] (-) TimerEvent: {}
[12.691540] (-) TimerEvent: {}
[12.792307] (-) TimerEvent: {}
[12.893085] (-) TimerEvent: {}
[12.994192] (-) TimerEvent: {}
[13.095251] (-) TimerEvent: {}
[13.196237] (-) TimerEvent: {}
[13.297269] (-) TimerEvent: {}
[13.398329] (-) TimerEvent: {}
[13.499326] (-) TimerEvent: {}
[13.600289] (-) TimerEvent: {}
[13.701264] (-) TimerEvent: {}
[13.802270] (-) TimerEvent: {}
[13.903335] (-) TimerEvent: {}
[14.004298] (-) TimerEvent: {}
[14.105290] (-) TimerEvent: {}
[14.206308] (-) TimerEvent: {}
[14.307312] (-) TimerEvent: {}
[14.408327] (-) TimerEvent: {}
[14.509343] (-) TimerEvent: {}
[14.610374] (-) TimerEvent: {}
[14.711404] (-) TimerEvent: {}
[14.812654] (-) TimerEvent: {}
[14.914187] (-) TimerEvent: {}
[15.015476] (-) TimerEvent: {}
[15.116740] (-) TimerEvent: {}
[15.217781] (-) TimerEvent: {}
[15.277670] (zed_components) StderrLine: {'line': b'gmake[2]: *** [CMakeFiles/zed_camera_component.dir/build.make:174: CMakeFiles/zed_camera_component.dir/src/zed_camera/src/zed_camera_component_bodytrk.cpp.o] Error 1\n'}
[15.278140] (zed_components) StderrLine: {'line': b'gmake[2]: *** Waiting for unfinished jobs....\n'}
[15.317955] (-) TimerEvent: {}
[15.402905] (zed_components) StderrLine: {'line': b'gmake[2]: *** [CMakeFiles/zed_camera_component.dir/build.make:160: CMakeFiles/zed_camera_component.dir/src/zed_camera/src/zed_camera_component_objdet.cpp.o] Error 1\n'}
[15.418072] (-) TimerEvent: {}
[15.518706] (-) TimerEvent: {}
[15.619402] (-) TimerEvent: {}
[15.720089] (-) TimerEvent: {}
[15.820798] (-) TimerEvent: {}
[15.921489] (-) TimerEvent: {}
[16.022197] (-) TimerEvent: {}
[16.122902] (-) TimerEvent: {}
[16.223614] (-) TimerEvent: {}
[16.324299] (-) TimerEvent: {}
[16.424989] (-) TimerEvent: {}
[16.525713] (-) TimerEvent: {}
[16.626428] (-) TimerEvent: {}
[16.727128] (-) TimerEvent: {}
[16.827827] (-) TimerEvent: {}
[16.928536] (-) TimerEvent: {}
[17.029256] (-) TimerEvent: {}
[17.129990] (-) TimerEvent: {}
[17.230721] (-) TimerEvent: {}
[17.331420] (-) TimerEvent: {}
[17.432152] (-) TimerEvent: {}
[17.532831] (-) TimerEvent: {}
[17.633555] (-) TimerEvent: {}
[17.734234] (-) TimerEvent: {}
[17.834923] (-) TimerEvent: {}
[17.935600] (-) TimerEvent: {}
[18.036337] (-) TimerEvent: {}
[18.137015] (-) TimerEvent: {}
[18.237709] (-) TimerEvent: {}
[18.315348] (zed_components) StderrLine: {'line': b'gmake[2]: *** [CMakeFiles/zed_camera_one_component.dir/build.make:132: CMakeFiles/zed_camera_one_component.dir/src/zed_camera_one/src/zed_camera_one_component_main.cpp.o] Error 1\n'}
[18.316364] (zed_components) StderrLine: {'line': b'gmake[1]: *** [CMakeFiles/Makefile2:192: CMakeFiles/zed_camera_one_component.dir/all] Error 2\n'}
[18.316614] (zed_components) StderrLine: {'line': b'gmake[1]: *** Waiting for unfinished jobs....\n'}
[18.337802] (-) TimerEvent: {}
[18.438406] (-) TimerEvent: {}
[18.539101] (-) TimerEvent: {}
[18.639913] (-) TimerEvent: {}
[18.740686] (-) TimerEvent: {}
[18.841482] (-) TimerEvent: {}
[18.942210] (-) TimerEvent: {}
[19.042948] (-) TimerEvent: {}
[19.143742] (-) TimerEvent: {}
[19.244528] (-) TimerEvent: {}
[19.345335] (-) TimerEvent: {}
[19.446134] (-) TimerEvent: {}
[19.546898] (-) TimerEvent: {}
[19.647707] (-) TimerEvent: {}
[19.748490] (-) TimerEvent: {}
[19.849190] (-) TimerEvent: {}
[19.950007] (-) TimerEvent: {}
[20.050806] (-) TimerEvent: {}
[20.151616] (-) TimerEvent: {}
[20.252404] (-) TimerEvent: {}
[20.353211] (-) TimerEvent: {}
[20.454048] (-) TimerEvent: {}
[20.554859] (-) TimerEvent: {}
[20.655673] (-) TimerEvent: {}
[20.756453] (-) TimerEvent: {}
[20.857180] (-) TimerEvent: {}
[20.958015] (-) TimerEvent: {}
[21.058809] (-) TimerEvent: {}
[21.159640] (-) TimerEvent: {}
[21.260464] (-) TimerEvent: {}
[21.361303] (-) TimerEvent: {}
[21.462172] (-) TimerEvent: {}
[21.562994] (-) TimerEvent: {}
[21.663799] (-) TimerEvent: {}
[21.764611] (-) TimerEvent: {}
[21.865483] (-) TimerEvent: {}
[21.966288] (-) TimerEvent: {}
[22.067094] (-) TimerEvent: {}
[22.167911] (-) TimerEvent: {}
[22.268711] (-) TimerEvent: {}
[22.369598] (-) TimerEvent: {}
[22.470427] (-) TimerEvent: {}
[22.571264] (-) TimerEvent: {}
[22.672090] (-) TimerEvent: {}
[22.772925] (-) TimerEvent: {}
[22.873782] (-) TimerEvent: {}
[22.974576] (-) TimerEvent: {}
[23.075383] (-) TimerEvent: {}
[23.176202] (-) TimerEvent: {}
[23.277021] (-) TimerEvent: {}
[23.377862] (-) TimerEvent: {}
[23.478737] (-) TimerEvent: {}
[23.579549] (-) TimerEvent: {}
[23.680358] (-) TimerEvent: {}
[23.781173] (-) TimerEvent: {}
[23.882010] (-) TimerEvent: {}
[23.982790] (-) TimerEvent: {}
[24.083579] (-) TimerEvent: {}
[24.184369] (-) TimerEvent: {}
[24.285151] (-) TimerEvent: {}
[24.385963] (-) TimerEvent: {}
[24.486753] (-) TimerEvent: {}
[24.587545] (-) TimerEvent: {}
[24.688330] (-) TimerEvent: {}
[24.789132] (-) TimerEvent: {}
[24.890011] (-) TimerEvent: {}
[24.990825] (-) TimerEvent: {}
[25.091613] (-) TimerEvent: {}
[25.192406] (-) TimerEvent: {}
[25.293543] (-) TimerEvent: {}
[25.394349] (-) TimerEvent: {}
[25.495150] (-) TimerEvent: {}
[25.595957] (-) TimerEvent: {}
[25.696775] (-) TimerEvent: {}
[25.797595] (-) TimerEvent: {}
[25.898426] (-) TimerEvent: {}
[25.999253] (-) TimerEvent: {}
[26.100096] (-) TimerEvent: {}
[26.200916] (-) TimerEvent: {}
[26.301761] (-) TimerEvent: {}
[26.402533] (-) TimerEvent: {}
[26.503316] (-) TimerEvent: {}
[26.604138] (-) TimerEvent: {}
[26.704942] (-) TimerEvent: {}
[26.805766] (-) TimerEvent: {}
[26.906556] (-) TimerEvent: {}
[27.007330] (-) TimerEvent: {}
[27.108141] (-) TimerEvent: {}
[27.208962] (-) TimerEvent: {}
[27.309795] (-) TimerEvent: {}
[27.410547] (-) TimerEvent: {}
[27.511522] (-) TimerEvent: {}
[27.612309] (-) TimerEvent: {}
[27.713123] (-) TimerEvent: {}
[27.813936] (-) TimerEvent: {}
[27.914714] (-) TimerEvent: {}
[28.015510] (-) TimerEvent: {}
[28.116309] (-) TimerEvent: {}
[28.217119] (-) TimerEvent: {}
[28.317993] (-) TimerEvent: {}
[28.418820] (-) TimerEvent: {}
[28.519647] (-) TimerEvent: {}
[28.620454] (-) TimerEvent: {}
[28.721261] (-) TimerEvent: {}
[28.822345] (-) TimerEvent: {}
[28.923149] (-) TimerEvent: {}
[29.023964] (-) TimerEvent: {}
[29.124790] (-) TimerEvent: {}
[29.225601] (-) TimerEvent: {}
[29.326402] (-) TimerEvent: {}
[29.427195] (-) TimerEvent: {}
[29.527980] (-) TimerEvent: {}
[29.628784] (-) TimerEvent: {}
[29.729575] (-) TimerEvent: {}
[29.830281] (-) TimerEvent: {}
[29.931098] (-) TimerEvent: {}
[30.031871] (-) TimerEvent: {}
[30.132678] (-) TimerEvent: {}
[30.233500] (-) TimerEvent: {}
[30.334303] (-) TimerEvent: {}
[30.435100] (-) TimerEvent: {}
[30.535881] (-) TimerEvent: {}
[30.636662] (-) TimerEvent: {}
[30.737476] (-) TimerEvent: {}
[30.838279] (-) TimerEvent: {}
[30.939129] (-) TimerEvent: {}
[31.039960] (-) TimerEvent: {}
[31.140789] (-) TimerEvent: {}
[31.241581] (-) TimerEvent: {}
[31.342404] (-) TimerEvent: {}
[31.443205] (-) TimerEvent: {}
[31.543994] (-) TimerEvent: {}
[31.644769] (-) TimerEvent: {}
[31.745572] (-) TimerEvent: {}
[31.846354] (-) TimerEvent: {}
[31.947126] (-) TimerEvent: {}
[32.047893] (-) TimerEvent: {}
[32.148677] (-) TimerEvent: {}
[32.249445] (-) TimerEvent: {}
[32.350185] (-) TimerEvent: {}
[32.450963] (-) TimerEvent: {}
[32.551717] (-) TimerEvent: {}
[32.652471] (-) TimerEvent: {}
[32.753263] (-) TimerEvent: {}
[32.854085] (-) TimerEvent: {}
[32.954875] (-) TimerEvent: {}
[33.055635] (-) TimerEvent: {}
[33.156383] (-) TimerEvent: {}
[33.257127] (-) TimerEvent: {}
[33.357921] (-) TimerEvent: {}
[33.458670] (-) TimerEvent: {}
[33.559382] (-) TimerEvent: {}
[33.660117] (-) TimerEvent: {}
[33.760903] (-) TimerEvent: {}
[33.861740] (-) TimerEvent: {}
[33.962534] (-) TimerEvent: {}
[34.063320] (-) TimerEvent: {}
[34.164095] (-) TimerEvent: {}
[34.264872] (-) TimerEvent: {}
[34.335146] (zed_components) StderrLine: {'line': b'gmake[2]: *** [CMakeFiles/zed_camera_component.dir/build.make:132: CMakeFiles/zed_camera_component.dir/src/zed_camera/src/zed_camera_component_main.cpp.o] Error 1\n'}
[34.335805] (zed_components) StderrLine: {'line': b'gmake[1]: *** [CMakeFiles/Makefile2:166: CMakeFiles/zed_camera_component.dir/all] Error 2\n'}
[34.336211] (zed_components) StderrLine: {'line': b'gmake: *** [Makefile:146: all] Error 2\n'}
[34.342521] (zed_components) CommandEnded: {'returncode': 2}
[34.363556] (zed_components) JobEnded: {'identifier': 'zed_components', 'rc': 2}
[34.367837] (-) TimerEvent: {}
[34.375253] (zed_debug) JobSkipped: {'identifier': 'zed_debug'}
[34.375421] (zed_wrapper) JobSkipped: {'identifier': 'zed_wrapper'}
[34.375515] (zed_ros2) JobSkipped: {'identifier': 'zed_ros2'}
[34.375597] (-) EventReactorShutdown: {}
