[0.000000] (-) TimerEvent: {}
[0.000549] (first_roomba_pkg) JobQueued: {'identifier': 'first_roomba_pkg', 'dependencies': OrderedDict()}
[0.001016] (zed_components) JobQueued: {'identifier': 'zed_components', 'dependencies': OrderedDict()}
[0.001245] (zed_debug) JobQueued: {'identifier': 'zed_debug', 'dependencies': OrderedDict([('zed_components', '/home/wolfwagen/Undergrad_Minchan_Folder/ROOMBA_PROJECT_1/install/zed_components')])}
[0.001457] (zed_wrapper) JobQueued: {'identifier': 'zed_wrapper', 'dependencies': OrderedDict([('zed_components', '/home/wolfwagen/Undergrad_Minchan_Folder/ROOMBA_PROJECT_1/install/zed_components')])}
[0.001540] (zed_ros2) JobQueued: {'identifier': 'zed_ros2', 'dependencies': OrderedDict([('zed_components', '/home/wolfwagen/Undergrad_Minchan_Folder/ROOMBA_PROJECT_1/install/zed_components'), ('zed_wrapper', '/home/wolfwagen/Undergrad_Minchan_Folder/ROOMBA_PROJECT_1/install/zed_wrapper')])}
[0.001713] (zed_components) JobStarted: {'identifier': 'zed_components'}
[0.012372] (first_roomba_pkg) JobStarted: {'identifier': 'first_roomba_pkg'}
[0.023087] (zed_components) JobProgress: {'identifier': 'zed_components', 'progress': 'cmake'}
[0.024208] (zed_components) Command: {'cmd': ['/usr/bin/cmake', '/home/wolfwagen/Undergrad_Minchan_Folder/ROOMBA_PROJECT_1/roomba_src/zed-ros2-wrapper/zed_components', '-DCMAKE_BUILD_TYPE=Release', '-DAMENT_CMAKE_SYMLINK_INSTALL=1', '-DCMAKE_INSTALL_PREFIX=/home/wolfwagen/Undergrad_Minchan_Folder/ROOMBA_PROJECT_1/install/zed_components'], 'cwd': '/home/wolfwagen/Undergrad_Minchan_Folder/ROOMBA_PROJECT_1/build/zed_components', 'env': OrderedDict([('LESSOPEN', '| /usr/bin/lesspipe %s'), ('USER', 'wolfwagen'), ('SSH_CLIENT', '10.152.58.3 60231 22'), ('XDG_SESSION_TYPE', 'tty'), ('GIT_ASKPASS', '/home/wolfwagen/.vscode-server/cli/servers/Stable-994fd12f8d3a5aa16f17d42c041e5809167e845a/server/extensions/git/dist/askpass.sh'), ('SHLVL', '2'), ('LD_LIBRARY_PATH', '/usr/local/cuda-12.6/lib64:/opt/ros/humble/opt/rviz_ogre_vendor/lib:/opt/ros/humble/lib/aarch64-linux-gnu:/opt/ros/humble/lib:/usr/local/cuda-12.6/lib64:'), ('BROWSER', '/home/wolfwagen/.vscode-server/cli/servers/Stable-994fd12f8d3a5aa16f17d42c041e5809167e845a/server/bin/helpers/browser.sh'), ('MOTD_SHOWN', 'pam'), ('HOME', '/home/wolfwagen'), ('OLDPWD', '/home/wolfwagen/Undergrad_Minchan_Folder/ROOMBA_PROJECT_1/roomba_src'), ('TERM_PROGRAM_VERSION', '1.107.1'), ('VSCODE_IPC_HOOK_CLI', '/run/user/1000/vscode-ipc-57d3707e-17ca-4fb3-bfb1-3eb739ef94bd.sock'), ('JETSON_L4T', '36.4.7'), ('ROS_PYTHON_VERSION', '3'), ('JETSON_MODEL', 'NVIDIA Jetson Orin Nano Engineering Reference Developer Kit Super'), ('VSCODE_GIT_ASKPASS_MAIN', '/home/wolfwagen/.vscode-server/cli/servers/Stable-994fd12f8d3a5aa16f17d42c041e5809167e845a/server/extensions/git/dist/askpass-main.js'), ('VSCODE_GIT_ASKPASS_NODE', '/home/wolfwagen/.vscode-server/cli/servers/Stable-994fd12f8d3a5aa16f17d42c041e5809167e845a/server/node'), ('SSL_CERT_FILE', '/usr/lib/ssl/certs/ca-certificates.crt'), ('VSCODE_PYTHON_AUTOACTIVATE_GUARD', '1'), ('DBUS_SESSION_BUS_ADDRESS', 'unix:path=/run/user/1000/bus'), ('COLORTERM', 'truecolor'), ('_colcon_cd_root', '/opt/ros/humble/'), ('COLCON_PREFIX_PATH', '/home/wolfwagen/Undergrad_Minchan_Folder/ROOMBA_PROJECT_1/install'), ('ROS_DISTRO', 'humble'), ('LOGNAME', 'wolfwagen'), ('JETSON_MODULE', 'NVIDIA Jetson Orin Nano (Developer kit)'), ('JETSON_SERIAL_NUMBER', '1422425022489'), ('_', '/usr/bin/colcon'), ('ROS_VERSION', '2'), ('XDG_SESSION_CLASS', 'user'), ('TERM', 'xterm-256color'), ('XDG_SESSION_ID', '91'), ('ROS_LOCALHOST_ONLY', '0'), ('PATH', '/usr/local/cuda-12.6/bin:/home/wolfwagen/.vscode-server/data/User/globalStorage/github.copilot-chat/debugCommand:/home/wolfwagen/.vscode-server/data/User/globalStorage/github.copilot-chat/copilotCli:/home/wolfwagen/.vscode-server/cli/servers/Stable-994fd12f8d3a5aa16f17d42c041e5809167e845a/server/bin/remote-cli:/opt/ros/humble/bin:/usr/local/cuda-12.6/bin:/usr/local/sbin:/usr/local/bin:/usr/sbin:/usr/bin:/sbin:/bin:/usr/games:/usr/local/games:/snap/bin'), ('XDG_RUNTIME_DIR', '/run/user/1000'), ('SSL_CERT_DIR', '/usr/lib/ssl/certs'), ('LANG', 'en_US.UTF-8'), ('LS_COLORS', 'rs=0:di=01;34:ln=01;36:mh=00:pi=40;33:so=01;35:do=01;35:bd=40;33;01:cd=40;33;01:or=40;31;01:mi=00:su=37;41:sg=30;43:ca=30;41:tw=30;42:ow=34;42:st=37;44:ex=01;32:*.tar=01;31:*.tgz=01;31:*.arc=01;31:*.arj=01;31:*.taz=01;31:*.lha=01;31:*.lz4=01;31:*.lzh=01;31:*.lzma=01;31:*.tlz=01;31:*.txz=01;31:*.tzo=01;31:*.t7z=01;31:*.zip=01;31:*.z=01;31:*.dz=01;31:*.gz=01;31:*.lrz=01;31:*.lz=01;31:*.lzo=01;31:*.xz=01;31:*.zst=01;31:*.tzst=01;31:*.bz2=01;31:*.bz=01;31:*.tbz=01;31:*.tbz2=01;31:*.tz=01;31:*.deb=01;31:*.rpm=01;31:*.jar=01;31:*.war=01;31:*.ear=01;31:*.sar=01;31:*.rar=01;31:*.alz=01;31:*.ace=01;31:*.zoo=01;31:*.cpio=01;31:*.7z=01;31:*.rz=01;31:*.cab=01;31:*.wim=01;31:*.swm=01;31:*.dwm=01;31:*.esd=01;31:*.jpg=01;35:*.jpeg=01;35:*.mjpg=01;35:*.mjpeg=01;35:*.gif=01;35:*.bmp=01;35:*.pbm=01;35:*.pgm=01;35:*.ppm=01;35:*.tga=01;35:*.xbm=01;35:*.xpm=01;35:*.tif=01;35:*.tiff=01;35:*.png=01;35:*.svg=01;35:*.svgz=01;35:*.mng=01;35:*.pcx=01;35:*.mov=01;35:*.mpg=01;35:*.mpeg=01;35:*.m2v=01;35:*.mkv=01;35:*.webm=01;35:*.webp=01;35:*.ogm=01;35:*.mp4=01;35:*.m4v=01;35:*.mp4v=01;35:*.vob=01;35:*.qt=01;35:*.nuv=01;35:*.wmv=01;35:*.asf=01;35:*.rm=01;35:*.rmvb=01;35:*.flc=01;35:*.avi=01;35:*.fli=01;35:*.flv=01;35:*.gl=01;35:*.dl=01;35:*.xcf=01;35:*.xwd=01;35:*.yuv=01;35:*.cgm=01;35:*.emf=01;35:*.ogv=01;35:*.ogx=01;35:*.aac=00;36:*.au=00;36:*.flac=00;36:*.m4a=00;36:*.mid=00;36:*.midi=00;36:*.mka=00;36:*.mp3=00;36:*.mpc=00;36:*.ogg=00;36:*.ra=00;36:*.wav=00;36:*.oga=00;36:*.opus=00;36:*.spx=00;36:*.xspf=00;36:'), ('JETSON_SOC', 'tegra234'), ('VSCODE_GIT_IPC_HANDLE', '/run/user/1000/vscode-git-e72b36d3c5.sock'), ('TERM_PROGRAM', 'vscode'), ('AMENT_PREFIX_PATH', '/home/wolfwagen/Undergrad_Minchan_Folder/ROOMBA_PROJECT_1/install/first_roomba_pkg:/opt/ros/humble'), ('SHELL', '/bin/bash'), ('LESSCLOSE', '/usr/bin/lesspipe %s %s'), ('VSCODE_GIT_ASKPASS_EXTRA_ARGS', ''), ('JETSON_CUDA_ARCH_BIN', '8.7'), ('PWD', '/home/wolfwagen/Undergrad_Minchan_Folder/ROOMBA_PROJECT_1/build/zed_components'), ('LC_ALL', 'en_US.UTF-8'), ('SSH_CONNECTION', '10.152.58.3 60231 10.152.19.83 22'), ('XDG_DATA_DIRS', '/usr/share/gnome:/home/wolfwagen/.local/share/flatpak/exports/share:/var/lib/flatpak/exports/share:/usr/local/share:/usr/share:/var/lib/snapd/desktop'), ('PYTHONPATH', '/home/wolfwagen/Undergrad_Minchan_Folder/ROOMBA_PROJECT_1/build/first_roomba_pkg:/home/wolfwagen/Undergrad_Minchan_Folder/ROOMBA_PROJECT_1/install/first_roomba_pkg/lib/python3.10/site-packages:/opt/ros/humble/lib/python3.10/site-packages:/opt/ros/humble/local/lib/python3.10/dist-packages'), ('COLCON', '1'), ('JETSON_JETPACK', ''), ('JETSON_P_NUMBER', 'p3767-0005'), ('CMAKE_PREFIX_PATH', '/home/wolfwagen/Undergrad_Minchan_Folder/ROOMBA_PROJECT_1/install/first_roomba_pkg:/opt/ros/humble')]), 'shell': False}
[0.062331] (zed_components) StdoutLine: {'line': b'-- Looking for sgemm_\n'}
[0.099413] (-) TimerEvent: {}
[0.200026] (-) TimerEvent: {}
[0.214241] (zed_components) StdoutLine: {'line': b'-- Looking for sgemm_ - not found\n'}
[0.219816] (zed_components) StdoutLine: {'line': b'-- Looking for pthread.h\n'}
[0.300163] (-) TimerEvent: {}
[0.365321] (zed_components) StdoutLine: {'line': b'-- Looking for pthread.h - found\n'}
[0.367311] (zed_components) StdoutLine: {'line': b'-- Performing Test CMAKE_HAVE_LIBC_PTHREAD\n'}
[0.400335] (-) TimerEvent: {}
[0.501026] (-) TimerEvent: {}
[0.535061] (zed_components) StdoutLine: {'line': b'-- Performing Test CMAKE_HAVE_LIBC_PTHREAD - Success\n'}
[0.537728] (zed_components) StdoutLine: {'line': b'-- Found Threads: TRUE  \n'}
[0.598875] (zed_components) StdoutLine: {'line': b'-- Looking for sgemm_\n'}
[0.601087] (-) TimerEvent: {}
[0.701565] (-) TimerEvent: {}
[0.780150] (zed_components) StdoutLine: {'line': b'-- Looking for sgemm_ - found\n'}
[0.781008] (zed_components) StdoutLine: {'line': b'-- Found BLAS: /usr/lib/aarch64-linux-gnu/libopenblas.so  \n'}
[0.801699] (-) TimerEvent: {}
[0.835167] (zed_components) StdoutLine: {'line': b'-- Found CUDA: /usr/local/cuda-12.6 (found suitable version "12.6", minimum required is "12.6") \n'}
[0.870035] (zed_components) StdoutLine: {'line': b'-- Found CUDA: /usr/local/cuda-12.6 (found version "12.6") \n'}
[0.873829] (zed_components) StdoutLine: {'line': b'-- Found ament_cmake_auto: 1.3.14 (/opt/ros/humble/share/ament_cmake_auto/cmake)\n'}
[0.901833] (-) TimerEvent: {}
[1.002409] (-) TimerEvent: {}
[1.103010] (-) TimerEvent: {}
[1.171870] (zed_components) StdoutLine: {'line': b'-- Found Python3: /usr/bin/python3 (found version "3.10.12") found components: Interpreter \n'}
[1.203162] (-) TimerEvent: {}
[1.303777] (-) TimerEvent: {}
[1.313504] (zed_components) StdoutLine: {'line': b'-- Override CMake install command with custom implementation using symlinks instead of copying resources\n'}
[1.317425] (first_roomba_pkg) Command: {'cmd': ['/usr/bin/python3', '-W', 'ignore:setup.py install is deprecated', '-W', 'ignore:easy_install command is deprecated', 'setup.py', 'develop', '--editable', '--build-directory', '/home/wolfwagen/Undergrad_Minchan_Folder/ROOMBA_PROJECT_1/build/first_roomba_pkg/build', '--no-deps', 'symlink_data'], 'cwd': '/home/wolfwagen/Undergrad_Minchan_Folder/ROOMBA_PROJECT_1/build/first_roomba_pkg', 'env': {'LESSOPEN': '| /usr/bin/lesspipe %s', 'USER': 'wolfwagen', 'SSH_CLIENT': '10.152.58.3 60231 22', 'XDG_SESSION_TYPE': 'tty', 'GIT_ASKPASS': '/home/wolfwagen/.vscode-server/cli/servers/Stable-994fd12f8d3a5aa16f17d42c041e5809167e845a/server/extensions/git/dist/askpass.sh', 'SHLVL': '2', 'LD_LIBRARY_PATH': '/usr/local/cuda-12.6/lib64:/opt/ros/humble/opt/rviz_ogre_vendor/lib:/opt/ros/humble/lib/aarch64-linux-gnu:/opt/ros/humble/lib:/usr/local/cuda-12.6/lib64:', 'BROWSER': '/home/wolfwagen/.vscode-server/cli/servers/Stable-994fd12f8d3a5aa16f17d42c041e5809167e845a/server/bin/helpers/browser.sh', 'MOTD_SHOWN': 'pam', 'HOME': '/home/wolfwagen', 'OLDPWD': '/home/wolfwagen/Undergrad_Minchan_Folder/ROOMBA_PROJECT_1/roomba_src', 'TERM_PROGRAM_VERSION': '1.107.1', 'VSCODE_IPC_HOOK_CLI': '/run/user/1000/vscode-ipc-57d3707e-17ca-4fb3-bfb1-3eb739ef94bd.sock', 'JETSON_L4T': '36.4.7', 'ROS_PYTHON_VERSION': '3', 'JETSON_MODEL': 'NVIDIA Jetson Orin Nano Engineering Reference Developer Kit Super', 'VSCODE_GIT_ASKPASS_MAIN': '/home/wolfwagen/.vscode-server/cli/servers/Stable-994fd12f8d3a5aa16f17d42c041e5809167e845a/server/extensions/git/dist/askpass-main.js', 'VSCODE_GIT_ASKPASS_NODE': '/home/wolfwagen/.vscode-server/cli/servers/Stable-994fd12f8d3a5aa16f17d42c041e5809167e845a/server/node', 'SSL_CERT_FILE': '/usr/lib/ssl/certs/ca-certificates.crt', 'VSCODE_PYTHON_AUTOACTIVATE_GUARD': '1', 'DBUS_SESSION_BUS_ADDRESS': 'unix:path=/run/user/1000/bus', 'COLORTERM': 'truecolor', '_colcon_cd_root': '/opt/ros/humble/', 'COLCON_PREFIX_PATH': '/home/wolfwagen/Undergrad_Minchan_Folder/ROOMBA_PROJECT_1/install', 'ROS_DISTRO': 'humble', 'LOGNAME': 'wolfwagen', 'JETSON_MODULE': 'NVIDIA Jetson Orin Nano (Developer kit)', 'JETSON_SERIAL_NUMBER': '1422425022489', '_': '/usr/bin/colcon', 'ROS_VERSION': '2', 'XDG_SESSION_CLASS': 'user', 'TERM': 'xterm-256color', 'XDG_SESSION_ID': '91', 'ROS_LOCALHOST_ONLY': '0', 'PATH': '/usr/local/cuda-12.6/bin:/home/wolfwagen/.vscode-server/data/User/globalStorage/github.copilot-chat/debugCommand:/home/wolfwagen/.vscode-server/data/User/globalStorage/github.copilot-chat/copilotCli:/home/wolfwagen/.vscode-server/cli/servers/Stable-994fd12f8d3a5aa16f17d42c041e5809167e845a/server/bin/remote-cli:/opt/ros/humble/bin:/usr/local/cuda-12.6/bin:/usr/local/sbin:/usr/local/bin:/usr/sbin:/usr/bin:/sbin:/bin:/usr/games:/usr/local/games:/snap/bin', 'XDG_RUNTIME_DIR': '/run/user/1000', 'SSL_CERT_DIR': '/usr/lib/ssl/certs', 'LANG': 'en_US.UTF-8', 'LS_COLORS': 'rs=0:di=01;34:ln=01;36:mh=00:pi=40;33:so=01;35:do=01;35:bd=40;33;01:cd=40;33;01:or=40;31;01:mi=00:su=37;41:sg=30;43:ca=30;41:tw=30;42:ow=34;42:st=37;44:ex=01;32:*.tar=01;31:*.tgz=01;31:*.arc=01;31:*.arj=01;31:*.taz=01;31:*.lha=01;31:*.lz4=01;31:*.lzh=01;31:*.lzma=01;31:*.tlz=01;31:*.txz=01;31:*.tzo=01;31:*.t7z=01;31:*.zip=01;31:*.z=01;31:*.dz=01;31:*.gz=01;31:*.lrz=01;31:*.lz=01;31:*.lzo=01;31:*.xz=01;31:*.zst=01;31:*.tzst=01;31:*.bz2=01;31:*.bz=01;31:*.tbz=01;31:*.tbz2=01;31:*.tz=01;31:*.deb=01;31:*.rpm=01;31:*.jar=01;31:*.war=01;31:*.ear=01;31:*.sar=01;31:*.rar=01;31:*.alz=01;31:*.ace=01;31:*.zoo=01;31:*.cpio=01;31:*.7z=01;31:*.rz=01;31:*.cab=01;31:*.wim=01;31:*.swm=01;31:*.dwm=01;31:*.esd=01;31:*.jpg=01;35:*.jpeg=01;35:*.mjpg=01;35:*.mjpeg=01;35:*.gif=01;35:*.bmp=01;35:*.pbm=01;35:*.pgm=01;35:*.ppm=01;35:*.tga=01;35:*.xbm=01;35:*.xpm=01;35:*.tif=01;35:*.tiff=01;35:*.png=01;35:*.svg=01;35:*.svgz=01;35:*.mng=01;35:*.pcx=01;35:*.mov=01;35:*.mpg=01;35:*.mpeg=01;35:*.m2v=01;35:*.mkv=01;35:*.webm=01;35:*.webp=01;35:*.ogm=01;35:*.mp4=01;35:*.m4v=01;35:*.mp4v=01;35:*.vob=01;35:*.qt=01;35:*.nuv=01;35:*.wmv=01;35:*.asf=01;35:*.rm=01;35:*.rmvb=01;35:*.flc=01;35:*.avi=01;35:*.fli=01;35:*.flv=01;35:*.gl=01;35:*.dl=01;35:*.xcf=01;35:*.xwd=01;35:*.yuv=01;35:*.cgm=01;35:*.emf=01;35:*.ogv=01;35:*.ogx=01;35:*.aac=00;36:*.au=00;36:*.flac=00;36:*.m4a=00;36:*.mid=00;36:*.midi=00;36:*.mka=00;36:*.mp3=00;36:*.mpc=00;36:*.ogg=00;36:*.ra=00;36:*.wav=00;36:*.oga=00;36:*.opus=00;36:*.spx=00;36:*.xspf=00;36:', 'JETSON_SOC': 'tegra234', 'VSCODE_GIT_IPC_HANDLE': '/run/user/1000/vscode-git-e72b36d3c5.sock', 'TERM_PROGRAM': 'vscode', 'AMENT_PREFIX_PATH': '/home/wolfwagen/Undergrad_Minchan_Folder/ROOMBA_PROJECT_1/install/first_roomba_pkg:/opt/ros/humble', 'SHELL': '/bin/bash', 'LESSCLOSE': '/usr/bin/lesspipe %s %s', 'VSCODE_GIT_ASKPASS_EXTRA_ARGS': '', 'JETSON_CUDA_ARCH_BIN': '8.7', 'PWD': '/home/wolfwagen/Undergrad_Minchan_Folder/ROOMBA_PROJECT_1/build/first_roomba_pkg', 'LC_ALL': 'en_US.UTF-8', 'SSH_CONNECTION': '10.152.58.3 60231 10.152.19.83 22', 'XDG_DATA_DIRS': '/usr/share/gnome:/home/wolfwagen/.local/share/flatpak/exports/share:/var/lib/flatpak/exports/share:/usr/local/share:/usr/share:/var/lib/snapd/desktop', 'PYTHONPATH': '/home/wolfwagen/Undergrad_Minchan_Folder/ROOMBA_PROJECT_1/build/first_roomba_pkg/prefix_override:/usr/lib/python3/dist-packages/colcon_core/task/python/colcon_distutils_commands:/home/wolfwagen/Undergrad_Minchan_Folder/ROOMBA_PROJECT_1/install/first_roomba_pkg/lib/python3.10/site-packages:/home/wolfwagen/Undergrad_Minchan_Folder/ROOMBA_PROJECT_1/build/first_roomba_pkg:/home/wolfwagen/Undergrad_Minchan_Folder/ROOMBA_PROJECT_1/install/first_roomba_pkg/lib/python3.10/site-packages:/opt/ros/humble/lib/python3.10/site-packages:/opt/ros/humble/local/lib/python3.10/dist-packages', 'COLCON': '1', 'JETSON_JETPACK': '', 'JETSON_P_NUMBER': 'p3767-0005'}, 'shell': False}
[1.403934] (-) TimerEvent: {}
[1.504540] (-) TimerEvent: {}
[1.570099] (zed_components) StdoutLine: {'line': b'-- Found rosidl_generator_c: 3.1.8 (/opt/ros/humble/share/rosidl_generator_c/cmake)\n'}
[1.578508] (zed_components) StdoutLine: {'line': b'-- Found rosidl_adapter: 3.1.8 (/opt/ros/humble/share/rosidl_adapter/cmake)\n'}
[1.594561] (zed_components) StdoutLine: {'line': b'-- Found rosidl_generator_cpp: 3.1.8 (/opt/ros/humble/share/rosidl_generator_cpp/cmake)\n'}
[1.604605] (-) TimerEvent: {}
[1.617318] (zed_components) StdoutLine: {'line': b'-- Using all available rosidl_typesupport_c: rosidl_typesupport_fastrtps_c;rosidl_typesupport_introspection_c\n'}
[1.645842] (zed_components) StdoutLine: {'line': b'-- Using all available rosidl_typesupport_cpp: rosidl_typesupport_fastrtps_cpp;rosidl_typesupport_introspection_cpp\n'}
[1.704776] (-) TimerEvent: {}
[1.804039] (first_roomba_pkg) StdoutLine: {'line': b'running develop\n'}
[1.804840] (-) TimerEvent: {}
[1.843573] (zed_components) StdoutLine: {'line': b'-- Found rmw_implementation_cmake: 6.1.2 (/opt/ros/humble/share/rmw_implementation_cmake/cmake)\n'}
[1.848041] (zed_components) StdoutLine: {'line': b'-- Found rmw_fastrtps_cpp: 6.2.10 (/opt/ros/humble/share/rmw_fastrtps_cpp/cmake)\n'}
[1.905004] (-) TimerEvent: {}
[1.995903] (zed_components) StdoutLine: {'line': b'-- Found OpenSSL: /usr/lib/aarch64-linux-gnu/libcrypto.so (found version "3.0.2")  \n'}
[2.005085] (-) TimerEvent: {}
[2.047741] (zed_components) StdoutLine: {'line': b'-- Found FastRTPS: /opt/ros/humble/include  \n'}
[2.105248] (-) TimerEvent: {}
[2.107336] (first_roomba_pkg) StdoutLine: {'line': b'running egg_info\n'}
[2.107787] (first_roomba_pkg) StdoutLine: {'line': b'writing first_roomba_pkg.egg-info/PKG-INFO\n'}
[2.108294] (first_roomba_pkg) StdoutLine: {'line': b'writing dependency_links to first_roomba_pkg.egg-info/dependency_links.txt\n'}
[2.108542] (first_roomba_pkg) StdoutLine: {'line': b'writing entry points to first_roomba_pkg.egg-info/entry_points.txt\n'}
[2.108777] (first_roomba_pkg) StdoutLine: {'line': b'writing requirements to first_roomba_pkg.egg-info/requires.txt\n'}
[2.108954] (first_roomba_pkg) StdoutLine: {'line': b'writing top-level names to first_roomba_pkg.egg-info/top_level.txt\n'}
[2.112718] (first_roomba_pkg) StdoutLine: {'line': b"reading manifest file 'first_roomba_pkg.egg-info/SOURCES.txt'\n"}
[2.114088] (first_roomba_pkg) StdoutLine: {'line': b"writing manifest file 'first_roomba_pkg.egg-info/SOURCES.txt'\n"}
[2.121994] (zed_components) StdoutLine: {'line': b"-- Using RMW implementation 'rmw_fastrtps_cpp' as default\n"}
[2.205413] (-) TimerEvent: {}
[2.218071] (first_roomba_pkg) StdoutLine: {'line': b'running build_ext\n'}
[2.218545] (first_roomba_pkg) StdoutLine: {'line': b'Creating /home/wolfwagen/Undergrad_Minchan_Folder/ROOMBA_PROJECT_1/install/first_roomba_pkg/lib/python3.10/site-packages/first-roomba-pkg.egg-link (link to .)\n'}
[2.220401] (first_roomba_pkg) StdoutLine: {'line': b'\n'}
[2.220607] (first_roomba_pkg) StdoutLine: {'line': b'Installed /home/wolfwagen/Undergrad_Minchan_Folder/ROOMBA_PROJECT_1/build/first_roomba_pkg\n'}
[2.220748] (first_roomba_pkg) StdoutLine: {'line': b'running symlink_data\n'}
[2.305575] (-) TimerEvent: {}
[2.309213] (first_roomba_pkg) CommandEnded: {'returncode': 0}
[2.354749] (first_roomba_pkg) JobEnded: {'identifier': 'first_roomba_pkg', 'rc': 0}
[2.405698] (-) TimerEvent: {}
[2.506211] (-) TimerEvent: {}
[2.589205] (zed_components) StdoutLine: {'line': b'-- Found eigen3_cmake_module: 0.1.1 (/opt/ros/humble/share/eigen3_cmake_module/cmake)\n'}
[2.591630] (zed_components) StdoutLine: {'line': b'-- Found Eigen3: TRUE (found version "3.4.0") \n'}
[2.591846] (zed_components) StdoutLine: {'line': b'-- Ensuring Eigen3 include directory is part of orocos-kdl CMake target\n'}
[2.606298] (-) TimerEvent: {}
[2.706795] (-) TimerEvent: {}
[2.807397] (-) TimerEvent: {}
[2.810875] (zed_components) StdoutLine: {'line': b'-- Found ament_lint_auto: 0.12.15 (/opt/ros/humble/share/ament_lint_auto/cmake)\n'}
[2.875372] (zed_components) StdoutLine: {'line': b"-- Added test 'copyright' to check source files copyright and LICENSE\n"}
[2.879174] (zed_components) StdoutLine: {'line': b"-- Added test 'cppcheck' to perform static code analysis on C / C++ code\n"}
[2.880190] (zed_components) StdoutLine: {'line': b'-- Configured cppcheck include dirs: /home/wolfwagen/Undergrad_Minchan_Folder/ROOMBA_PROJECT_1/roomba_src/zed-ros2-wrapper/zed_components/src/include;/home/wolfwagen/Undergrad_Minchan_Folder/ROOMBA_PROJECT_1/roomba_src/zed-ros2-wrapper/zed_components/src/zed_camera/include;/home/wolfwagen/Undergrad_Minchan_Folder/ROOMBA_PROJECT_1/roomba_src/zed-ros2-wrapper/zed_components/src/tools/include;/home/wolfwagen/Undergrad_Minchan_Folder/ROOMBA_PROJECT_1/roomba_src/zed-ros2-wrapper/zed_components/src/zed_camera_one/include\n'}
[2.880357] (zed_components) StdoutLine: {'line': b'-- Configured cppcheck exclude dirs and/or files: \n'}
[2.881800] (zed_components) StdoutLine: {'line': b"-- Added test 'lint_cmake' to check CMake code style\n"}
[2.885881] (zed_components) StdoutLine: {'line': b"-- Added test 'uncrustify' to check C / C++ code style\n"}
[2.886051] (zed_components) StdoutLine: {'line': b'-- Configured uncrustify additional arguments: \n'}
[2.887044] (zed_components) StdoutLine: {'line': b"-- Added test 'xmllint' to check XML markup files\n"}
[2.894722] (zed_components) StdoutLine: {'line': b'-- Configuring done\n'}
[2.907479] (-) TimerEvent: {}
[2.960459] (zed_components) StdoutLine: {'line': b'-- Generating done\n'}
[2.979719] (zed_components) StdoutLine: {'line': b'-- Build files have been written to: /home/wolfwagen/Undergrad_Minchan_Folder/ROOMBA_PROJECT_1/build/zed_components\n'}
[3.007929] (zed_components) CommandEnded: {'returncode': 0}
[3.010157] (-) TimerEvent: {}
[3.010601] (zed_components) JobProgress: {'identifier': 'zed_components', 'progress': 'build'}
[3.013268] (zed_components) Command: {'cmd': ['/usr/bin/cmake', '--build', '/home/wolfwagen/Undergrad_Minchan_Folder/ROOMBA_PROJECT_1/build/zed_components', '--', '-j6', '-l6'], 'cwd': '/home/wolfwagen/Undergrad_Minchan_Folder/ROOMBA_PROJECT_1/build/zed_components', 'env': OrderedDict([('LESSOPEN', '| /usr/bin/lesspipe %s'), ('USER', 'wolfwagen'), ('SSH_CLIENT', '10.152.58.3 60231 22'), ('XDG_SESSION_TYPE', 'tty'), ('GIT_ASKPASS', '/home/wolfwagen/.vscode-server/cli/servers/Stable-994fd12f8d3a5aa16f17d42c041e5809167e845a/server/extensions/git/dist/askpass.sh'), ('SHLVL', '2'), ('LD_LIBRARY_PATH', '/usr/local/cuda-12.6/lib64:/opt/ros/humble/opt/rviz_ogre_vendor/lib:/opt/ros/humble/lib/aarch64-linux-gnu:/opt/ros/humble/lib:/usr/local/cuda-12.6/lib64:'), ('BROWSER', '/home/wolfwagen/.vscode-server/cli/servers/Stable-994fd12f8d3a5aa16f17d42c041e5809167e845a/server/bin/helpers/browser.sh'), ('MOTD_SHOWN', 'pam'), ('HOME', '/home/wolfwagen'), ('OLDPWD', '/home/wolfwagen/Undergrad_Minchan_Folder/ROOMBA_PROJECT_1/roomba_src'), ('TERM_PROGRAM_VERSION', '1.107.1'), ('VSCODE_IPC_HOOK_CLI', '/run/user/1000/vscode-ipc-57d3707e-17ca-4fb3-bfb1-3eb739ef94bd.sock'), ('JETSON_L4T', '36.4.7'), ('ROS_PYTHON_VERSION', '3'), ('JETSON_MODEL', 'NVIDIA Jetson Orin Nano Engineering Reference Developer Kit Super'), ('VSCODE_GIT_ASKPASS_MAIN', '/home/wolfwagen/.vscode-server/cli/servers/Stable-994fd12f8d3a5aa16f17d42c041e5809167e845a/server/extensions/git/dist/askpass-main.js'), ('VSCODE_GIT_ASKPASS_NODE', '/home/wolfwagen/.vscode-server/cli/servers/Stable-994fd12f8d3a5aa16f17d42c041e5809167e845a/server/node'), ('SSL_CERT_FILE', '/usr/lib/ssl/certs/ca-certificates.crt'), ('VSCODE_PYTHON_AUTOACTIVATE_GUARD', '1'), ('DBUS_SESSION_BUS_ADDRESS', 'unix:path=/run/user/1000/bus'), ('COLORTERM', 'truecolor'), ('_colcon_cd_root', '/opt/ros/humble/'), ('COLCON_PREFIX_PATH', '/home/wolfwagen/Undergrad_Minchan_Folder/ROOMBA_PROJECT_1/install'), ('ROS_DISTRO', 'humble'), ('LOGNAME', 'wolfwagen'), ('JETSON_MODULE', 'NVIDIA Jetson Orin Nano (Developer kit)'), ('JETSON_SERIAL_NUMBER', '1422425022489'), ('_', '/usr/bin/colcon'), ('ROS_VERSION', '2'), ('XDG_SESSION_CLASS', 'user'), ('TERM', 'xterm-256color'), ('XDG_SESSION_ID', '91'), ('ROS_LOCALHOST_ONLY', '0'), ('PATH', '/usr/local/cuda-12.6/bin:/home/wolfwagen/.vscode-server/data/User/globalStorage/github.copilot-chat/debugCommand:/home/wolfwagen/.vscode-server/data/User/globalStorage/github.copilot-chat/copilotCli:/home/wolfwagen/.vscode-server/cli/servers/Stable-994fd12f8d3a5aa16f17d42c041e5809167e845a/server/bin/remote-cli:/opt/ros/humble/bin:/usr/local/cuda-12.6/bin:/usr/local/sbin:/usr/local/bin:/usr/sbin:/usr/bin:/sbin:/bin:/usr/games:/usr/local/games:/snap/bin'), ('XDG_RUNTIME_DIR', '/run/user/1000'), ('SSL_CERT_DIR', '/usr/lib/ssl/certs'), ('LANG', 'en_US.UTF-8'), ('LS_COLORS', 'rs=0:di=01;34:ln=01;36:mh=00:pi=40;33:so=01;35:do=01;35:bd=40;33;01:cd=40;33;01:or=40;31;01:mi=00:su=37;41:sg=30;43:ca=30;41:tw=30;42:ow=34;42:st=37;44:ex=01;32:*.tar=01;31:*.tgz=01;31:*.arc=01;31:*.arj=01;31:*.taz=01;31:*.lha=01;31:*.lz4=01;31:*.lzh=01;31:*.lzma=01;31:*.tlz=01;31:*.txz=01;31:*.tzo=01;31:*.t7z=01;31:*.zip=01;31:*.z=01;31:*.dz=01;31:*.gz=01;31:*.lrz=01;31:*.lz=01;31:*.lzo=01;31:*.xz=01;31:*.zst=01;31:*.tzst=01;31:*.bz2=01;31:*.bz=01;31:*.tbz=01;31:*.tbz2=01;31:*.tz=01;31:*.deb=01;31:*.rpm=01;31:*.jar=01;31:*.war=01;31:*.ear=01;31:*.sar=01;31:*.rar=01;31:*.alz=01;31:*.ace=01;31:*.zoo=01;31:*.cpio=01;31:*.7z=01;31:*.rz=01;31:*.cab=01;31:*.wim=01;31:*.swm=01;31:*.dwm=01;31:*.esd=01;31:*.jpg=01;35:*.jpeg=01;35:*.mjpg=01;35:*.mjpeg=01;35:*.gif=01;35:*.bmp=01;35:*.pbm=01;35:*.pgm=01;35:*.ppm=01;35:*.tga=01;35:*.xbm=01;35:*.xpm=01;35:*.tif=01;35:*.tiff=01;35:*.png=01;35:*.svg=01;35:*.svgz=01;35:*.mng=01;35:*.pcx=01;35:*.mov=01;35:*.mpg=01;35:*.mpeg=01;35:*.m2v=01;35:*.mkv=01;35:*.webm=01;35:*.webp=01;35:*.ogm=01;35:*.mp4=01;35:*.m4v=01;35:*.mp4v=01;35:*.vob=01;35:*.qt=01;35:*.nuv=01;35:*.wmv=01;35:*.asf=01;35:*.rm=01;35:*.rmvb=01;35:*.flc=01;35:*.avi=01;35:*.fli=01;35:*.flv=01;35:*.gl=01;35:*.dl=01;35:*.xcf=01;35:*.xwd=01;35:*.yuv=01;35:*.cgm=01;35:*.emf=01;35:*.ogv=01;35:*.ogx=01;35:*.aac=00;36:*.au=00;36:*.flac=00;36:*.m4a=00;36:*.mid=00;36:*.midi=00;36:*.mka=00;36:*.mp3=00;36:*.mpc=00;36:*.ogg=00;36:*.ra=00;36:*.wav=00;36:*.oga=00;36:*.opus=00;36:*.spx=00;36:*.xspf=00;36:'), ('JETSON_SOC', 'tegra234'), ('VSCODE_GIT_IPC_HANDLE', '/run/user/1000/vscode-git-e72b36d3c5.sock'), ('TERM_PROGRAM', 'vscode'), ('AMENT_PREFIX_PATH', '/home/wolfwagen/Undergrad_Minchan_Folder/ROOMBA_PROJECT_1/install/first_roomba_pkg:/opt/ros/humble'), ('SHELL', '/bin/bash'), ('LESSCLOSE', '/usr/bin/lesspipe %s %s'), ('VSCODE_GIT_ASKPASS_EXTRA_ARGS', ''), ('JETSON_CUDA_ARCH_BIN', '8.7'), ('PWD', '/home/wolfwagen/Undergrad_Minchan_Folder/ROOMBA_PROJECT_1/build/zed_components'), ('LC_ALL', 'en_US.UTF-8'), ('SSH_CONNECTION', '10.152.58.3 60231 10.152.19.83 22'), ('XDG_DATA_DIRS', '/usr/share/gnome:/home/wolfwagen/.local/share/flatpak/exports/share:/var/lib/flatpak/exports/share:/usr/local/share:/usr/share:/var/lib/snapd/desktop'), ('PYTHONPATH', '/home/wolfwagen/Undergrad_Minchan_Folder/ROOMBA_PROJECT_1/build/first_roomba_pkg:/home/wolfwagen/Undergrad_Minchan_Folder/ROOMBA_PROJECT_1/install/first_roomba_pkg/lib/python3.10/site-packages:/opt/ros/humble/lib/python3.10/site-packages:/opt/ros/humble/local/lib/python3.10/dist-packages'), ('COLCON', '1'), ('JETSON_JETPACK', ''), ('JETSON_P_NUMBER', 'p3767-0005'), ('CMAKE_PREFIX_PATH', '/home/wolfwagen/Undergrad_Minchan_Folder/ROOMBA_PROJECT_1/install/first_roomba_pkg:/opt/ros/humble')]), 'shell': False}
[3.110336] (-) TimerEvent: {}
[3.123611] (zed_components) StdoutLine: {'line': b'[ 23%] \x1b[32mBuilding CXX object CMakeFiles/zed_camera_component.dir/src/tools/src/sl_tools.cpp.o\x1b[0m\n'}
[3.124361] (zed_components) StdoutLine: {'line': b'[ 23%] \x1b[32mBuilding CXX object CMakeFiles/zed_camera_one_component.dir/src/tools/src/sl_tools.cpp.o\x1b[0m\n'}
[3.124557] (zed_components) StdoutLine: {'line': b'[ 23%] \x1b[32mBuilding CXX object CMakeFiles/zed_camera_component.dir/src/tools/src/sl_win_avg.cpp.o\x1b[0m\n'}
[3.125348] (zed_components) StdoutLine: {'line': b'[ 23%] \x1b[32mBuilding CXX object CMakeFiles/zed_camera_component.dir/src/tools/src/gnss_replay.cpp.o\x1b[0m\n'}
[3.129414] (zed_components) StdoutLine: {'line': b'[ 29%] \x1b[32mBuilding CXX object CMakeFiles/zed_camera_one_component.dir/src/tools/src/sl_win_avg.cpp.o\x1b[0m\n'}
[3.130285] (zed_components) StdoutLine: {'line': b'[ 35%] \x1b[32mBuilding CXX object CMakeFiles/zed_camera_component.dir/src/tools/src/sl_types.cpp.o\x1b[0m\n'}
[3.210513] (-) TimerEvent: {}
[3.311188] (-) TimerEvent: {}
[3.411872] (-) TimerEvent: {}
[3.512732] (-) TimerEvent: {}
[3.613373] (-) TimerEvent: {}
[3.714036] (-) TimerEvent: {}
[3.814719] (-) TimerEvent: {}
[3.915458] (-) TimerEvent: {}
[4.016365] (-) TimerEvent: {}
[4.048866] (zed_components) StdoutLine: {'line': b'[ 41%] \x1b[32mBuilding CXX object CMakeFiles/zed_camera_component.dir/src/zed_camera/src/zed_camera_component_main.cpp.o\x1b[0m\n'}
[4.076568] (zed_components) StdoutLine: {'line': b'[ 47%] \x1b[32mBuilding CXX object CMakeFiles/zed_camera_one_component.dir/src/tools/src/gnss_replay.cpp.o\x1b[0m\n'}
[4.116544] (-) TimerEvent: {}
[4.217235] (-) TimerEvent: {}
[4.317965] (-) TimerEvent: {}
[4.418714] (-) TimerEvent: {}
[4.519456] (-) TimerEvent: {}
[4.620169] (-) TimerEvent: {}
[4.720866] (-) TimerEvent: {}
[4.821602] (-) TimerEvent: {}
[4.922324] (-) TimerEvent: {}
[5.023049] (-) TimerEvent: {}
[5.123767] (-) TimerEvent: {}
[5.224575] (-) TimerEvent: {}
[5.325255] (-) TimerEvent: {}
[5.425944] (-) TimerEvent: {}
[5.526704] (-) TimerEvent: {}
[5.627460] (-) TimerEvent: {}
[5.728160] (-) TimerEvent: {}
[5.828886] (-) TimerEvent: {}
[5.929629] (-) TimerEvent: {}
[6.030373] (-) TimerEvent: {}
[6.131133] (-) TimerEvent: {}
[6.231888] (-) TimerEvent: {}
[6.332608] (-) TimerEvent: {}
[6.433352] (-) TimerEvent: {}
[6.534054] (-) TimerEvent: {}
[6.634751] (-) TimerEvent: {}
[6.735479] (-) TimerEvent: {}
[6.836223] (-) TimerEvent: {}
[6.936947] (-) TimerEvent: {}
[7.037665] (-) TimerEvent: {}
[7.138392] (-) TimerEvent: {}
[7.239091] (-) TimerEvent: {}
[7.339825] (-) TimerEvent: {}
[7.440549] (-) TimerEvent: {}
[7.541271] (-) TimerEvent: {}
[7.641986] (-) TimerEvent: {}
[7.742717] (-) TimerEvent: {}
[7.843461] (-) TimerEvent: {}
[7.944217] (-) TimerEvent: {}
[8.044931] (-) TimerEvent: {}
[8.145667] (-) TimerEvent: {}
[8.246383] (-) TimerEvent: {}
[8.347118] (-) TimerEvent: {}
[8.447858] (-) TimerEvent: {}
[8.548586] (-) TimerEvent: {}
[8.649305] (-) TimerEvent: {}
[8.750037] (-) TimerEvent: {}
[8.850805] (-) TimerEvent: {}
[8.951569] (-) TimerEvent: {}
[9.052310] (-) TimerEvent: {}
[9.153036] (-) TimerEvent: {}
[9.253763] (-) TimerEvent: {}
[9.354492] (-) TimerEvent: {}
[9.455225] (-) TimerEvent: {}
[9.556006] (-) TimerEvent: {}
[9.656718] (-) TimerEvent: {}
[9.757417] (-) TimerEvent: {}
[9.858246] (-) TimerEvent: {}
[9.958960] (-) TimerEvent: {}
[10.059693] (-) TimerEvent: {}
[10.160439] (-) TimerEvent: {}
[10.261138] (-) TimerEvent: {}
[10.364935] (-) TimerEvent: {}
[10.465655] (-) TimerEvent: {}
[10.566380] (-) TimerEvent: {}
[10.667109] (-) TimerEvent: {}
[10.771676] (-) TimerEvent: {}
[10.872411] (-) TimerEvent: {}
[10.973127] (-) TimerEvent: {}
[11.073840] (-) TimerEvent: {}
[11.174555] (-) TimerEvent: {}
[11.275237] (-) TimerEvent: {}
[11.375899] (-) TimerEvent: {}
[11.476635] (-) TimerEvent: {}
[11.577321] (-) TimerEvent: {}
[11.678048] (-) TimerEvent: {}
[11.782126] (-) TimerEvent: {}
[11.882860] (-) TimerEvent: {}
[11.983598] (-) TimerEvent: {}
[12.084354] (-) TimerEvent: {}
[12.185053] (-) TimerEvent: {}
[12.285777] (-) TimerEvent: {}
[12.386530] (-) TimerEvent: {}
[12.487247] (-) TimerEvent: {}
[12.588016] (-) TimerEvent: {}
[12.688726] (-) TimerEvent: {}
[12.789464] (-) TimerEvent: {}
[12.890209] (-) TimerEvent: {}
[12.990953] (-) TimerEvent: {}
[13.092499] (-) TimerEvent: {}
[13.193218] (-) TimerEvent: {}
[13.293949] (-) TimerEvent: {}
[13.394699] (-) TimerEvent: {}
[13.495458] (-) TimerEvent: {}
[13.596179] (-) TimerEvent: {}
[13.696890] (-) TimerEvent: {}
[13.799457] (-) TimerEvent: {}
[13.900145] (-) TimerEvent: {}
[14.000843] (-) TimerEvent: {}
[14.102177] (-) TimerEvent: {}
[14.202874] (-) TimerEvent: {}
[14.303629] (-) TimerEvent: {}
[14.404373] (-) TimerEvent: {}
[14.412471] (zed_components) StdoutLine: {'line': b'[ 52%] \x1b[32mBuilding CXX object CMakeFiles/zed_camera_component.dir/src/zed_camera/src/zed_camera_component_video_depth.cpp.o\x1b[0m\n'}
[14.504560] (-) TimerEvent: {}
[14.605254] (-) TimerEvent: {}
[14.705959] (-) TimerEvent: {}
[14.808133] (-) TimerEvent: {}
[14.908847] (-) TimerEvent: {}
[15.009535] (-) TimerEvent: {}
[15.110273] (-) TimerEvent: {}
[15.211006] (-) TimerEvent: {}
[15.311729] (-) TimerEvent: {}
[15.412478] (-) TimerEvent: {}
[15.513162] (-) TimerEvent: {}
[15.556051] (zed_components) StderrLine: {'line': b'\x1b[01m\x1b[K/home/wolfwagen/Undergrad_Minchan_Folder/ROOMBA_PROJECT_1/roomba_src/zed-ros2-wrapper/zed_components/src/zed_camera/src/zed_camera_component_main.cpp:\x1b[m\x1b[K In member function \xe2\x80\x98\x1b[01m\x1b[Kvoid stereolabs::ZedCamera::getGeneralParams()\x1b[m\x1b[K\xe2\x80\x99:\n'}
[15.556636] (zed_components) StderrLine: {'line': b'\x1b[01m\x1b[K/home/wolfwagen/Undergrad_Minchan_Folder/ROOMBA_PROJECT_1/roomba_src/zed-ros2-wrapper/zed_components/src/zed_camera/src/zed_camera_component_main.cpp:1235:37:\x1b[m\x1b[K \x1b[01;31m\x1b[Kerror: \x1b[m\x1b[K\xe2\x80\x98\x1b[01m\x1b[KHD1536\x1b[m\x1b[K\xe2\x80\x99 is not a member of \xe2\x80\x98\x1b[01m\x1b[Ksl::RESOLUTION\x1b[m\x1b[K\xe2\x80\x99\n'}
[15.556800] (zed_components) StderrLine: {'line': b' 1235 |         mCamResol = sl::RESOLUTION::\x1b[01;31m\x1b[KHD1536\x1b[m\x1b[K;\n'}
[15.556940] (zed_components) StderrLine: {'line': b'      |                                     \x1b[01;31m\x1b[K^~~~~~\x1b[m\x1b[K\n'}
[15.613370] (-) TimerEvent: {}
[15.714093] (-) TimerEvent: {}
[15.814885] (-) TimerEvent: {}
[15.821861] (zed_components) StdoutLine: {'line': b'[ 58%] \x1b[32mBuilding CXX object CMakeFiles/zed_camera_one_component.dir/src/tools/src/sl_types.cpp.o\x1b[0m\n'}
[15.844417] (zed_components) StderrLine: {'line': b'\x1b[01m\x1b[K/home/wolfwagen/Undergrad_Minchan_Folder/ROOMBA_PROJECT_1/roomba_src/zed-ros2-wrapper/zed_components/src/zed_camera/src/zed_camera_component_main.cpp:\x1b[m\x1b[K In member function \xe2\x80\x98\x1b[01m\x1b[Kbool stereolabs::ZedCamera::startCamera()\x1b[m\x1b[K\xe2\x80\x99:\n'}
[15.845004] (zed_components) StderrLine: {'line': b'\x1b[01m\x1b[K/home/wolfwagen/Undergrad_Minchan_Folder/ROOMBA_PROJECT_1/roomba_src/zed-ros2-wrapper/zed_components/src/zed_camera/src/zed_camera_component_main.cpp:2735:15:\x1b[m\x1b[K \x1b[01;31m\x1b[Kerror: \x1b[m\x1b[K\xe2\x80\x98\x1b[01m\x1b[KgenerateVirtualStereoSerialNumber\x1b[m\x1b[K\xe2\x80\x99 is not a member of \xe2\x80\x98\x1b[01m\x1b[Ksl\x1b[m\x1b[K\xe2\x80\x99\n'}
[15.845180] (zed_components) StderrLine: {'line': b' 2735 |           sl::\x1b[01;31m\x1b[KgenerateVirtualStereoSerialNumber\x1b[m\x1b[K(\n'}
[15.845317] (zed_components) StderrLine: {'line': b'      |               \x1b[01;31m\x1b[K^~~~~~~~~~~~~~~~~~~~~~~~~~~~~~~~~\x1b[m\x1b[K\n'}
[15.845444] (zed_components) StderrLine: {'line': b'\x1b[01m\x1b[K/home/wolfwagen/Undergrad_Minchan_Folder/ROOMBA_PROJECT_1/roomba_src/zed-ros2-wrapper/zed_components/src/zed_camera/src/zed_camera_component_main.cpp:2738:27:\x1b[m\x1b[K \x1b[01;31m\x1b[Kerror: \x1b[m\x1b[K\xe2\x80\x98\x1b[01m\x1b[Kclass sl::InputType\x1b[m\x1b[K\xe2\x80\x99 has no member named \xe2\x80\x98\x1b[01m\x1b[KsetVirtualStereoFromSerialNumbers\x1b[m\x1b[K\xe2\x80\x99\n'}
[15.845575] (zed_components) StderrLine: {'line': b' 2738 |         mInitParams.input.\x1b[01;31m\x1b[KsetVirtualStereoFromSerialNumbers\x1b[m\x1b[K(\n'}
[15.845697] (zed_components) StderrLine: {'line': b'      |                           \x1b[01;31m\x1b[K^~~~~~~~~~~~~~~~~~~~~~~~~~~~~~~~~\x1b[m\x1b[K\n'}
[15.859333] (zed_components) StderrLine: {'line': b'\x1b[01m\x1b[K/home/wolfwagen/Undergrad_Minchan_Folder/ROOMBA_PROJECT_1/roomba_src/zed-ros2-wrapper/zed_components/src/zed_camera/src/zed_camera_component_main.cpp:2762:31:\x1b[m\x1b[K \x1b[01;31m\x1b[Kerror: \x1b[m\x1b[K\xe2\x80\x98\x1b[01m\x1b[KgenerateVirtualStereoSerialNumber\x1b[m\x1b[K\xe2\x80\x99 is not a member of \xe2\x80\x98\x1b[01m\x1b[Ksl\x1b[m\x1b[K\xe2\x80\x99\n'}
[15.859839] (zed_components) StderrLine: {'line': b' 2762 |         auto virtual_sn = sl::\x1b[01;31m\x1b[KgenerateVirtualStereoSerialNumber\x1b[m\x1b[K(serials[0], serials[1]);\n'}
[15.860065] (zed_components) StderrLine: {'line': b'      |                               \x1b[01;31m\x1b[K^~~~~~~~~~~~~~~~~~~~~~~~~~~~~~~~~\x1b[m\x1b[K\n'}
[15.860210] (zed_components) StderrLine: {'line': b'\x1b[01m\x1b[K/home/wolfwagen/Undergrad_Minchan_Folder/ROOMBA_PROJECT_1/roomba_src/zed-ros2-wrapper/zed_components/src/zed_camera/src/zed_camera_component_main.cpp:2764:27:\x1b[m\x1b[K \x1b[01;31m\x1b[Kerror: \x1b[m\x1b[K\xe2\x80\x98\x1b[01m\x1b[Kclass sl::InputType\x1b[m\x1b[K\xe2\x80\x99 has no member named \xe2\x80\x98\x1b[01m\x1b[KsetVirtualStereoFromCameraIDs\x1b[m\x1b[K\xe2\x80\x99\n'}
[15.860347] (zed_components) StderrLine: {'line': b' 2764 |         mInitParams.input.\x1b[01;31m\x1b[KsetVirtualStereoFromCameraIDs\x1b[m\x1b[K(\n'}
[15.860472] (zed_components) StderrLine: {'line': b'      |                           \x1b[01;31m\x1b[K^~~~~~~~~~~~~~~~~~~~~~~~~~~~~\x1b[m\x1b[K\n'}
[15.866243] (zed_components) StderrLine: {'line': b'\x1b[01m\x1b[K/home/wolfwagen/Undergrad_Minchan_Folder/ROOMBA_PROJECT_1/roomba_src/zed-ros2-wrapper/zed_components/src/zed_camera/src/zed_camera_component_main.cpp:2832:17:\x1b[m\x1b[K \x1b[01;31m\x1b[Kerror: \x1b[m\x1b[K\xe2\x80\x98\x1b[01m\x1b[Kstruct sl::InitParameters\x1b[m\x1b[K\xe2\x80\x99 has no member named \xe2\x80\x98\x1b[01m\x1b[Kmaximum_working_resolution\x1b[m\x1b[K\xe2\x80\x99\n'}
[15.866738] (zed_components) StderrLine: {'line': b' 2832 |     mInitParams.\x1b[01;31m\x1b[Kmaximum_working_resolution\x1b[m\x1b[K = mMatResol;\n'}
[15.866943] (zed_components) StderrLine: {'line': b'      |                 \x1b[01;31m\x1b[K^~~~~~~~~~~~~~~~~~~~~~~~~~\x1b[m\x1b[K\n'}
[15.867080] (zed_components) StderrLine: {'line': b'\x1b[01m\x1b[K/home/wolfwagen/Undergrad_Minchan_Folder/ROOMBA_PROJECT_1/roomba_src/zed-ros2-wrapper/zed_components/src/zed_camera/src/zed_camera_component_main.cpp:2834:17:\x1b[m\x1b[K \x1b[01;31m\x1b[Kerror: \x1b[m\x1b[K\xe2\x80\x98\x1b[01m\x1b[Kstruct sl::InitParameters\x1b[m\x1b[K\xe2\x80\x99 has no member named \xe2\x80\x98\x1b[01m\x1b[Kmaximum_working_resolution\x1b[m\x1b[K\xe2\x80\x99\n'}
[15.867216] (zed_components) StderrLine: {'line': b' 2834 |     mInitParams.\x1b[01;31m\x1b[Kmaximum_working_resolution\x1b[m\x1b[K = mPcResol;\n'}
[15.867339] (zed_components) StderrLine: {'line': b'      |                 \x1b[01;31m\x1b[K^~~~~~~~~~~~~~~~~~~~~~~~~~\x1b[m\x1b[K\n'}
[15.885387] (zed_components) StderrLine: {'line': b'\x1b[01m\x1b[K/home/wolfwagen/Undergrad_Minchan_Folder/ROOMBA_PROJECT_1/roomba_src/zed-ros2-wrapper/zed_components/src/zed_camera/src/zed_camera_component_main.cpp:2961:50:\x1b[m\x1b[K \x1b[01;31m\x1b[Kerror: \x1b[m\x1b[K\xe2\x80\x98\x1b[01m\x1b[KGEN_3\x1b[m\x1b[K\xe2\x80\x99 is not a member of \xe2\x80\x98\x1b[01m\x1b[Ksl::POSITIONAL_TRACKING_MODE\x1b[m\x1b[K\xe2\x80\x99; did you mean \xe2\x80\x98\x1b[01m\x1b[KGEN_1\x1b[m\x1b[K\xe2\x80\x99?\n'}
[15.885868] (zed_components) StderrLine: {'line': b' 2961 |     mPosTrkMode == sl::POSITIONAL_TRACKING_MODE::\x1b[01;31m\x1b[KGEN_3\x1b[m\x1b[K)\n'}
[15.886075] (zed_components) StderrLine: {'line': b'      |                                                  \x1b[01;31m\x1b[K^~~~~\x1b[m\x1b[K\n'}
[15.886210] (zed_components) StderrLine: {'line': b'      |                                                  \x1b[32m\x1b[KGEN_1\x1b[m\x1b[K\n'}
[15.897088] (zed_components) StdoutLine: {'line': b'[ 64%] \x1b[32mBuilding CXX object CMakeFiles/zed_camera_one_component.dir/src/zed_camera_one/src/zed_camera_one_component_main.cpp.o\x1b[0m\n'}
[15.899114] (zed_components) StderrLine: {'line': b'\x1b[01m\x1b[K/home/wolfwagen/Undergrad_Minchan_Folder/ROOMBA_PROJECT_1/roomba_src/zed-ros2-wrapper/zed_components/src/zed_camera/src/zed_camera_component_main.cpp:3060:42:\x1b[m\x1b[K \x1b[01;31m\x1b[Kerror: \x1b[m\x1b[K\xe2\x80\x98\x1b[01m\x1b[KZED_X_HDR\x1b[m\x1b[K\xe2\x80\x99 is not a member of \xe2\x80\x98\x1b[01m\x1b[Ksl::MODEL\x1b[m\x1b[K\xe2\x80\x99\n'}
[15.899554] (zed_components) StderrLine: {'line': b' 3060 |   } else if (mCamRealModel == sl::MODEL::\x1b[01;31m\x1b[KZED_X_HDR\x1b[m\x1b[K) {\n'}
[15.899776] (zed_components) StderrLine: {'line': b'      |                                          \x1b[01;31m\x1b[K^~~~~~~~~\x1b[m\x1b[K\n'}
[15.899923] (zed_components) StderrLine: {'line': b'\x1b[01m\x1b[K/home/wolfwagen/Undergrad_Minchan_Folder/ROOMBA_PROJECT_1/roomba_src/zed-ros2-wrapper/zed_components/src/zed_camera/src/zed_camera_component_main.cpp:3061:37:\x1b[m\x1b[K \x1b[01;31m\x1b[Kerror: \x1b[m\x1b[K\xe2\x80\x98\x1b[01m\x1b[KZED_X_HDR\x1b[m\x1b[K\xe2\x80\x99 is not a member of \xe2\x80\x98\x1b[01m\x1b[Ksl::MODEL\x1b[m\x1b[K\xe2\x80\x99\n'}
[15.900206] (zed_components) StderrLine: {'line': b' 3061 |     if (mCamUserModel != sl::MODEL::\x1b[01;31m\x1b[KZED_X_HDR\x1b[m\x1b[K) {\n'}
[15.900340] (zed_components) StderrLine: {'line': b'      |                                     \x1b[01;31m\x1b[K^~~~~~~~~\x1b[m\x1b[K\n'}
[15.900524] (zed_components) StderrLine: {'line': b'\x1b[01m\x1b[K/home/wolfwagen/Undergrad_Minchan_Folder/ROOMBA_PROJECT_1/roomba_src/zed-ros2-wrapper/zed_components/src/zed_camera/src/zed_camera_component_main.cpp:3067:42:\x1b[m\x1b[K \x1b[01;31m\x1b[Kerror: \x1b[m\x1b[K\xe2\x80\x98\x1b[01m\x1b[KZED_X_HDR_MINI\x1b[m\x1b[K\xe2\x80\x99 is not a member of \xe2\x80\x98\x1b[01m\x1b[Ksl::MODEL\x1b[m\x1b[K\xe2\x80\x99\n'}
[15.900662] (zed_components) StderrLine: {'line': b' 3067 |   } else if (mCamRealModel == sl::MODEL::\x1b[01;31m\x1b[KZED_X_HDR_MINI\x1b[m\x1b[K) {\n'}
[15.900785] (zed_components) StderrLine: {'line': b'      |                                          \x1b[01;31m\x1b[K^~~~~~~~~~~~~~\x1b[m\x1b[K\n'}
[15.900934] (zed_components) StderrLine: {'line': b'\x1b[01m\x1b[K/home/wolfwagen/Undergrad_Minchan_Folder/ROOMBA_PROJECT_1/roomba_src/zed-ros2-wrapper/zed_components/src/zed_camera/src/zed_camera_component_main.cpp:3068:37:\x1b[m\x1b[K \x1b[01;31m\x1b[Kerror: \x1b[m\x1b[K\xe2\x80\x98\x1b[01m\x1b[KZED_X_HDR_MINI\x1b[m\x1b[K\xe2\x80\x99 is not a member of \xe2\x80\x98\x1b[01m\x1b[Ksl::MODEL\x1b[m\x1b[K\xe2\x80\x99\n'}
[15.901056] (zed_components) StderrLine: {'line': b' 3068 |     if (mCamUserModel != sl::MODEL::\x1b[01;31m\x1b[KZED_X_HDR_MINI\x1b[m\x1b[K) {\n'}
[15.901186] (zed_components) StderrLine: {'line': b'      |                                     \x1b[01;31m\x1b[K^~~~~~~~~~~~~~\x1b[m\x1b[K\n'}
[15.901418] (zed_components) StderrLine: {'line': b'\x1b[01m\x1b[K/home/wolfwagen/Undergrad_Minchan_Folder/ROOMBA_PROJECT_1/roomba_src/zed-ros2-wrapper/zed_components/src/zed_camera/src/zed_camera_component_main.cpp:3074:42:\x1b[m\x1b[K \x1b[01;31m\x1b[Kerror: \x1b[m\x1b[K\xe2\x80\x98\x1b[01m\x1b[KZED_X_HDR_MAX\x1b[m\x1b[K\xe2\x80\x99 is not a member of \xe2\x80\x98\x1b[01m\x1b[Ksl::MODEL\x1b[m\x1b[K\xe2\x80\x99\n'}
[15.901556] (zed_components) StderrLine: {'line': b' 3074 |   } else if (mCamRealModel == sl::MODEL::\x1b[01;31m\x1b[KZED_X_HDR_MAX\x1b[m\x1b[K) {\n'}
[15.901672] (zed_components) StderrLine: {'line': b'      |                                          \x1b[01;31m\x1b[K^~~~~~~~~~~~~\x1b[m\x1b[K\n'}
[15.901782] (zed_components) StderrLine: {'line': b'\x1b[01m\x1b[K/home/wolfwagen/Undergrad_Minchan_Folder/ROOMBA_PROJECT_1/roomba_src/zed-ros2-wrapper/zed_components/src/zed_camera/src/zed_camera_component_main.cpp:3075:37:\x1b[m\x1b[K \x1b[01;31m\x1b[Kerror: \x1b[m\x1b[K\xe2\x80\x98\x1b[01m\x1b[KZED_X_HDR_MAX\x1b[m\x1b[K\xe2\x80\x99 is not a member of \xe2\x80\x98\x1b[01m\x1b[Ksl::MODEL\x1b[m\x1b[K\xe2\x80\x99\n'}
[15.901899] (zed_components) StderrLine: {'line': b' 3075 |     if (mCamUserModel != sl::MODEL::\x1b[01;31m\x1b[KZED_X_HDR_MAX\x1b[m\x1b[K) {\n'}
[15.902011] (zed_components) StderrLine: {'line': b'      |                                     \x1b[01;31m\x1b[K^~~~~~~~~~~~~\x1b[m\x1b[K\n'}
[15.915102] (-) TimerEvent: {}
[16.015910] (-) TimerEvent: {}
[16.117427] (-) TimerEvent: {}
[16.127488] (zed_components) StderrLine: {'line': b'\x1b[01m\x1b[K/home/wolfwagen/Undergrad_Minchan_Folder/ROOMBA_PROJECT_1/roomba_src/zed-ros2-wrapper/zed_components/src/zed_camera/src/zed_camera_component_main.cpp:\x1b[m\x1b[K In member function \xe2\x80\x98\x1b[01m\x1b[Kbool stereolabs::ZedCamera::startPosTracking()\x1b[m\x1b[K\xe2\x80\x99:\n'}
[16.128001] (zed_components) StderrLine: {'line': b'\x1b[01m\x1b[K/home/wolfwagen/Undergrad_Minchan_Folder/ROOMBA_PROJECT_1/roomba_src/zed-ros2-wrapper/zed_components/src/zed_camera/src/zed_camera_component_main.cpp:3930:12:\x1b[m\x1b[K \x1b[01;31m\x1b[Kerror: \x1b[m\x1b[K\xe2\x80\x98\x1b[01m\x1b[Kstruct sl::PositionalTrackingParameters\x1b[m\x1b[K\xe2\x80\x99 has no member named \xe2\x80\x98\x1b[01m\x1b[Kenable_localization_only\x1b[m\x1b[K\xe2\x80\x99\n'}
[16.128173] (zed_components) StderrLine: {'line': b' 3930 |   ptParams.\x1b[01;31m\x1b[Kenable_localization_only\x1b[m\x1b[K = mLocalizationOnly;\n'}
[16.128310] (zed_components) StderrLine: {'line': b'      |            \x1b[01;31m\x1b[K^~~~~~~~~~~~~~~~~~~~~~~~\x1b[m\x1b[K\n'}
[16.217628] (-) TimerEvent: {}
[16.306796] (zed_components) StdoutLine: {'line': b'[ 70%] \x1b[32mBuilding CXX object CMakeFiles/zed_camera_component.dir/src/zed_camera/src/zed_camera_component_objdet.cpp.o\x1b[0m\n'}
[16.317824] (-) TimerEvent: {}
[16.331740] (zed_components) StderrLine: {'line': b'\x1b[01m\x1b[K/home/wolfwagen/Undergrad_Minchan_Folder/ROOMBA_PROJECT_1/roomba_src/zed-ros2-wrapper/zed_components/src/zed_camera/src/zed_camera_component_main.cpp:\x1b[m\x1b[K In member function \xe2\x80\x98\x1b[01m\x1b[Kvoid stereolabs::ZedCamera::threadFunc_zedGrab()\x1b[m\x1b[K\xe2\x80\x99:\n'}
[16.332258] (zed_components) StderrLine: {'line': b'\x1b[01m\x1b[K/home/wolfwagen/Undergrad_Minchan_Folder/ROOMBA_PROJECT_1/roomba_src/zed-ros2-wrapper/zed_components/src/zed_camera/src/zed_camera_component_main.cpp:4965:29:\x1b[m\x1b[K \x1b[01;31m\x1b[Kerror: \x1b[m\x1b[K\xe2\x80\x98\x1b[01m\x1b[Kusing element_type = class sl::Camera\x1b[m\x1b[K\xe2\x80\x99 {aka \xe2\x80\x98\x1b[01m\x1b[Kclass sl::Camera\x1b[m\x1b[K\xe2\x80\x99} has no member named \xe2\x80\x98\x1b[01m\x1b[Kread\x1b[m\x1b[K\xe2\x80\x99\n'}
[16.332495] (zed_components) StderrLine: {'line': b' 4965 |         mGrabStatus = mZed->\x1b[01;31m\x1b[Kread\x1b[m\x1b[K();  // Image and sensor data reading with no depth processing\n'}
[16.332641] (zed_components) StderrLine: {'line': b'      |                             \x1b[01;31m\x1b[K^~~~\x1b[m\x1b[K\n'}
[16.399496] (zed_components) StdoutLine: {'line': b'[ 76%] \x1b[32mBuilding CXX object CMakeFiles/zed_camera_one_component.dir/src/zed_camera_one/src/zed_camera_one_component_sensors.cpp.o\x1b[0m\n'}
[16.418035] (-) TimerEvent: {}
[16.518605] (zed_components) StderrLine: {'line': b'\x1b[01m\x1b[K/home/wolfwagen/Undergrad_Minchan_Folder/ROOMBA_PROJECT_1/roomba_src/zed-ros2-wrapper/zed_components/src/zed_camera/src/zed_camera_component_main.cpp:\x1b[m\x1b[K In member function \xe2\x80\x98\x1b[01m\x1b[Kvoid stereolabs::ZedCamera::publishCameraTFs(rclcpp::Time)\x1b[m\x1b[K\xe2\x80\x99:\n'}
[16.519118] (-) TimerEvent: {}
[16.519397] (zed_components) StderrLine: {'line': b'\x1b[01m\x1b[K/home/wolfwagen/Undergrad_Minchan_Folder/ROOMBA_PROJECT_1/roomba_src/zed-ros2-wrapper/zed_components/src/zed_camera/src/zed_camera_component_main.cpp:5767:21:\x1b[m\x1b[K \x1b[01;31m\x1b[Kerror: \x1b[m\x1b[K\xe2\x80\x98\x1b[01m\x1b[KZED_X_HDR\x1b[m\x1b[K\xe2\x80\x99 is not a member of \xe2\x80\x98\x1b[01m\x1b[Ksl::MODEL\x1b[m\x1b[K\xe2\x80\x99\n'}
[16.519600] (zed_components) StderrLine: {'line': b' 5767 |     case sl::MODEL::\x1b[01;31m\x1b[KZED_X_HDR\x1b[m\x1b[K:\n'}
[16.519746] (zed_components) StderrLine: {'line': b'      |                     \x1b[01;31m\x1b[K^~~~~~~~~\x1b[m\x1b[K\n'}
[16.519876] (zed_components) StderrLine: {'line': b'\x1b[01m\x1b[K/home/wolfwagen/Undergrad_Minchan_Folder/ROOMBA_PROJECT_1/roomba_src/zed-ros2-wrapper/zed_components/src/zed_camera/src/zed_camera_component_main.cpp:5768:21:\x1b[m\x1b[K \x1b[01;31m\x1b[Kerror: \x1b[m\x1b[K\xe2\x80\x98\x1b[01m\x1b[KZED_X_HDR_MAX\x1b[m\x1b[K\xe2\x80\x99 is not a member of \xe2\x80\x98\x1b[01m\x1b[Ksl::MODEL\x1b[m\x1b[K\xe2\x80\x99\n'}
[16.520043] (zed_components) StderrLine: {'line': b' 5768 |     case sl::MODEL::\x1b[01;31m\x1b[KZED_X_HDR_MAX\x1b[m\x1b[K:\n'}
[16.520172] (zed_components) StderrLine: {'line': b'      |                     \x1b[01;31m\x1b[K^~~~~~~~~~~~~\x1b[m\x1b[K\n'}
[16.520292] (zed_components) StderrLine: {'line': b'\x1b[01m\x1b[K/home/wolfwagen/Undergrad_Minchan_Folder/ROOMBA_PROJECT_1/roomba_src/zed-ros2-wrapper/zed_components/src/zed_camera/src/zed_camera_component_main.cpp:5769:21:\x1b[m\x1b[K \x1b[01;31m\x1b[Kerror: \x1b[m\x1b[K\xe2\x80\x98\x1b[01m\x1b[KZED_X_HDR_MINI\x1b[m\x1b[K\xe2\x80\x99 is not a member of \xe2\x80\x98\x1b[01m\x1b[Ksl::MODEL\x1b[m\x1b[K\xe2\x80\x99\n'}
[16.520449] (zed_components) StderrLine: {'line': b' 5769 |     case sl::MODEL::\x1b[01;31m\x1b[KZED_X_HDR_MINI\x1b[m\x1b[K:\n'}
[16.520567] (zed_components) StderrLine: {'line': b'      |                     \x1b[01;31m\x1b[K^~~~~~~~~~~~~~\x1b[m\x1b[K\n'}
[16.619352] (-) TimerEvent: {}
[16.700669] (zed_components) StderrLine: {'line': b'\x1b[01m\x1b[K/home/wolfwagen/Undergrad_Minchan_Folder/ROOMBA_PROJECT_1/roomba_src/zed-ros2-wrapper/zed_components/src/zed_camera/src/zed_camera_component_main.cpp:\x1b[m\x1b[K In member function \xe2\x80\x98\x1b[01m\x1b[Kvoid stereolabs::ZedCamera::publishPoseLandmarks()\x1b[m\x1b[K\xe2\x80\x99:\n'}
[16.701378] (zed_components) StderrLine: {'line': b'\x1b[01m\x1b[K/home/wolfwagen/Undergrad_Minchan_Folder/ROOMBA_PROJECT_1/roomba_src/zed-ros2-wrapper/zed_components/src/zed_camera/src/zed_camera_component_main.cpp:6694:28:\x1b[m\x1b[K \x1b[01;31m\x1b[Kerror: \x1b[m\x1b[K\xe2\x80\x98\x1b[01m\x1b[KLandmark\x1b[m\x1b[K\xe2\x80\x99 is not a member of \xe2\x80\x98\x1b[01m\x1b[Ksl\x1b[m\x1b[K\xe2\x80\x99\n'}
[16.701600] (zed_components) StderrLine: {'line': b' 6694 |     std::map<uint64_t, sl::\x1b[01;31m\x1b[KLandmark\x1b[m\x1b[K> map_lm3d;\n'}
[16.701740] (zed_components) StderrLine: {'line': b'      |                            \x1b[01;31m\x1b[K^~~~~~~~\x1b[m\x1b[K\n'}
[16.701870] (zed_components) StderrLine: {'line': b'\x1b[01m\x1b[K/home/wolfwagen/Undergrad_Minchan_Folder/ROOMBA_PROJECT_1/roomba_src/zed-ros2-wrapper/zed_components/src/zed_camera/src/zed_camera_component_main.cpp:6694:36:\x1b[m\x1b[K \x1b[01;31m\x1b[Kerror: \x1b[m\x1b[Ktemplate argument 2 is invalid\n'}
[16.701999] (zed_components) StderrLine: {'line': b' 6694 |     std::map<uint64_t, sl::Landmark\x1b[01;31m\x1b[K>\x1b[m\x1b[K map_lm3d;\n'}
[16.702113] (zed_components) StderrLine: {'line': b'      |                                    \x1b[01;31m\x1b[K^\x1b[m\x1b[K\n'}
[16.702228] (zed_components) StderrLine: {'line': b'\x1b[01m\x1b[K/home/wolfwagen/Undergrad_Minchan_Folder/ROOMBA_PROJECT_1/roomba_src/zed-ros2-wrapper/zed_components/src/zed_camera/src/zed_camera_component_main.cpp:6694:36:\x1b[m\x1b[K \x1b[01;31m\x1b[Kerror: \x1b[m\x1b[Ktemplate argument 4 is invalid\n'}
[16.705426] (zed_components) StderrLine: {'line': b'\x1b[01m\x1b[K/home/wolfwagen/Undergrad_Minchan_Folder/ROOMBA_PROJECT_1/roomba_src/zed-ros2-wrapper/zed_components/src/zed_camera/src/zed_camera_component_main.cpp:6695:21:\x1b[m\x1b[K \x1b[01;31m\x1b[Kerror: \x1b[m\x1b[K\xe2\x80\x98\x1b[01m\x1b[KLandmark2D\x1b[m\x1b[K\xe2\x80\x99 is not a member of \xe2\x80\x98\x1b[01m\x1b[Ksl\x1b[m\x1b[K\xe2\x80\x99\n'}
[16.706319] (zed_components) StderrLine: {'line': b' 6695 |     std::vector<sl::\x1b[01;31m\x1b[KLandmark2D\x1b[m\x1b[K> map_lm2d;\n'}
[16.706497] (zed_components) StderrLine: {'line': b'      |                     \x1b[01;31m\x1b[K^~~~~~~~~~\x1b[m\x1b[K\n'}
[16.706629] (zed_components) StderrLine: {'line': b'\x1b[01m\x1b[K/home/wolfwagen/Undergrad_Minchan_Folder/ROOMBA_PROJECT_1/roomba_src/zed-ros2-wrapper/zed_components/src/zed_camera/src/zed_camera_component_main.cpp:6695:31:\x1b[m\x1b[K \x1b[01;31m\x1b[Kerror: \x1b[m\x1b[Ktemplate argument 1 is invalid\n'}
[16.706755] (zed_components) StderrLine: {'line': b' 6695 |     std::vector<sl::Landmark2D\x1b[01;31m\x1b[K>\x1b[m\x1b[K map_lm2d;\n'}
[16.706872] (zed_components) StderrLine: {'line': b'      |                               \x1b[01;31m\x1b[K^\x1b[m\x1b[K\n'}
[16.706988] (zed_components) StderrLine: {'line': b'\x1b[01m\x1b[K/home/wolfwagen/Undergrad_Minchan_Folder/ROOMBA_PROJECT_1/roomba_src/zed-ros2-wrapper/zed_components/src/zed_camera/src/zed_camera_component_main.cpp:6695:31:\x1b[m\x1b[K \x1b[01;31m\x1b[Kerror: \x1b[m\x1b[Ktemplate argument 2 is invalid\n'}
[16.710266] (zed_components) StderrLine: {'line': b'\x1b[01m\x1b[K/home/wolfwagen/Undergrad_Minchan_Folder/ROOMBA_PROJECT_1/roomba_src/zed-ros2-wrapper/zed_components/src/zed_camera/src/zed_camera_component_main.cpp:6696:23:\x1b[m\x1b[K \x1b[01;31m\x1b[Kerror: \x1b[m\x1b[K\xe2\x80\x98\x1b[01m\x1b[Kusing element_type = class sl::Camera\x1b[m\x1b[K\xe2\x80\x99 {aka \xe2\x80\x98\x1b[01m\x1b[Kclass sl::Camera\x1b[m\x1b[K\xe2\x80\x99} has no member named \xe2\x80\x98\x1b[01m\x1b[KgetPositionalTrackingLandmarks\x1b[m\x1b[K\xe2\x80\x99; did you mean \xe2\x80\x98\x1b[01m\x1b[KgetPositionalTrackingStatus\x1b[m\x1b[K\xe2\x80\x99?\n'}
[16.710734] (zed_components) StderrLine: {'line': b' 6696 |     auto res1 = mZed->\x1b[01;31m\x1b[KgetPositionalTrackingLandmarks\x1b[m\x1b[K(map_lm3d); // 3D landmarks (all the landmarks in world coords)\n'}
[16.711454] (zed_components) StderrLine: {'line': b'      |                       \x1b[01;31m\x1b[K^~~~~~~~~~~~~~~~~~~~~~~~~~~~~~\x1b[m\x1b[K\n'}
[16.711627] (zed_components) StderrLine: {'line': b'      |                       \x1b[32m\x1b[KgetPositionalTrackingStatus\x1b[m\x1b[K\n'}
[16.711752] (zed_components) StderrLine: {'line': b'\x1b[01m\x1b[K/home/wolfwagen/Undergrad_Minchan_Folder/ROOMBA_PROJECT_1/roomba_src/zed-ros2-wrapper/zed_components/src/zed_camera/src/zed_camera_component_main.cpp:6697:23:\x1b[m\x1b[K \x1b[01;31m\x1b[Kerror: \x1b[m\x1b[K\xe2\x80\x98\x1b[01m\x1b[Kusing element_type = class sl::Camera\x1b[m\x1b[K\xe2\x80\x99 {aka \xe2\x80\x98\x1b[01m\x1b[Kclass sl::Camera\x1b[m\x1b[K\xe2\x80\x99} has no member named \xe2\x80\x98\x1b[01m\x1b[KgetPositionalTrackingLandmarks2D\x1b[m\x1b[K\xe2\x80\x99; did you mean \xe2\x80\x98\x1b[01m\x1b[KgetPositionalTrackingStatus\x1b[m\x1b[K\xe2\x80\x99?\n'}
[16.711901] (zed_components) StderrLine: {'line': b' 6697 |     auto res2 = mZed->\x1b[01;31m\x1b[KgetPositionalTrackingLandmarks2D\x1b[m\x1b[K(map_lm2d); // 2D landmarks (currently tracked in image)\n'}
[16.712116] (zed_components) StderrLine: {'line': b'      |                       \x1b[01;31m\x1b[K^~~~~~~~~~~~~~~~~~~~~~~~~~~~~~~~\x1b[m\x1b[K\n'}
[16.712238] (zed_components) StderrLine: {'line': b'      |                       \x1b[32m\x1b[KgetPositionalTrackingStatus\x1b[m\x1b[K\n'}
[16.719587] (-) TimerEvent: {}
[16.733372] (zed_components) StderrLine: {'line': b'\x1b[01m\x1b[K/home/wolfwagen/Undergrad_Minchan_Folder/ROOMBA_PROJECT_1/roomba_src/zed-ros2-wrapper/zed_components/src/zed_camera/src/zed_camera_component_main.cpp:6719:29:\x1b[m\x1b[K \x1b[01;31m\x1b[Kerror: \x1b[m\x1b[Krequest for member \xe2\x80\x98\x1b[01m\x1b[Ksize\x1b[m\x1b[K\xe2\x80\x99 in \xe2\x80\x98\x1b[01m\x1b[Kmap_lm3d\x1b[m\x1b[K\xe2\x80\x99, which is of non-class type \xe2\x80\x98\x1b[01m\x1b[Kint\x1b[m\x1b[K\xe2\x80\x99\n'}
[16.734210] (zed_components) StderrLine: {'line': b' 6719 |     int ptsCount = map_lm3d.\x1b[01;31m\x1b[Ksize\x1b[m\x1b[K();\n'}
[16.734398] (zed_components) StderrLine: {'line': b'      |                             \x1b[01;31m\x1b[K^~~~\x1b[m\x1b[K\n'}
[16.746583] (zed_components) StderrLine: {'line': b'\x1b[01m\x1b[K/home/wolfwagen/Undergrad_Minchan_Folder/ROOMBA_PROJECT_1/roomba_src/zed-ros2-wrapper/zed_components/src/zed_camera/src/zed_camera_component_main.cpp:6774:34:\x1b[m\x1b[K \x1b[01;31m\x1b[Kerror: \x1b[m\x1b[K\xe2\x80\x98\x1b[01m\x1b[Kbegin\x1b[m\x1b[K\xe2\x80\x99 was not declared in this scope\n'}
[16.747507] (zed_components) StderrLine: {'line': b' 6774 |     for (const auto & landmark : \x1b[01;31m\x1b[Kmap_lm3d\x1b[m\x1b[K) {\n'}
[16.747922] (zed_components) StderrLine: {'line': b'      |                                  \x1b[01;31m\x1b[K^~~~~~~~\x1b[m\x1b[K\n'}
[16.749067] (zed_components) StderrLine: {'line': b'\x1b[01m\x1b[K/home/wolfwagen/Undergrad_Minchan_Folder/ROOMBA_PROJECT_1/roomba_src/zed-ros2-wrapper/zed_components/src/zed_camera/src/zed_camera_component_main.cpp:6774:34:\x1b[m\x1b[K \x1b[01;36m\x1b[Knote: \x1b[m\x1b[Ksuggested alternatives:\n'}
[16.749691] (zed_components) StderrLine: {'line': b'In file included from \x1b[01m\x1b[K/usr/include/nlohmann/detail/conversions/from_json.hpp:13\x1b[m\x1b[K,\n'}
[16.749852] (zed_components) StderrLine: {'line': b'                 from \x1b[01m\x1b[K/usr/include/nlohmann/adl_serializer.hpp:6\x1b[m\x1b[K,\n'}
[16.749984] (zed_components) StderrLine: {'line': b'                 from \x1b[01m\x1b[K/usr/include/nlohmann/json.hpp:60\x1b[m\x1b[K,\n'}
[16.750108] (zed_components) StderrLine: {'line': b'                 from \x1b[01m\x1b[K/home/wolfwagen/Undergrad_Minchan_Folder/ROOMBA_PROJECT_1/roomba_src/zed-ros2-wrapper/zed_components/src/tools/include/gnss_replay.hpp:5\x1b[m\x1b[K,\n'}
[16.750228] (zed_components) StderrLine: {'line': b'                 from \x1b[01m\x1b[K/home/wolfwagen/Undergrad_Minchan_Folder/ROOMBA_PROJECT_1/roomba_src/zed-ros2-wrapper/zed_components/src/tools/include/sl_tools.hpp:30\x1b[m\x1b[K,\n'}
[16.750342] (zed_components) StderrLine: {'line': b'                 from \x1b[01m\x1b[K/home/wolfwagen/Undergrad_Minchan_Folder/ROOMBA_PROJECT_1/roomba_src/zed-ros2-wrapper/zed_components/src/zed_camera/include/zed_camera_component.hpp:27\x1b[m\x1b[K,\n'}
[16.750456] (zed_components) StderrLine: {'line': b'                 from \x1b[01m\x1b[K/home/wolfwagen/Undergrad_Minchan_Folder/ROOMBA_PROJECT_1/roomba_src/zed-ros2-wrapper/zed_components/src/zed_camera/src/zed_camera_component_main.cpp:15\x1b[m\x1b[K:\n'}
[16.750603] (zed_components) StderrLine: {'line': b'\x1b[01m\x1b[K/usr/include/c++/11/valarray:1228:5:\x1b[m\x1b[K \x1b[01;36m\x1b[Knote: \x1b[m\x1b[K  \xe2\x80\x98\x1b[01m\x1b[Kstd::begin\x1b[m\x1b[K\xe2\x80\x99\n'}
[16.750716] (zed_components) StderrLine: {'line': b' 1228 |     \x1b[01;36m\x1b[Kbegin\x1b[m\x1b[K(const valarray<_Tp>& __va) noexcept\n'}
[16.750825] (zed_components) StderrLine: {'line': b'      |     \x1b[01;36m\x1b[K^~~~~\x1b[m\x1b[K\n'}
[16.750932] (zed_components) StderrLine: {'line': b'In file included from \x1b[01m\x1b[K/usr/include/c++/11/filesystem:46\x1b[m\x1b[K,\n'}
[16.751041] (zed_components) StderrLine: {'line': b'                 from \x1b[01m\x1b[K/usr/include/nlohmann/detail/conversions/from_json.hpp:29\x1b[m\x1b[K,\n'}
[16.751150] (zed_components) StderrLine: {'line': b'                 from \x1b[01m\x1b[K/usr/include/nlohmann/adl_serializer.hpp:6\x1b[m\x1b[K,\n'}
[16.751257] (zed_components) StderrLine: {'line': b'                 from \x1b[01m\x1b[K/usr/include/nlohmann/json.hpp:60\x1b[m\x1b[K,\n'}
[16.751383] (zed_components) StderrLine: {'line': b'                 from \x1b[01m\x1b[K/home/wolfwagen/Undergrad_Minchan_Folder/ROOMBA_PROJECT_1/roomba_src/zed-ros2-wrapper/zed_components/src/tools/include/gnss_replay.hpp:5\x1b[m\x1b[K,\n'}
[16.751492] (zed_components) StderrLine: {'line': b'                 from \x1b[01m\x1b[K/home/wolfwagen/Undergrad_Minchan_Folder/ROOMBA_PROJECT_1/roomba_src/zed-ros2-wrapper/zed_components/src/tools/include/sl_tools.hpp:30\x1b[m\x1b[K,\n'}
[16.751621] (zed_components) StderrLine: {'line': b'                 from \x1b[01m\x1b[K/home/wolfwagen/Undergrad_Minchan_Folder/ROOMBA_PROJECT_1/roomba_src/zed-ros2-wrapper/zed_components/src/zed_camera/include/zed_camera_component.hpp:27\x1b[m\x1b[K,\n'}
[16.751734] (zed_components) StderrLine: {'line': b'                 from \x1b[01m\x1b[K/home/wolfwagen/Undergrad_Minchan_Folder/ROOMBA_PROJECT_1/roomba_src/zed-ros2-wrapper/zed_components/src/zed_camera/src/zed_camera_component_main.cpp:15\x1b[m\x1b[K:\n'}
[16.751844] (zed_components) StderrLine: {'line': b'\x1b[01m\x1b[K/usr/include/c++/11/bits/fs_dir.h:549:3:\x1b[m\x1b[K \x1b[01;36m\x1b[Knote: \x1b[m\x1b[K  \xe2\x80\x98\x1b[01m\x1b[Kstd::filesystem::__cxx11::begin\x1b[m\x1b[K\xe2\x80\x99\n'}
[16.757220] (zed_components) StderrLine: {'line': b'  549 |   \x1b[01;36m\x1b[Kbegin\x1b[m\x1b[K(recursive_directory_iterator __iter) noexcept\n'}
[16.758298] (zed_components) StderrLine: {'line': b'      |   \x1b[01;36m\x1b[K^~~~~\x1b[m\x1b[K\n'}
[16.758472] (zed_components) StderrLine: {'line': b'In file included from \x1b[01m\x1b[K/usr/include/c++/11/utility:76\x1b[m\x1b[K,\n'}
[16.758601] (zed_components) StderrLine: {'line': b'                 from \x1b[01m\x1b[K/usr/include/c++/11/algorithm:60\x1b[m\x1b[K,\n'}
[16.758758] (zed_components) StderrLine: {'line': b'                 from \x1b[01m\x1b[K/usr/local/zed/include/sl/Camera.hpp:66\x1b[m\x1b[K,\n'}
[16.758882] (zed_components) StderrLine: {'line': b'                 from \x1b[01m\x1b[K/home/wolfwagen/Undergrad_Minchan_Folder/ROOMBA_PROJECT_1/roomba_src/zed-ros2-wrapper/zed_components/src/zed_camera/include/zed_camera_component.hpp:20\x1b[m\x1b[K,\n'}
[16.758999] (zed_components) StderrLine: {'line': b'                 from \x1b[01m\x1b[K/home/wolfwagen/Undergrad_Minchan_Folder/ROOMBA_PROJECT_1/roomba_src/zed-ros2-wrapper/zed_components/src/zed_camera/src/zed_camera_component_main.cpp:15\x1b[m\x1b[K:\n'}
[16.759112] (zed_components) StderrLine: {'line': b'\x1b[01m\x1b[K/usr/include/c++/11/initializer_list:90:5:\x1b[m\x1b[K \x1b[01;36m\x1b[Knote: \x1b[m\x1b[K  \xe2\x80\x98\x1b[01m\x1b[Kstd::begin\x1b[m\x1b[K\xe2\x80\x99\n'}
[16.759227] (zed_components) StderrLine: {'line': b'   90 |     \x1b[01;36m\x1b[Kbegin\x1b[m\x1b[K(initializer_list<_Tp> __ils) noexcept\n'}
[16.759335] (zed_components) StderrLine: {'line': b'      |     \x1b[01;36m\x1b[K^~~~~\x1b[m\x1b[K\n'}
[16.759442] (zed_components) StderrLine: {'line': b'In file included from \x1b[01m\x1b[K/usr/include/nlohmann/detail/string_escape.hpp:4\x1b[m\x1b[K,\n'}
[16.759555] (zed_components) StderrLine: {'line': b'                 from \x1b[01m\x1b[K/usr/include/nlohmann/detail/exceptions.hpp:9\x1b[m\x1b[K,\n'}
[16.759691] (zed_components) StderrLine: {'line': b'                 from \x1b[01m\x1b[K/usr/include/nlohmann/detail/conversions/from_json.hpp:15\x1b[m\x1b[K,\n'}
[16.759801] (zed_components) StderrLine: {'line': b'                 from \x1b[01m\x1b[K/usr/include/nlohmann/adl_serializer.hpp:6\x1b[m\x1b[K,\n'}
[16.759908] (zed_components) StderrLine: {'line': b'                 from \x1b[01m\x1b[K/usr/include/nlohmann/json.hpp:60\x1b[m\x1b[K,\n'}
[16.760059] (zed_components) StderrLine: {'line': b'                 from \x1b[01m\x1b[K/home/wolfwagen/Undergrad_Minchan_Folder/ROOMBA_PROJECT_1/roomba_src/zed-ros2-wrapper/zed_components/src/tools/include/gnss_replay.hpp:5\x1b[m\x1b[K,\n'}
[16.760181] (zed_components) StderrLine: {'line': b'                 from \x1b[01m\x1b[K/home/wolfwagen/Undergrad_Minchan_Folder/ROOMBA_PROJECT_1/roomba_src/zed-ros2-wrapper/zed_components/src/tools/include/sl_tools.hpp:30\x1b[m\x1b[K,\n'}
[16.760295] (zed_components) StderrLine: {'line': b'                 from \x1b[01m\x1b[K/home/wolfwagen/Undergrad_Minchan_Folder/ROOMBA_PROJECT_1/roomba_src/zed-ros2-wrapper/zed_components/src/zed_camera/include/zed_camera_component.hpp:27\x1b[m\x1b[K,\n'}
[16.760406] (zed_components) StderrLine: {'line': b'                 from \x1b[01m\x1b[K/home/wolfwagen/Undergrad_Minchan_Folder/ROOMBA_PROJECT_1/roomba_src/zed-ros2-wrapper/zed_components/src/zed_camera/src/zed_camera_component_main.cpp:15\x1b[m\x1b[K:\n'}
[16.760515] (zed_components) StderrLine: {'line': b'\x1b[01m\x1b[K/usr/include/nlohmann/detail/meta/call_std/begin.hpp:7:1:\x1b[m\x1b[K \x1b[01;36m\x1b[Knote: \x1b[m\x1b[K  \xe2\x80\x98\x1b[01m\x1b[Knlohmann::detail2::begin\x1b[m\x1b[K\xe2\x80\x99\n'}
[16.760626] (zed_components) StderrLine: {'line': b'    7 | \x1b[01;36m\x1b[KNLOHMANN_CAN_CALL_STD_FUNC_IMPL\x1b[m\x1b[K(begin);\n'}
[16.760735] (zed_components) StderrLine: {'line': b'      | \x1b[01;36m\x1b[K^~~~~~~~~~~~~~~~~~~~~~~~~~~~~~~\x1b[m\x1b[K\n'}
[16.760844] (zed_components) StderrLine: {'line': b'In file included from \x1b[01m\x1b[K/usr/include/c++/11/utility:76\x1b[m\x1b[K,\n'}
[16.760948] (zed_components) StderrLine: {'line': b'                 from \x1b[01m\x1b[K/usr/include/c++/11/algorithm:60\x1b[m\x1b[K,\n'}
[16.761053] (zed_components) StderrLine: {'line': b'                 from \x1b[01m\x1b[K/usr/local/zed/include/sl/Camera.hpp:66\x1b[m\x1b[K,\n'}
[16.761161] (zed_components) StderrLine: {'line': b'                 from \x1b[01m\x1b[K/home/wolfwagen/Undergrad_Minchan_Folder/ROOMBA_PROJECT_1/roomba_src/zed-ros2-wrapper/zed_components/src/zed_camera/include/zed_camera_component.hpp:20\x1b[m\x1b[K,\n'}
[16.761272] (zed_components) StderrLine: {'line': b'                 from \x1b[01m\x1b[K/home/wolfwagen/Undergrad_Minchan_Folder/ROOMBA_PROJECT_1/roomba_src/zed-ros2-wrapper/zed_components/src/zed_camera/src/zed_camera_component_main.cpp:15\x1b[m\x1b[K:\n'}
[16.761383] (zed_components) StderrLine: {'line': b'\x1b[01m\x1b[K/usr/include/c++/11/initializer_list:90:5:\x1b[m\x1b[K \x1b[01;36m\x1b[Knote: \x1b[m\x1b[K  \xe2\x80\x98\x1b[01m\x1b[Kstd::begin\x1b[m\x1b[K\xe2\x80\x99\n'}
[16.761495] (zed_components) StderrLine: {'line': b'   90 |     \x1b[01;36m\x1b[Kbegin\x1b[m\x1b[K(initializer_list<_Tp> __ils) noexcept\n'}
[16.761603] (zed_components) StderrLine: {'line': b'      |     \x1b[01;36m\x1b[K^~~~~\x1b[m\x1b[K\n'}
[16.761710] (zed_components) StderrLine: {'line': b'\x1b[01m\x1b[K/home/wolfwagen/Undergrad_Minchan_Folder/ROOMBA_PROJECT_1/roomba_src/zed-ros2-wrapper/zed_components/src/zed_camera/src/zed_camera_component_main.cpp:6774:34:\x1b[m\x1b[K \x1b[01;31m\x1b[Kerror: \x1b[m\x1b[K\xe2\x80\x98\x1b[01m\x1b[Kend\x1b[m\x1b[K\xe2\x80\x99 was not declared in this scope\n'}
[16.761847] (zed_components) StderrLine: {'line': b' 6774 |     for (const auto & landmark : \x1b[01;31m\x1b[Kmap_lm3d\x1b[m\x1b[K) {\n'}
[16.761956] (zed_components) StderrLine: {'line': b'      |                                  \x1b[01;31m\x1b[K^~~~~~~~\x1b[m\x1b[K\n'}
[16.762076] (zed_components) StderrLine: {'line': b'\x1b[01m\x1b[K/home/wolfwagen/Undergrad_Minchan_Folder/ROOMBA_PROJECT_1/roomba_src/zed-ros2-wrapper/zed_components/src/zed_camera/src/zed_camera_component_main.cpp:6774:34:\x1b[m\x1b[K \x1b[01;36m\x1b[Knote: \x1b[m\x1b[Ksuggested alternatives:\n'}
[16.762201] (zed_components) StderrLine: {'line': b'In file included from \x1b[01m\x1b[K/usr/include/nlohmann/detail/conversions/from_json.hpp:13\x1b[m\x1b[K,\n'}
[16.762310] (zed_components) StderrLine: {'line': b'                 from \x1b[01m\x1b[K/usr/include/nlohmann/adl_serializer.hpp:6\x1b[m\x1b[K,\n'}
[16.762418] (zed_components) StderrLine: {'line': b'                 from \x1b[01m\x1b[K/usr/include/nlohmann/json.hpp:60\x1b[m\x1b[K,\n'}
[16.762540] (zed_components) StderrLine: {'line': b'                 from \x1b[01m\x1b[K/home/wolfwagen/Undergrad_Minchan_Folder/ROOMBA_PROJECT_1/roomba_src/zed-ros2-wrapper/zed_components/src/tools/include/gnss_replay.hpp:5\x1b[m\x1b[K,\n'}
[16.762654] (zed_components) StderrLine: {'line': b'                 from \x1b[01m\x1b[K/home/wolfwagen/Undergrad_Minchan_Folder/ROOMBA_PROJECT_1/roomba_src/zed-ros2-wrapper/zed_components/src/tools/include/sl_tools.hpp:30\x1b[m\x1b[K,\n'}
[16.762760] (zed_components) StderrLine: {'line': b'                 from \x1b[01m\x1b[K/home/wolfwagen/Undergrad_Minchan_Folder/ROOMBA_PROJECT_1/roomba_src/zed-ros2-wrapper/zed_components/src/zed_camera/include/zed_camera_component.hpp:27\x1b[m\x1b[K,\n'}
[16.762865] (zed_components) StderrLine: {'line': b'                 from \x1b[01m\x1b[K/home/wolfwagen/Undergrad_Minchan_Folder/ROOMBA_PROJECT_1/roomba_src/zed-ros2-wrapper/zed_components/src/zed_camera/src/zed_camera_component_main.cpp:15\x1b[m\x1b[K:\n'}
[16.762977] (zed_components) StderrLine: {'line': b'\x1b[01m\x1b[K/usr/include/c++/11/valarray:1255:5:\x1b[m\x1b[K \x1b[01;36m\x1b[Knote: \x1b[m\x1b[K  \xe2\x80\x98\x1b[01m\x1b[Kstd::end\x1b[m\x1b[K\xe2\x80\x99\n'}
[16.763085] (zed_components) StderrLine: {'line': b' 1255 |     \x1b[01;36m\x1b[Kend\x1b[m\x1b[K(const valarray<_Tp>& __va) noexcept\n'}
[16.763191] (zed_components) StderrLine: {'line': b'      |     \x1b[01;36m\x1b[K^~~\x1b[m\x1b[K\n'}
[16.763299] (zed_components) StderrLine: {'line': b'In file included from \x1b[01m\x1b[K/usr/include/c++/11/filesystem:46\x1b[m\x1b[K,\n'}
[16.763406] (zed_components) StderrLine: {'line': b'                 from \x1b[01m\x1b[K/usr/include/nlohmann/detail/conversions/from_json.hpp:29\x1b[m\x1b[K,\n'}
[16.763511] (zed_components) StderrLine: {'line': b'                 from \x1b[01m\x1b[K/usr/include/nlohmann/adl_serializer.hpp:6\x1b[m\x1b[K,\n'}
[16.763617] (zed_components) StderrLine: {'line': b'                 from \x1b[01m\x1b[K/usr/include/nlohmann/json.hpp:60\x1b[m\x1b[K,\n'}
[16.763720] (zed_components) StderrLine: {'line': b'                 from \x1b[01m\x1b[K/home/wolfwagen/Undergrad_Minchan_Folder/ROOMBA_PROJECT_1/roomba_src/zed-ros2-wrapper/zed_components/src/tools/include/gnss_replay.hpp:5\x1b[m\x1b[K,\n'}
[16.763823] (zed_components) StderrLine: {'line': b'                 from \x1b[01m\x1b[K/home/wolfwagen/Undergrad_Minchan_Folder/ROOMBA_PROJECT_1/roomba_src/zed-ros2-wrapper/zed_components/src/tools/include/sl_tools.hpp:30\x1b[m\x1b[K,\n'}
[16.763928] (zed_components) StderrLine: {'line': b'                 from \x1b[01m\x1b[K/home/wolfwagen/Undergrad_Minchan_Folder/ROOMBA_PROJECT_1/roomba_src/zed-ros2-wrapper/zed_components/src/zed_camera/include/zed_camera_component.hpp:27\x1b[m\x1b[K,\n'}
[16.776761] (zed_components) StderrLine: {'line': b'                 from \x1b[01m\x1b[K/home/wolfwagen/Undergrad_Minchan_Folder/ROOMBA_PROJECT_1/roomba_src/zed-ros2-wrapper/zed_components/src/zed_camera/src/zed_camera_component_main.cpp:15\x1b[m\x1b[K:\n'}
[16.776961] (zed_components) StderrLine: {'line': b'\x1b[01m\x1b[K/usr/include/c++/11/bits/fs_dir.h:554:3:\x1b[m\x1b[K \x1b[01;36m\x1b[Knote: \x1b[m\x1b[K  \xe2\x80\x98\x1b[01m\x1b[Kstd::filesystem::__cxx11::end\x1b[m\x1b[K\xe2\x80\x99\n'}
[16.777103] (zed_components) StderrLine: {'line': b'  554 |   \x1b[01;36m\x1b[Kend\x1b[m\x1b[K(recursive_directory_iterator) noexcept\n'}
[16.777263] (zed_components) StderrLine: {'line': b'      |   \x1b[01;36m\x1b[K^~~\x1b[m\x1b[K\n'}
[16.777385] (zed_components) StderrLine: {'line': b'In file included from \x1b[01m\x1b[K/usr/include/c++/11/utility:76\x1b[m\x1b[K,\n'}
[16.777508] (zed_components) StderrLine: {'line': b'                 from \x1b[01m\x1b[K/usr/include/c++/11/algorithm:60\x1b[m\x1b[K,\n'}
[16.777621] (zed_components) StderrLine: {'line': b'                 from \x1b[01m\x1b[K/usr/local/zed/include/sl/Camera.hpp:66\x1b[m\x1b[K,\n'}
[16.777732] (zed_components) StderrLine: {'line': b'                 from \x1b[01m\x1b[K/home/wolfwagen/Undergrad_Minchan_Folder/ROOMBA_PROJECT_1/roomba_src/zed-ros2-wrapper/zed_components/src/zed_camera/include/zed_camera_component.hpp:20\x1b[m\x1b[K,\n'}
[16.777843] (zed_components) StderrLine: {'line': b'                 from \x1b[01m\x1b[K/home/wolfwagen/Undergrad_Minchan_Folder/ROOMBA_PROJECT_1/roomba_src/zed-ros2-wrapper/zed_components/src/zed_camera/src/zed_camera_component_main.cpp:15\x1b[m\x1b[K:\n'}
[16.777952] (zed_components) StderrLine: {'line': b'\x1b[01m\x1b[K/usr/include/c++/11/initializer_list:101:5:\x1b[m\x1b[K \x1b[01;36m\x1b[Knote: \x1b[m\x1b[K  \xe2\x80\x98\x1b[01m\x1b[Kstd::end\x1b[m\x1b[K\xe2\x80\x99\n'}
[16.778070] (zed_components) StderrLine: {'line': b'  101 |     \x1b[01;36m\x1b[Kend\x1b[m\x1b[K(initializer_list<_Tp> __ils) noexcept\n'}
[16.778181] (zed_components) StderrLine: {'line': b'      |     \x1b[01;36m\x1b[K^~~\x1b[m\x1b[K\n'}
[16.778288] (zed_components) StderrLine: {'line': b'In file included from \x1b[01m\x1b[K/usr/include/nlohmann/detail/string_escape.hpp:4\x1b[m\x1b[K,\n'}
[16.778397] (zed_components) StderrLine: {'line': b'                 from \x1b[01m\x1b[K/usr/include/nlohmann/detail/exceptions.hpp:9\x1b[m\x1b[K,\n'}
[16.778507] (zed_components) StderrLine: {'line': b'                 from \x1b[01m\x1b[K/usr/include/nlohmann/detail/conversions/from_json.hpp:15\x1b[m\x1b[K,\n'}
[16.778615] (zed_components) StderrLine: {'line': b'                 from \x1b[01m\x1b[K/usr/include/nlohmann/adl_serializer.hpp:6\x1b[m\x1b[K,\n'}
[16.778749] (zed_components) StderrLine: {'line': b'                 from \x1b[01m\x1b[K/usr/include/nlohmann/json.hpp:60\x1b[m\x1b[K,\n'}
[16.778854] (zed_components) StderrLine: {'line': b'                 from \x1b[01m\x1b[K/home/wolfwagen/Undergrad_Minchan_Folder/ROOMBA_PROJECT_1/roomba_src/zed-ros2-wrapper/zed_components/src/tools/include/gnss_replay.hpp:5\x1b[m\x1b[K,\n'}
[16.778961] (zed_components) StderrLine: {'line': b'                 from \x1b[01m\x1b[K/home/wolfwagen/Undergrad_Minchan_Folder/ROOMBA_PROJECT_1/roomba_src/zed-ros2-wrapper/zed_components/src/tools/include/sl_tools.hpp:30\x1b[m\x1b[K,\n'}
[16.779091] (zed_components) StderrLine: {'line': b'                 from \x1b[01m\x1b[K/home/wolfwagen/Undergrad_Minchan_Folder/ROOMBA_PROJECT_1/roomba_src/zed-ros2-wrapper/zed_components/src/zed_camera/include/zed_camera_component.hpp:27\x1b[m\x1b[K,\n'}
[16.779204] (zed_components) StderrLine: {'line': b'                 from \x1b[01m\x1b[K/home/wolfwagen/Undergrad_Minchan_Folder/ROOMBA_PROJECT_1/roomba_src/zed-ros2-wrapper/zed_components/src/zed_camera/src/zed_camera_component_main.cpp:15\x1b[m\x1b[K:\n'}
[16.779314] (zed_components) StderrLine: {'line': b'\x1b[01m\x1b[K/usr/include/nlohmann/detail/meta/call_std/end.hpp:7:1:\x1b[m\x1b[K \x1b[01;36m\x1b[Knote: \x1b[m\x1b[K  \xe2\x80\x98\x1b[01m\x1b[Knlohmann::detail2::end\x1b[m\x1b[K\xe2\x80\x99\n'}
[16.779422] (zed_components) StderrLine: {'line': b'    7 | \x1b[01;36m\x1b[KNLOHMANN_CAN_CALL_STD_FUNC_IMPL\x1b[m\x1b[K(end);\n'}
[16.779528] (zed_components) StderrLine: {'line': b'      | \x1b[01;36m\x1b[K^~~~~~~~~~~~~~~~~~~~~~~~~~~~~~~\x1b[m\x1b[K\n'}
[16.779637] (zed_components) StderrLine: {'line': b'In file included from \x1b[01m\x1b[K/usr/include/c++/11/utility:76\x1b[m\x1b[K,\n'}
[16.779744] (zed_components) StderrLine: {'line': b'                 from \x1b[01m\x1b[K/usr/include/c++/11/algorithm:60\x1b[m\x1b[K,\n'}
[16.779868] (zed_components) StderrLine: {'line': b'                 from \x1b[01m\x1b[K/usr/local/zed/include/sl/Camera.hpp:66\x1b[m\x1b[K,\n'}
[16.780003] (zed_components) StderrLine: {'line': b'                 from \x1b[01m\x1b[K/home/wolfwagen/Undergrad_Minchan_Folder/ROOMBA_PROJECT_1/roomba_src/zed-ros2-wrapper/zed_components/src/zed_camera/include/zed_camera_component.hpp:20\x1b[m\x1b[K,\n'}
[16.780121] (zed_components) StderrLine: {'line': b'                 from \x1b[01m\x1b[K/home/wolfwagen/Undergrad_Minchan_Folder/ROOMBA_PROJECT_1/roomba_src/zed-ros2-wrapper/zed_components/src/zed_camera/src/zed_camera_component_main.cpp:15\x1b[m\x1b[K:\n'}
[16.780233] (zed_components) StderrLine: {'line': b'\x1b[01m\x1b[K/usr/include/c++/11/initializer_list:101:5:\x1b[m\x1b[K \x1b[01;36m\x1b[Knote: \x1b[m\x1b[K  \xe2\x80\x98\x1b[01m\x1b[Kstd::end\x1b[m\x1b[K\xe2\x80\x99\n'}
[16.780343] (zed_components) StderrLine: {'line': b'  101 |     \x1b[01;36m\x1b[Kend\x1b[m\x1b[K(initializer_list<_Tp> __ils) noexcept\n'}
[16.780451] (zed_components) StderrLine: {'line': b'      |     \x1b[01;36m\x1b[K^~~\x1b[m\x1b[K\n'}
[16.780559] (zed_components) StderrLine: {'line': b'\x1b[01m\x1b[K/home/wolfwagen/Undergrad_Minchan_Folder/ROOMBA_PROJECT_1/roomba_src/zed-ros2-wrapper/zed_components/src/zed_camera/src/zed_camera_component_main.cpp:6783:20:\x1b[m\x1b[K \x1b[01;31m\x1b[Kerror: \x1b[m\x1b[Krequest for member \xe2\x80\x98\x1b[01m\x1b[Kbegin\x1b[m\x1b[K\xe2\x80\x99 in \xe2\x80\x98\x1b[01m\x1b[Kmap_lm2d\x1b[m\x1b[K\xe2\x80\x99, which is of non-class type \xe2\x80\x98\x1b[01m\x1b[Kint\x1b[m\x1b[K\xe2\x80\x99\n'}
[16.780677] (zed_components) StderrLine: {'line': b' 6783 |           map_lm2d.\x1b[01;31m\x1b[Kbegin\x1b[m\x1b[K(), map_lm2d.end(),\n'}
[16.780783] (zed_components) StderrLine: {'line': b'      |                    \x1b[01;31m\x1b[K^~~~~\x1b[m\x1b[K\n'}
[16.780892] (zed_components) StderrLine: {'line': b'\x1b[01m\x1b[K/home/wolfwagen/Undergrad_Minchan_Folder/ROOMBA_PROJECT_1/roomba_src/zed-ros2-wrapper/zed_components/src/zed_camera/src/zed_camera_component_main.cpp:6783:38:\x1b[m\x1b[K \x1b[01;31m\x1b[Kerror: \x1b[m\x1b[Krequest for member \xe2\x80\x98\x1b[01m\x1b[Kend\x1b[m\x1b[K\xe2\x80\x99 in \xe2\x80\x98\x1b[01m\x1b[Kmap_lm2d\x1b[m\x1b[K\xe2\x80\x99, which is of non-class type \xe2\x80\x98\x1b[01m\x1b[Kint\x1b[m\x1b[K\xe2\x80\x99\n'}
[16.781004] (zed_components) StderrLine: {'line': b' 6783 |           map_lm2d.begin(), map_lm2d.\x1b[01;31m\x1b[Kend\x1b[m\x1b[K(),\n'}
[16.781109] (zed_components) StderrLine: {'line': b'      |                                      \x1b[01;31m\x1b[K^~~\x1b[m\x1b[K\n'}
[16.781222] (zed_components) StderrLine: {'line': b'\x1b[01m\x1b[K/home/wolfwagen/Undergrad_Minchan_Folder/ROOMBA_PROJECT_1/roomba_src/zed-ros2-wrapper/zed_components/src/zed_camera/src/zed_camera_component_main.cpp:6784:33:\x1b[m\x1b[K \x1b[01;31m\x1b[Kerror: \x1b[m\x1b[K\xe2\x80\x98\x1b[01m\x1b[KLandmark2D\x1b[m\x1b[K\xe2\x80\x99 in namespace \xe2\x80\x98\x1b[01m\x1b[Ksl\x1b[m\x1b[K\xe2\x80\x99 does not name a type\n'}
[16.781335] (zed_components) StderrLine: {'line': b' 6784 |           [&landmark](const sl::\x1b[01;31m\x1b[KLandmark2D\x1b[m\x1b[K & lm2d) {return lm2d.id == landmark.first;}))\n'}
[16.781444] (zed_components) StderrLine: {'line': b'      |                                 \x1b[01;31m\x1b[K^~~~~~~~~~\x1b[m\x1b[K\n'}
[16.781549] (zed_components) StderrLine: {'line': b'\x1b[01m\x1b[K/home/wolfwagen/Undergrad_Minchan_Folder/ROOMBA_PROJECT_1/roomba_src/zed-ros2-wrapper/zed_components/src/zed_camera/src/zed_camera_component_main.cpp:\x1b[m\x1b[K In lambda function:\n'}
[16.781657] (zed_components) StderrLine: {'line': b'\x1b[01m\x1b[K/home/wolfwagen/Undergrad_Minchan_Folder/ROOMBA_PROJECT_1/roomba_src/zed-ros2-wrapper/zed_components/src/zed_camera/src/zed_camera_component_main.cpp:6784:88:\x1b[m\x1b[K \x1b[01;31m\x1b[Kerror: \x1b[m\x1b[Kexpected \xe2\x80\x98\x1b[01m\x1b[K{\x1b[m\x1b[K\xe2\x80\x99 before \xe2\x80\x98\x1b[01m\x1b[K)\x1b[m\x1b[K\xe2\x80\x99 token\n'}
[16.781769] (zed_components) StderrLine: {'line': b' 6784 |           [&landmark](const sl::Landmark2D & lm2d) {return lm2d.id == landmark.first;})\x1b[01;31m\x1b[K)\x1b[m\x1b[K\n'}
[16.781901] (zed_components) StderrLine: {'line': b'      |                                                                                        \x1b[01;31m\x1b[K^\x1b[m\x1b[K\n'}
[16.782011] (zed_components) StderrLine: {'line': b'\x1b[01m\x1b[K/home/wolfwagen/Undergrad_Minchan_Folder/ROOMBA_PROJECT_1/roomba_src/zed-ros2-wrapper/zed_components/src/zed_camera/src/zed_camera_component_main.cpp:\x1b[m\x1b[K In member function \xe2\x80\x98\x1b[01m\x1b[Kvoid stereolabs::ZedCamera::publishPoseLandmarks()\x1b[m\x1b[K\xe2\x80\x99:\n'}
[16.782139] (zed_components) StderrLine: {'line': b'\x1b[01m\x1b[K/home/wolfwagen/Undergrad_Minchan_Folder/ROOMBA_PROJECT_1/roomba_src/zed-ros2-wrapper/zed_components/src/zed_camera/src/zed_camera_component_main.cpp:6784:89:\x1b[m\x1b[K \x1b[01;31m\x1b[Kerror: \x1b[m\x1b[Kexpected \xe2\x80\x98\x1b[01m\x1b[K)\x1b[m\x1b[K\xe2\x80\x99 before \xe2\x80\x98\x1b[01m\x1b[K{\x1b[m\x1b[K\xe2\x80\x99 token\n'}
[16.782273] (zed_components) StderrLine: {'line': b' 6784 |           [&landmark](const sl::Landmark2D & lm2d) {return lm2d.id == landmark.first;}))\n'}
[16.782385] (zed_components) StderrLine: {'line': b'      |                                                                                         \x1b[01;31m\x1b[K^\x1b[m\x1b[K\n'}
[16.782493] (zed_components) StderrLine: {'line': b'      |                                                                                         \x1b[32m\x1b[K)\x1b[m\x1b[K\n'}
[16.782600] (zed_components) StderrLine: {'line': b' 6785 |       \x1b[32m\x1b[K{\x1b[m\x1b[K\n'}
[16.782704] (zed_components) StderrLine: {'line': b'      |       \x1b[32m\x1b[K~\x1b[m\x1b[K                                                                                  \n'}
[16.782810] (zed_components) StderrLine: {'line': b'\x1b[01m\x1b[K/home/wolfwagen/Undergrad_Minchan_Folder/ROOMBA_PROJECT_1/roomba_src/zed-ros2-wrapper/zed_components/src/zed_camera/src/zed_camera_component_main.cpp:6782:10:\x1b[m\x1b[K \x1b[01;36m\x1b[Knote: \x1b[m\x1b[Kto match this \xe2\x80\x98\x1b[01m\x1b[K(\x1b[m\x1b[K\xe2\x80\x99\n'}
[16.782919] (zed_components) StderrLine: {'line': b' 6782 |       if \x1b[01;36m\x1b[K(\x1b[m\x1b[Kstd::any_of(\n'}
[16.783023] (zed_components) StderrLine: {'line': b'      |          \x1b[01;36m\x1b[K^\x1b[m\x1b[K\n'}
[16.819790] (-) TimerEvent: {}
[16.920517] (-) TimerEvent: {}
[17.021308] (-) TimerEvent: {}
[17.122155] (-) TimerEvent: {}
[17.222906] (-) TimerEvent: {}
[17.323703] (-) TimerEvent: {}
[17.424451] (-) TimerEvent: {}
[17.461107] (zed_components) StderrLine: {'line': b'\x1b[01m\x1b[K/home/wolfwagen/Undergrad_Minchan_Folder/ROOMBA_PROJECT_1/roomba_src/zed-ros2-wrapper/zed_components/src/zed_camera/src/zed_camera_component_main.cpp:\x1b[m\x1b[K In member function \xe2\x80\x98\x1b[01m\x1b[Kvoid stereolabs::ZedCamera::publishHealthStatus()\x1b[m\x1b[K\xe2\x80\x99:\n'}
[17.461925] (zed_components) StderrLine: {'line': b'\x1b[01m\x1b[K/home/wolfwagen/Undergrad_Minchan_Folder/ROOMBA_PROJECT_1/roomba_src/zed-ros2-wrapper/zed_components/src/zed_camera/src/zed_camera_component_main.cpp:9896:35:\x1b[m\x1b[K \x1b[01;31m\x1b[Kerror: \x1b[m\x1b[K\xe2\x80\x98\x1b[01m\x1b[Kstruct sl::HealthStatus\x1b[m\x1b[K\xe2\x80\x99 has no member named \xe2\x80\x98\x1b[01m\x1b[Klow_image_quality\x1b[m\x1b[K\xe2\x80\x99\n'}
[17.462138] (zed_components) StderrLine: {'line': b' 9896 |   msg->low_image_quality = status.\x1b[01;31m\x1b[Klow_image_quality\x1b[m\x1b[K;\n'}
[17.462277] (zed_components) StderrLine: {'line': b'      |                                   \x1b[01;31m\x1b[K^~~~~~~~~~~~~~~~~\x1b[m\x1b[K\n'}
[17.462402] (zed_components) StderrLine: {'line': b'\x1b[01m\x1b[K/home/wolfwagen/Undergrad_Minchan_Folder/ROOMBA_PROJECT_1/roomba_src/zed-ros2-wrapper/zed_components/src/zed_camera/src/zed_camera_component_main.cpp:9897:30:\x1b[m\x1b[K \x1b[01;31m\x1b[Kerror: \x1b[m\x1b[K\xe2\x80\x98\x1b[01m\x1b[Kstruct sl::HealthStatus\x1b[m\x1b[K\xe2\x80\x99 has no member named \xe2\x80\x98\x1b[01m\x1b[Klow_lighting\x1b[m\x1b[K\xe2\x80\x99\n'}
[17.462567] (zed_components) StderrLine: {'line': b' 9897 |   msg->low_lighting = status.\x1b[01;31m\x1b[Klow_lighting\x1b[m\x1b[K;\n'}
[17.462688] (zed_components) StderrLine: {'line': b'      |                              \x1b[01;31m\x1b[K^~~~~~~~~~~~\x1b[m\x1b[K\n'}
[17.462803] (zed_components) StderrLine: {'line': b'\x1b[01m\x1b[K/home/wolfwagen/Undergrad_Minchan_Folder/ROOMBA_PROJECT_1/roomba_src/zed-ros2-wrapper/zed_components/src/zed_camera/src/zed_camera_component_main.cpp:9898:39:\x1b[m\x1b[K \x1b[01;31m\x1b[Kerror: \x1b[m\x1b[K\xe2\x80\x98\x1b[01m\x1b[Kstruct sl::HealthStatus\x1b[m\x1b[K\xe2\x80\x99 has no member named \xe2\x80\x98\x1b[01m\x1b[Klow_depth_reliability\x1b[m\x1b[K\xe2\x80\x99\n'}
[17.462922] (zed_components) StderrLine: {'line': b' 9898 |   msg->low_depth_reliability = status.\x1b[01;31m\x1b[Klow_depth_reliability\x1b[m\x1b[K;\n'}
[17.463036] (zed_components) StderrLine: {'line': b'      |                                       \x1b[01;31m\x1b[K^~~~~~~~~~~~~~~~~~~~~\x1b[m\x1b[K\n'}
[17.463147] (zed_components) StderrLine: {'line': b'\x1b[01m\x1b[K/home/wolfwagen/Undergrad_Minchan_Folder/ROOMBA_PROJECT_1/roomba_src/zed-ros2-wrapper/zed_components/src/zed_camera/src/zed_camera_component_main.cpp:9900:12:\x1b[m\x1b[K \x1b[01;31m\x1b[Kerror: \x1b[m\x1b[K\xe2\x80\x98\x1b[01m\x1b[Kstruct sl::HealthStatus\x1b[m\x1b[K\xe2\x80\x99 has no member named \xe2\x80\x98\x1b[01m\x1b[Klow_motion_sensors_reliability\x1b[m\x1b[K\xe2\x80\x99\n'}
[17.463267] (zed_components) StderrLine: {'line': b' 9900 |     status.\x1b[01;31m\x1b[Klow_motion_sensors_reliability\x1b[m\x1b[K;\n'}
[17.463378] (zed_components) StderrLine: {'line': b'      |            \x1b[01;31m\x1b[K^~~~~~~~~~~~~~~~~~~~~~~~~~~~~~\x1b[m\x1b[K\n'}
[17.524634] (-) TimerEvent: {}
[17.625390] (-) TimerEvent: {}
[17.726163] (-) TimerEvent: {}
[17.826984] (-) TimerEvent: {}
[17.927756] (-) TimerEvent: {}
[18.028516] (-) TimerEvent: {}
[18.129260] (-) TimerEvent: {}
[18.230001] (-) TimerEvent: {}
[18.330752] (-) TimerEvent: {}
[18.431527] (-) TimerEvent: {}
[18.532318] (-) TimerEvent: {}
[18.633065] (-) TimerEvent: {}
[18.733849] (-) TimerEvent: {}
[18.834615] (-) TimerEvent: {}
[18.935395] (-) TimerEvent: {}
[19.036177] (-) TimerEvent: {}
[19.136924] (-) TimerEvent: {}
[19.237666] (-) TimerEvent: {}
[19.338425] (-) TimerEvent: {}
[19.439193] (-) TimerEvent: {}
[19.539976] (-) TimerEvent: {}
[19.640724] (-) TimerEvent: {}
[19.741478] (-) TimerEvent: {}
[19.842226] (-) TimerEvent: {}
[19.943008] (-) TimerEvent: {}
[20.043779] (-) TimerEvent: {}
[20.144789] (-) TimerEvent: {}
[20.245507] (-) TimerEvent: {}
[20.346236] (-) TimerEvent: {}
[20.446996] (-) TimerEvent: {}
[20.547763] (-) TimerEvent: {}
[20.648546] (-) TimerEvent: {}
[20.749294] (-) TimerEvent: {}
[20.850083] (-) TimerEvent: {}
[20.950846] (-) TimerEvent: {}
[21.051615] (-) TimerEvent: {}
[21.152372] (-) TimerEvent: {}
[21.253116] (-) TimerEvent: {}
[21.353859] (-) TimerEvent: {}
[21.454601] (-) TimerEvent: {}
[21.555363] (-) TimerEvent: {}
[21.656155] (-) TimerEvent: {}
[21.756903] (-) TimerEvent: {}
[21.857633] (-) TimerEvent: {}
[21.958386] (-) TimerEvent: {}
[22.059112] (-) TimerEvent: {}
[22.159895] (-) TimerEvent: {}
[22.260646] (-) TimerEvent: {}
[22.361407] (-) TimerEvent: {}
[22.462198] (-) TimerEvent: {}
[22.562942] (-) TimerEvent: {}
[22.663663] (-) TimerEvent: {}
[22.764388] (-) TimerEvent: {}
[22.865138] (-) TimerEvent: {}
[22.965896] (-) TimerEvent: {}
[23.066675] (-) TimerEvent: {}
[23.167446] (-) TimerEvent: {}
[23.268229] (-) TimerEvent: {}
[23.368986] (-) TimerEvent: {}
[23.469692] (-) TimerEvent: {}
[23.570440] (-) TimerEvent: {}
[23.671223] (-) TimerEvent: {}
[23.772045] (-) TimerEvent: {}
[23.872781] (-) TimerEvent: {}
[23.973531] (-) TimerEvent: {}
[24.074283] (-) TimerEvent: {}
[24.175035] (-) TimerEvent: {}
[24.275790] (-) TimerEvent: {}
[24.376554] (-) TimerEvent: {}
[24.477295] (-) TimerEvent: {}
[24.578043] (-) TimerEvent: {}
[24.678775] (-) TimerEvent: {}
[24.779501] (-) TimerEvent: {}
[24.880303] (-) TimerEvent: {}
[24.981016] (-) TimerEvent: {}
[25.086498] (-) TimerEvent: {}
[25.188713] (-) TimerEvent: {}
[25.289782] (-) TimerEvent: {}
[25.390865] (-) TimerEvent: {}
[25.491911] (-) TimerEvent: {}
[25.593013] (-) TimerEvent: {}
[25.694126] (-) TimerEvent: {}
[25.795572] (-) TimerEvent: {}
[25.896813] (-) TimerEvent: {}
[25.998055] (-) TimerEvent: {}
[26.099262] (-) TimerEvent: {}
[26.200436] (-) TimerEvent: {}
[26.301631] (-) TimerEvent: {}
[26.402755] (-) TimerEvent: {}
[26.503987] (-) TimerEvent: {}
[26.604732] (-) TimerEvent: {}
[26.705460] (-) TimerEvent: {}
[26.806204] (-) TimerEvent: {}
[26.906960] (-) TimerEvent: {}
[27.008387] (-) TimerEvent: {}
[27.109774] (-) TimerEvent: {}
[27.211278] (-) TimerEvent: {}
[27.312780] (-) TimerEvent: {}
[27.369248] (zed_components) StderrLine: {'line': b'\x1b[01m\x1b[K/home/wolfwagen/Undergrad_Minchan_Folder/ROOMBA_PROJECT_1/roomba_src/zed-ros2-wrapper/zed_components/src/zed_camera/src/zed_camera_component_objdet.cpp:\x1b[m\x1b[K In member function \xe2\x80\x98\x1b[01m\x1b[Kvoid stereolabs::ZedCamera::getCustomOdParams()\x1b[m\x1b[K\xe2\x80\x99:\n'}
[27.370315] (zed_components) StderrLine: {'line': b'\x1b[01m\x1b[K/home/wolfwagen/Undergrad_Minchan_Folder/ROOMBA_PROJECT_1/roomba_src/zed-ros2-wrapper/zed_components/src/zed_camera/src/zed_camera_component_objdet.cpp:285:26:\x1b[m\x1b[K \x1b[01;31m\x1b[Kerror: \x1b[m\x1b[K\xe2\x80\x98\x1b[01m\x1b[Kstruct sl::CustomObjectDetectionProperties\x1b[m\x1b[K\xe2\x80\x99 has no member named \xe2\x80\x98\x1b[01m\x1b[Kmax_box_width_meters\x1b[m\x1b[K\xe2\x80\x99\n'}
[27.370506] (zed_components) StderrLine: {'line': b'  285 |       customOdProperties.\x1b[01;31m\x1b[Kmax_box_width_meters\x1b[m\x1b[K, customOdProperties.max_box_width_meters,\n'}
[27.371301] (zed_components) StderrLine: {'line': b'      |                          \x1b[01;31m\x1b[K^~~~~~~~~~~~~~~~~~~~\x1b[m\x1b[K\n'}
[27.371498] (zed_components) StderrLine: {'line': b'\x1b[01m\x1b[K/home/wolfwagen/Undergrad_Minchan_Folder/ROOMBA_PROJECT_1/roomba_src/zed-ros2-wrapper/zed_components/src/zed_camera/src/zed_camera_component_objdet.cpp:285:67:\x1b[m\x1b[K \x1b[01;31m\x1b[Kerror: \x1b[m\x1b[K\xe2\x80\x98\x1b[01m\x1b[Kstruct sl::CustomObjectDetectionProperties\x1b[m\x1b[K\xe2\x80\x99 has no member named \xe2\x80\x98\x1b[01m\x1b[Kmax_box_width_meters\x1b[m\x1b[K\xe2\x80\x99\n'}
[27.371657] (zed_components) StderrLine: {'line': b'  285 |       customOdProperties.max_box_width_meters, customOdProperties.\x1b[01;31m\x1b[Kmax_box_width_meters\x1b[m\x1b[K,\n'}
[27.372900] (zed_components) StderrLine: {'line': b'      |                                                                   \x1b[01;31m\x1b[K^~~~~~~~~~~~~~~~~~~~\x1b[m\x1b[K\n'}
[27.373493] (zed_components) StderrLine: {'line': b'\x1b[01m\x1b[K/home/wolfwagen/Undergrad_Minchan_Folder/ROOMBA_PROJECT_1/roomba_src/zed-ros2-wrapper/zed_components/src/zed_camera/src/zed_camera_component_objdet.cpp:291:26:\x1b[m\x1b[K \x1b[01;31m\x1b[Kerror: \x1b[m\x1b[K\xe2\x80\x98\x1b[01m\x1b[Kstruct sl::CustomObjectDetectionProperties\x1b[m\x1b[K\xe2\x80\x99 has no member named \xe2\x80\x98\x1b[01m\x1b[Kmin_box_width_meters\x1b[m\x1b[K\xe2\x80\x99\n'}
[27.373661] (zed_components) StderrLine: {'line': b'  291 |       customOdProperties.\x1b[01;31m\x1b[Kmin_box_width_meters\x1b[m\x1b[K, customOdProperties.min_box_width_meters,\n'}
[27.373795] (zed_components) StderrLine: {'line': b'      |                          \x1b[01;31m\x1b[K^~~~~~~~~~~~~~~~~~~~\x1b[m\x1b[K\n'}
[27.373916] (zed_components) StderrLine: {'line': b'\x1b[01m\x1b[K/home/wolfwagen/Undergrad_Minchan_Folder/ROOMBA_PROJECT_1/roomba_src/zed-ros2-wrapper/zed_components/src/zed_camera/src/zed_camera_component_objdet.cpp:291:67:\x1b[m\x1b[K \x1b[01;31m\x1b[Kerror: \x1b[m\x1b[K\xe2\x80\x98\x1b[01m\x1b[Kstruct sl::CustomObjectDetectionProperties\x1b[m\x1b[K\xe2\x80\x99 has no member named \xe2\x80\x98\x1b[01m\x1b[Kmin_box_width_meters\x1b[m\x1b[K\xe2\x80\x99\n'}
[27.374048] (zed_components) StderrLine: {'line': b'  291 |       customOdProperties.min_box_width_meters, customOdProperties.\x1b[01;31m\x1b[Kmin_box_width_meters\x1b[m\x1b[K,\n'}
[27.375703] (zed_components) StderrLine: {'line': b'      |                                                                   \x1b[01;31m\x1b[K^~~~~~~~~~~~~~~~~~~~\x1b[m\x1b[K\n'}
[27.375872] (zed_components) StderrLine: {'line': b'\x1b[01m\x1b[K/home/wolfwagen/Undergrad_Minchan_Folder/ROOMBA_PROJECT_1/roomba_src/zed-ros2-wrapper/zed_components/src/zed_camera/src/zed_camera_component_objdet.cpp:297:26:\x1b[m\x1b[K \x1b[01;31m\x1b[Kerror: \x1b[m\x1b[K\xe2\x80\x98\x1b[01m\x1b[Kstruct sl::CustomObjectDetectionProperties\x1b[m\x1b[K\xe2\x80\x99 has no member named \xe2\x80\x98\x1b[01m\x1b[Kmax_box_height_meters\x1b[m\x1b[K\xe2\x80\x99; did you mean \xe2\x80\x98\x1b[01m\x1b[Kmax_box_height_normalized\x1b[m\x1b[K\xe2\x80\x99?\n'}
[27.376040] (zed_components) StderrLine: {'line': b'  297 |       customOdProperties.\x1b[01;31m\x1b[Kmax_box_height_meters\x1b[m\x1b[K, customOdProperties.max_box_height_meters, std::string(\n'}
[27.376167] (zed_components) StderrLine: {'line': b'      |                          \x1b[01;31m\x1b[K^~~~~~~~~~~~~~~~~~~~~\x1b[m\x1b[K\n'}
[27.376282] (zed_components) StderrLine: {'line': b'      |                          \x1b[32m\x1b[Kmax_box_height_normalized\x1b[m\x1b[K\n'}
[27.378120] (zed_components) StderrLine: {'line': b'\x1b[01m\x1b[K/home/wolfwagen/Undergrad_Minchan_Folder/ROOMBA_PROJECT_1/roomba_src/zed-ros2-wrapper/zed_components/src/zed_camera/src/zed_camera_component_objdet.cpp:297:68:\x1b[m\x1b[K \x1b[01;31m\x1b[Kerror: \x1b[m\x1b[K\xe2\x80\x98\x1b[01m\x1b[Kstruct sl::CustomObjectDetectionProperties\x1b[m\x1b[K\xe2\x80\x99 has no member named \xe2\x80\x98\x1b[01m\x1b[Kmax_box_height_meters\x1b[m\x1b[K\xe2\x80\x99; did you mean \xe2\x80\x98\x1b[01m\x1b[Kmax_box_height_normalized\x1b[m\x1b[K\xe2\x80\x99?\n'}
[27.378331] (zed_components) StderrLine: {'line': b'  297 |       customOdProperties.max_box_height_meters, customOdProperties.\x1b[01;31m\x1b[Kmax_box_height_meters\x1b[m\x1b[K, std::string(\n'}
[27.378462] (zed_components) StderrLine: {'line': b'      |                                                                    \x1b[01;31m\x1b[K^~~~~~~~~~~~~~~~~~~~~\x1b[m\x1b[K\n'}
[27.378582] (zed_components) StderrLine: {'line': b'      |                                                                    \x1b[32m\x1b[Kmax_box_height_normalized\x1b[m\x1b[K\n'}
[27.378697] (zed_components) StderrLine: {'line': b'\x1b[01m\x1b[K/home/wolfwagen/Undergrad_Minchan_Folder/ROOMBA_PROJECT_1/roomba_src/zed-ros2-wrapper/zed_components/src/zed_camera/src/zed_camera_component_objdet.cpp:303:26:\x1b[m\x1b[K \x1b[01;31m\x1b[Kerror: \x1b[m\x1b[K\xe2\x80\x98\x1b[01m\x1b[Kstruct sl::CustomObjectDetectionProperties\x1b[m\x1b[K\xe2\x80\x99 has no member named \xe2\x80\x98\x1b[01m\x1b[Kmax_allowed_acceleration\x1b[m\x1b[K\xe2\x80\x99\n'}
[27.380216] (zed_components) StderrLine: {'line': b'  303 |       customOdProperties.\x1b[01;31m\x1b[Kmax_allowed_acceleration\x1b[m\x1b[K, customOdProperties.max_allowed_acceleration, std::string(\n'}
[27.380364] (zed_components) StderrLine: {'line': b'      |                          \x1b[01;31m\x1b[K^~~~~~~~~~~~~~~~~~~~~~~~\x1b[m\x1b[K\n'}
[27.380483] (zed_components) StderrLine: {'line': b'\x1b[01m\x1b[K/home/wolfwagen/Undergrad_Minchan_Folder/ROOMBA_PROJECT_1/roomba_src/zed-ros2-wrapper/zed_components/src/zed_camera/src/zed_camera_component_objdet.cpp:303:71:\x1b[m\x1b[K \x1b[01;31m\x1b[Kerror: \x1b[m\x1b[K\xe2\x80\x98\x1b[01m\x1b[Kstruct sl::CustomObjectDetectionProperties\x1b[m\x1b[K\xe2\x80\x99 has no member named \xe2\x80\x98\x1b[01m\x1b[Kmax_allowed_acceleration\x1b[m\x1b[K\xe2\x80\x99\n'}
[27.380612] (zed_components) StderrLine: {'line': b'  303 |       customOdProperties.max_allowed_acceleration, customOdProperties.\x1b[01;31m\x1b[Kmax_allowed_acceleration\x1b[m\x1b[K, std::string(\n'}
[27.380761] (zed_components) StderrLine: {'line': b'      |                                                                       \x1b[01;31m\x1b[K^~~~~~~~~~~~~~~~~~~~~~~~\x1b[m\x1b[K\n'}
[27.380882] (zed_components) StderrLine: {'line': b'\x1b[01m\x1b[K/home/wolfwagen/Undergrad_Minchan_Folder/ROOMBA_PROJECT_1/roomba_src/zed-ros2-wrapper/zed_components/src/zed_camera/src/zed_camera_component_objdet.cpp:309:26:\x1b[m\x1b[K \x1b[01;31m\x1b[Kerror: \x1b[m\x1b[K\xe2\x80\x98\x1b[01m\x1b[Kstruct sl::CustomObjectDetectionProperties\x1b[m\x1b[K\xe2\x80\x99 has no member named \xe2\x80\x98\x1b[01m\x1b[Kobject_tracking_parameters\x1b[m\x1b[K\xe2\x80\x99\n'}
[27.381040] (zed_components) StderrLine: {'line': b'  309 |       customOdProperties.\x1b[01;31m\x1b[Kobject_tracking_parameters\x1b[m\x1b[K.velocity_smoothing_factor, customOdProperties.object_tracking_parameters.velocity_smoothing_factor, std::string(\n'}
[27.381177] (zed_components) StderrLine: {'line': b'      |                          \x1b[01;31m\x1b[K^~~~~~~~~~~~~~~~~~~~~~~~~~\x1b[m\x1b[K\n'}
[27.381291] (zed_components) StderrLine: {'line': b'\x1b[01m\x1b[K/home/wolfwagen/Undergrad_Minchan_Folder/ROOMBA_PROJECT_1/roomba_src/zed-ros2-wrapper/zed_components/src/zed_camera/src/zed_camera_component_objdet.cpp:309:99:\x1b[m\x1b[K \x1b[01;31m\x1b[Kerror: \x1b[m\x1b[K\xe2\x80\x98\x1b[01m\x1b[Kstruct sl::CustomObjectDetectionProperties\x1b[m\x1b[K\xe2\x80\x99 has no member named \xe2\x80\x98\x1b[01m\x1b[Kobject_tracking_parameters\x1b[m\x1b[K\xe2\x80\x99\n'}
[27.381407] (zed_components) StderrLine: {'line': b'  309 |       customOdProperties.object_tracking_parameters.velocity_smoothing_factor, customOdProperties.\x1b[01;31m\x1b[Kobject_tracking_parameters\x1b[m\x1b[K.velocity_smoothing_factor, std::string(\n'}
[27.381518] (zed_components) StderrLine: {'line': b'      |                                                                                                   \x1b[01;31m\x1b[K^~~~~~~~~~~~~~~~~~~~~~~~~~\x1b[m\x1b[K\n'}
[27.381630] (zed_components) StderrLine: {'line': b'\x1b[01m\x1b[K/home/wolfwagen/Undergrad_Minchan_Folder/ROOMBA_PROJECT_1/roomba_src/zed-ros2-wrapper/zed_components/src/zed_camera/src/zed_camera_component_objdet.cpp:315:26:\x1b[m\x1b[K \x1b[01;31m\x1b[Kerror: \x1b[m\x1b[K\xe2\x80\x98\x1b[01m\x1b[Kstruct sl::CustomObjectDetectionProperties\x1b[m\x1b[K\xe2\x80\x99 has no member named \xe2\x80\x98\x1b[01m\x1b[Kobject_tracking_parameters\x1b[m\x1b[K\xe2\x80\x99\n'}
[27.381744] (zed_components) StderrLine: {'line': b'  315 |       customOdProperties.\x1b[01;31m\x1b[Kobject_tracking_parameters\x1b[m\x1b[K.min_velocity_threshold, customOdProperties.object_tracking_parameters.min_velocity_threshold, std::string(\n'}
[27.381852] (zed_components) StderrLine: {'line': b'      |                          \x1b[01;31m\x1b[K^~~~~~~~~~~~~~~~~~~~~~~~~~\x1b[m\x1b[K\n'}
[27.381959] (zed_components) StderrLine: {'line': b'\x1b[01m\x1b[K/home/wolfwagen/Undergrad_Minchan_Folder/ROOMBA_PROJECT_1/roomba_src/zed-ros2-wrapper/zed_components/src/zed_camera/src/zed_camera_component_objdet.cpp:315:96:\x1b[m\x1b[K \x1b[01;31m\x1b[Kerror: \x1b[m\x1b[K\xe2\x80\x98\x1b[01m\x1b[Kstruct sl::CustomObjectDetectionProperties\x1b[m\x1b[K\xe2\x80\x99 has no member named \xe2\x80\x98\x1b[01m\x1b[Kobject_tracking_parameters\x1b[m\x1b[K\xe2\x80\x99\n'}
[27.382083] (zed_components) StderrLine: {'line': b'  315 |       customOdProperties.object_tracking_parameters.min_velocity_threshold, customOdProperties.\x1b[01;31m\x1b[Kobject_tracking_parameters\x1b[m\x1b[K.min_velocity_threshold, std::string(\n'}
[27.382204] (zed_components) StderrLine: {'line': b'      |                                                                                                \x1b[01;31m\x1b[K^~~~~~~~~~~~~~~~~~~~~~~~~~\x1b[m\x1b[K\n'}
[27.382314] (zed_components) StderrLine: {'line': b'\x1b[01m\x1b[K/home/wolfwagen/Undergrad_Minchan_Folder/ROOMBA_PROJECT_1/roomba_src/zed-ros2-wrapper/zed_components/src/zed_camera/src/zed_camera_component_objdet.cpp:321:26:\x1b[m\x1b[K \x1b[01;31m\x1b[Kerror: \x1b[m\x1b[K\xe2\x80\x98\x1b[01m\x1b[Kstruct sl::CustomObjectDetectionProperties\x1b[m\x1b[K\xe2\x80\x99 has no member named \xe2\x80\x98\x1b[01m\x1b[Kobject_tracking_parameters\x1b[m\x1b[K\xe2\x80\x99\n'}
[27.382431] (zed_components) StderrLine: {'line': b'  321 |       customOdProperties.\x1b[01;31m\x1b[Kobject_tracking_parameters\x1b[m\x1b[K.prediction_timeout_s, customOdProperties.object_tracking_parameters.prediction_timeout_s, std::string(\n'}
[27.382567] (zed_components) StderrLine: {'line': b'      |                          \x1b[01;31m\x1b[K^~~~~~~~~~~~~~~~~~~~~~~~~~\x1b[m\x1b[K\n'}
[27.382677] (zed_components) StderrLine: {'line': b'\x1b[01m\x1b[K/home/wolfwagen/Undergrad_Minchan_Folder/ROOMBA_PROJECT_1/roomba_src/zed-ros2-wrapper/zed_components/src/zed_camera/src/zed_camera_component_objdet.cpp:321:94:\x1b[m\x1b[K \x1b[01;31m\x1b[Kerror: \x1b[m\x1b[K\xe2\x80\x98\x1b[01m\x1b[Kstruct sl::CustomObjectDetectionProperties\x1b[m\x1b[K\xe2\x80\x99 has no member named \xe2\x80\x98\x1b[01m\x1b[Kobject_tracking_parameters\x1b[m\x1b[K\xe2\x80\x99\n'}
[27.382791] (zed_components) StderrLine: {'line': b'  321 |       customOdProperties.object_tracking_parameters.prediction_timeout_s, customOdProperties.\x1b[01;31m\x1b[Kobject_tracking_parameters\x1b[m\x1b[K.prediction_timeout_s, std::string(\n'}
[27.382901] (zed_components) StderrLine: {'line': b'      |                                                                                              \x1b[01;31m\x1b[K^~~~~~~~~~~~~~~~~~~~~~~~~~\x1b[m\x1b[K\n'}
[27.383030] (zed_components) StderrLine: {'line': b'\x1b[01m\x1b[K/home/wolfwagen/Undergrad_Minchan_Folder/ROOMBA_PROJECT_1/roomba_src/zed-ros2-wrapper/zed_components/src/zed_camera/src/zed_camera_component_objdet.cpp:327:26:\x1b[m\x1b[K \x1b[01;31m\x1b[Kerror: \x1b[m\x1b[K\xe2\x80\x98\x1b[01m\x1b[Kstruct sl::CustomObjectDetectionProperties\x1b[m\x1b[K\xe2\x80\x99 has no member named \xe2\x80\x98\x1b[01m\x1b[Kobject_tracking_parameters\x1b[m\x1b[K\xe2\x80\x99\n'}
[27.383146] (zed_components) StderrLine: {'line': b'  327 |       customOdProperties.\x1b[01;31m\x1b[Kobject_tracking_parameters\x1b[m\x1b[K.min_confirmation_time_s, customOdProperties.object_tracking_parameters.min_confirmation_time_s, std::string(\n'}
[27.383273] (zed_components) StderrLine: {'line': b'      |                          \x1b[01;31m\x1b[K^~~~~~~~~~~~~~~~~~~~~~~~~~\x1b[m\x1b[K\n'}
[27.383382] (zed_components) StderrLine: {'line': b'\x1b[01m\x1b[K/home/wolfwagen/Undergrad_Minchan_Folder/ROOMBA_PROJECT_1/roomba_src/zed-ros2-wrapper/zed_components/src/zed_camera/src/zed_camera_component_objdet.cpp:327:97:\x1b[m\x1b[K \x1b[01;31m\x1b[Kerror: \x1b[m\x1b[K\xe2\x80\x98\x1b[01m\x1b[Kstruct sl::CustomObjectDetectionProperties\x1b[m\x1b[K\xe2\x80\x99 has no member named \xe2\x80\x98\x1b[01m\x1b[Kobject_tracking_parameters\x1b[m\x1b[K\xe2\x80\x99\n'}
[27.383512] (zed_components) StderrLine: {'line': b'  327 |       customOdProperties.object_tracking_parameters.min_confirmation_time_s, customOdProperties.\x1b[01;31m\x1b[Kobject_tracking_parameters\x1b[m\x1b[K.min_confirmation_time_s, std::string(\n'}
[27.383626] (zed_components) StderrLine: {'line': b'      |                                                                                                 \x1b[01;31m\x1b[K^~~~~~~~~~~~~~~~~~~~~~~~~~\x1b[m\x1b[K\n'}
[27.383740] (zed_components) StderrLine: {'line': b'\x1b[01m\x1b[K/home/wolfwagen/Undergrad_Minchan_Folder/ROOMBA_PROJECT_1/roomba_src/zed-ros2-wrapper/zed_components/src/zed_camera/src/zed_camera_component_objdet.cpp:334:11:\x1b[m\x1b[K \x1b[01;31m\x1b[Kerror: \x1b[m\x1b[K\xe2\x80\x98\x1b[01m\x1b[Ksl::OBJECT_ACCELERATION_PRESET\x1b[m\x1b[K\xe2\x80\x99 has not been declared\n'}
[27.383857] (zed_components) StderrLine: {'line': b'  334 |       sl::\x1b[01;31m\x1b[KOBJECT_ACCELERATION_PRESET\x1b[m\x1b[K::DEFAULT,\n'}
[27.384004] (zed_components) StderrLine: {'line': b'      |           \x1b[01;31m\x1b[K^~~~~~~~~~~~~~~~~~~~~~~~~~\x1b[m\x1b[K\n'}
[27.384129] (zed_components) StderrLine: {'line': b'\x1b[01m\x1b[K/home/wolfwagen/Undergrad_Minchan_Folder/ROOMBA_PROJECT_1/roomba_src/zed-ros2-wrapper/zed_components/src/zed_camera/src/zed_camera_component_objdet.cpp:335:11:\x1b[m\x1b[K \x1b[01;31m\x1b[Kerror: \x1b[m\x1b[K\xe2\x80\x98\x1b[01m\x1b[Ksl::OBJECT_ACCELERATION_PRESET\x1b[m\x1b[K\xe2\x80\x99 has not been declared\n'}
[27.384271] (zed_components) StderrLine: {'line': b'  335 |       sl::\x1b[01;31m\x1b[KOBJECT_ACCELERATION_PRESET\x1b[m\x1b[K::LAST,\n'}
[27.384383] (zed_components) StderrLine: {'line': b'      |           \x1b[01;31m\x1b[K^~~~~~~~~~~~~~~~~~~~~~~~~~\x1b[m\x1b[K\n'}
[27.384494] (zed_components) StderrLine: {'line': b'\x1b[01m\x1b[K/home/wolfwagen/Undergrad_Minchan_Folder/ROOMBA_PROJECT_1/roomba_src/zed-ros2-wrapper/zed_components/src/zed_camera/src/zed_camera_component_objdet.cpp:336:26:\x1b[m\x1b[K \x1b[01;31m\x1b[Kerror: \x1b[m\x1b[K\xe2\x80\x98\x1b[01m\x1b[Kstruct sl::CustomObjectDetectionProperties\x1b[m\x1b[K\xe2\x80\x99 has no member named \xe2\x80\x98\x1b[01m\x1b[Kobject_tracking_parameters\x1b[m\x1b[K\xe2\x80\x99\n'}
[27.384612] (zed_components) StderrLine: {'line': b'  336 |       customOdProperties.\x1b[01;31m\x1b[Kobject_tracking_parameters\x1b[m\x1b[K.object_acceleration_preset,\n'}
[27.384721] (zed_components) StderrLine: {'line': b'      |                          \x1b[01;31m\x1b[K^~~~~~~~~~~~~~~~~~~~~~~~~~\x1b[m\x1b[K\n'}
[27.412987] (-) TimerEvent: {}
[27.513733] (-) TimerEvent: {}
[27.555769] (zed_components) StderrLine: {'line': b'\x1b[01m\x1b[K/home/wolfwagen/Undergrad_Minchan_Folder/ROOMBA_PROJECT_1/roomba_src/zed-ros2-wrapper/zed_components/src/zed_camera/src/zed_camera_component_objdet.cpp:\x1b[m\x1b[K In member function \xe2\x80\x98\x1b[01m\x1b[Kbool stereolabs::ZedCamera::handleCustomOdDynamicParams(const rclcpp::Parameter&, rcl_interfaces::msg::SetParametersResult&)\x1b[m\x1b[K\xe2\x80\x99:\n'}
[27.556308] (zed_components) StderrLine: {'line': b'\x1b[01m\x1b[K/home/wolfwagen/Undergrad_Minchan_Folder/ROOMBA_PROJECT_1/roomba_src/zed-ros2-wrapper/zed_components/src/zed_camera/src/zed_camera_component_objdet.cpp:803:35:\x1b[m\x1b[K \x1b[01;31m\x1b[Kerror: \x1b[m\x1b[K\xe2\x80\x98\x1b[01m\x1b[Kstd::unordered_map<int, sl::CustomObjectDetectionProperties>::mapped_type\x1b[m\x1b[K\xe2\x80\x99 {aka \xe2\x80\x98\x1b[01m\x1b[Kstruct sl::CustomObjectDetectionProperties\x1b[m\x1b[K\xe2\x80\x99} has no member named \xe2\x80\x98\x1b[01m\x1b[Kmax_box_width_meters\x1b[m\x1b[K\xe2\x80\x99\n'}
[27.556481] (zed_components) StderrLine: {'line': b'  803 |     mCustomOdProperties[class_id].\x1b[01;31m\x1b[Kmax_box_width_meters\x1b[m\x1b[K = param.as_double();\n'}
[27.556621] (zed_components) StderrLine: {'line': b'      |                                   \x1b[01;31m\x1b[K^~~~~~~~~~~~~~~~~~~~\x1b[m\x1b[K\n'}
[27.559849] (zed_components) StderrLine: {'line': b'In file included from \x1b[01m\x1b[K/opt/ros/humble/include/rclcpp/rclcpp/client.hpp:40\x1b[m\x1b[K,\n'}
[27.560284] (zed_components) StderrLine: {'line': b'                 from \x1b[01m\x1b[K/opt/ros/humble/include/rclcpp/rclcpp/callback_group.hpp:24\x1b[m\x1b[K,\n'}
[27.560440] (zed_components) StderrLine: {'line': b'                 from \x1b[01m\x1b[K/opt/ros/humble/include/rclcpp/rclcpp/any_executable.hpp:20\x1b[m\x1b[K,\n'}
[27.560612] (zed_components) StderrLine: {'line': b'                 from \x1b[01m\x1b[K/opt/ros/humble/include/rclcpp/rclcpp/memory_strategy.hpp:25\x1b[m\x1b[K,\n'}
[27.560745] (zed_components) StderrLine: {'line': b'                 from \x1b[01m\x1b[K/opt/ros/humble/include/rclcpp/rclcpp/memory_strategies.hpp:18\x1b[m\x1b[K,\n'}
[27.560869] (zed_components) StderrLine: {'line': b'                 from \x1b[01m\x1b[K/opt/ros/humble/include/rclcpp/rclcpp/executor_options.hpp:20\x1b[m\x1b[K,\n'}
[27.560988] (zed_components) StderrLine: {'line': b'                 from \x1b[01m\x1b[K/opt/ros/humble/include/rclcpp/rclcpp/executor.hpp:37\x1b[m\x1b[K,\n'}
[27.561107] (zed_components) StderrLine: {'line': b'                 from \x1b[01m\x1b[K/opt/ros/humble/include/rclcpp/rclcpp/executors/multi_threaded_executor.hpp:25\x1b[m\x1b[K,\n'}
[27.561221] (zed_components) StderrLine: {'line': b'                 from \x1b[01m\x1b[K/opt/ros/humble/include/rclcpp/rclcpp/executors.hpp:21\x1b[m\x1b[K,\n'}
[27.561335] (zed_components) StderrLine: {'line': b'                 from \x1b[01m\x1b[K/opt/ros/humble/include/rclcpp/rclcpp/rclcpp.hpp:155\x1b[m\x1b[K,\n'}
[27.561475] (zed_components) StderrLine: {'line': b'                 from \x1b[01m\x1b[K/home/wolfwagen/Undergrad_Minchan_Folder/ROOMBA_PROJECT_1/roomba_src/zed-ros2-wrapper/zed_components/src/tools/include/sl_tools.hpp:22\x1b[m\x1b[K,\n'}
[27.561610] (zed_components) StderrLine: {'line': b'                 from \x1b[01m\x1b[K/home/wolfwagen/Undergrad_Minchan_Folder/ROOMBA_PROJECT_1/roomba_src/zed-ros2-wrapper/zed_components/src/zed_camera/include/zed_camera_component.hpp:27\x1b[m\x1b[K,\n'}
[27.561731] (zed_components) StderrLine: {'line': b'                 from \x1b[01m\x1b[K/home/wolfwagen/Undergrad_Minchan_Folder/ROOMBA_PROJECT_1/roomba_src/zed-ros2-wrapper/zed_components/src/zed_camera/src/zed_camera_component_objdet.cpp:15\x1b[m\x1b[K:\n'}
[27.561865] (zed_components) StderrLine: {'line': b'\x1b[01m\x1b[K/home/wolfwagen/Undergrad_Minchan_Folder/ROOMBA_PROJECT_1/roomba_src/zed-ros2-wrapper/zed_components/src/zed_camera/src/zed_camera_component_objdet.cpp:808:42:\x1b[m\x1b[K \x1b[01;31m\x1b[Kerror: \x1b[m\x1b[K\xe2\x80\x98\x1b[01m\x1b[Kstd::unordered_map<int, sl::CustomObjectDetectionProperties>::mapped_type\x1b[m\x1b[K\xe2\x80\x99 {aka \xe2\x80\x98\x1b[01m\x1b[Kstruct sl::CustomObjectDetectionProperties\x1b[m\x1b[K\xe2\x80\x99} has no member named \xe2\x80\x98\x1b[01m\x1b[Kmax_box_width_meters\x1b[m\x1b[K\xe2\x80\x99\n'}
[27.562004] (zed_components) StderrLine: {'line': b'  808 |         << mCustomOdProperties[class_id].\x1b[01;31m\x1b[Kmax_box_width_meters\x1b[m\x1b[K);\n'}
[27.562120] (zed_components) StderrLine: {'line': b'      |                                          \x1b[01;31m\x1b[K^~~~~~~~~~~~~~~~~~~~\x1b[m\x1b[K\n'}
[27.562232] (zed_components) StderrLine: {'line': b'\x1b[01m\x1b[K/home/wolfwagen/Undergrad_Minchan_Folder/ROOMBA_PROJECT_1/roomba_src/zed-ros2-wrapper/zed_components/src/zed_camera/src/zed_camera_component_objdet.cpp:805:5:\x1b[m\x1b[K \x1b[01;36m\x1b[Knote: \x1b[m\x1b[Kin expansion of macro \xe2\x80\x98\x1b[01m\x1b[KDEBUG_STREAM_DYN_PARAMS\x1b[m\x1b[K\xe2\x80\x99\n'}
[27.562350] (zed_components) StderrLine: {'line': b'  805 |     \x1b[01;36m\x1b[KDEBUG_STREAM_DYN_PARAMS\x1b[m\x1b[K(\n'}
[27.562461] (zed_components) StderrLine: {'line': b'      |     \x1b[01;36m\x1b[K^~~~~~~~~~~~~~~~~~~~~~~\x1b[m\x1b[K\n'}
[27.572148] (zed_components) StderrLine: {'line': b'\x1b[01m\x1b[K/home/wolfwagen/Undergrad_Minchan_Folder/ROOMBA_PROJECT_1/roomba_src/zed-ros2-wrapper/zed_components/src/zed_camera/src/zed_camera_component_objdet.cpp:819:35:\x1b[m\x1b[K \x1b[01;31m\x1b[Kerror: \x1b[m\x1b[K\xe2\x80\x98\x1b[01m\x1b[Kstd::unordered_map<int, sl::CustomObjectDetectionProperties>::mapped_type\x1b[m\x1b[K\xe2\x80\x99 {aka \xe2\x80\x98\x1b[01m\x1b[Kstruct sl::CustomObjectDetectionProperties\x1b[m\x1b[K\xe2\x80\x99} has no member named \xe2\x80\x98\x1b[01m\x1b[Kmin_box_width_meters\x1b[m\x1b[K\xe2\x80\x99\n'}
[27.572625] (zed_components) StderrLine: {'line': b'  819 |     mCustomOdProperties[class_id].\x1b[01;31m\x1b[Kmin_box_width_meters\x1b[m\x1b[K = param.as_double();\n'}
[27.572788] (zed_components) StderrLine: {'line': b'      |                                   \x1b[01;31m\x1b[K^~~~~~~~~~~~~~~~~~~~\x1b[m\x1b[K\n'}
[27.585947] (zed_components) StderrLine: {'line': b'In file included from \x1b[01m\x1b[K/opt/ros/humble/include/rclcpp/rclcpp/client.hpp:40\x1b[m\x1b[K,\n'}
[27.586434] (zed_components) StderrLine: {'line': b'                 from \x1b[01m\x1b[K/opt/ros/humble/include/rclcpp/rclcpp/callback_group.hpp:24\x1b[m\x1b[K,\n'}
[27.586724] (zed_components) StderrLine: {'line': b'                 from \x1b[01m\x1b[K/opt/ros/humble/include/rclcpp/rclcpp/any_executable.hpp:20\x1b[m\x1b[K,\n'}
[27.586868] (zed_components) StderrLine: {'line': b'                 from \x1b[01m\x1b[K/opt/ros/humble/include/rclcpp/rclcpp/memory_strategy.hpp:25\x1b[m\x1b[K,\n'}
[27.586997] (zed_components) StderrLine: {'line': b'                 from \x1b[01m\x1b[K/opt/ros/humble/include/rclcpp/rclcpp/memory_strategies.hpp:18\x1b[m\x1b[K,\n'}
[27.587119] (zed_components) StderrLine: {'line': b'                 from \x1b[01m\x1b[K/opt/ros/humble/include/rclcpp/rclcpp/executor_options.hpp:20\x1b[m\x1b[K,\n'}
[27.587274] (zed_components) StderrLine: {'line': b'                 from \x1b[01m\x1b[K/opt/ros/humble/include/rclcpp/rclcpp/executor.hpp:37\x1b[m\x1b[K,\n'}
[27.587388] (zed_components) StderrLine: {'line': b'                 from \x1b[01m\x1b[K/opt/ros/humble/include/rclcpp/rclcpp/executors/multi_threaded_executor.hpp:25\x1b[m\x1b[K,\n'}
[27.587502] (zed_components) StderrLine: {'line': b'                 from \x1b[01m\x1b[K/opt/ros/humble/include/rclcpp/rclcpp/executors.hpp:21\x1b[m\x1b[K,\n'}
[27.587612] (zed_components) StderrLine: {'line': b'                 from \x1b[01m\x1b[K/opt/ros/humble/include/rclcpp/rclcpp/rclcpp.hpp:155\x1b[m\x1b[K,\n'}
[27.587724] (zed_components) StderrLine: {'line': b'                 from \x1b[01m\x1b[K/home/wolfwagen/Undergrad_Minchan_Folder/ROOMBA_PROJECT_1/roomba_src/zed-ros2-wrapper/zed_components/src/tools/include/sl_tools.hpp:22\x1b[m\x1b[K,\n'}
[27.587861] (zed_components) StderrLine: {'line': b'                 from \x1b[01m\x1b[K/home/wolfwagen/Undergrad_Minchan_Folder/ROOMBA_PROJECT_1/roomba_src/zed-ros2-wrapper/zed_components/src/zed_camera/include/zed_camera_component.hpp:27\x1b[m\x1b[K,\n'}
[27.588014] (zed_components) StderrLine: {'line': b'                 from \x1b[01m\x1b[K/home/wolfwagen/Undergrad_Minchan_Folder/ROOMBA_PROJECT_1/roomba_src/zed-ros2-wrapper/zed_components/src/zed_camera/src/zed_camera_component_objdet.cpp:15\x1b[m\x1b[K:\n'}
[27.588135] (zed_components) StderrLine: {'line': b'\x1b[01m\x1b[K/home/wolfwagen/Undergrad_Minchan_Folder/ROOMBA_PROJECT_1/roomba_src/zed-ros2-wrapper/zed_components/src/zed_camera/src/zed_camera_component_objdet.cpp:824:42:\x1b[m\x1b[K \x1b[01;31m\x1b[Kerror: \x1b[m\x1b[K\xe2\x80\x98\x1b[01m\x1b[Kstd::unordered_map<int, sl::CustomObjectDetectionProperties>::mapped_type\x1b[m\x1b[K\xe2\x80\x99 {aka \xe2\x80\x98\x1b[01m\x1b[Kstruct sl::CustomObjectDetectionProperties\x1b[m\x1b[K\xe2\x80\x99} has no member named \xe2\x80\x98\x1b[01m\x1b[Kmin_box_width_meters\x1b[m\x1b[K\xe2\x80\x99\n'}
[27.588267] (zed_components) StderrLine: {'line': b'  824 |         << mCustomOdProperties[class_id].\x1b[01;31m\x1b[Kmin_box_width_meters\x1b[m\x1b[K);\n'}
[27.588404] (zed_components) StderrLine: {'line': b'      |                                          \x1b[01;31m\x1b[K^~~~~~~~~~~~~~~~~~~~\x1b[m\x1b[K\n'}
[27.588516] (zed_components) StderrLine: {'line': b'\x1b[01m\x1b[K/home/wolfwagen/Undergrad_Minchan_Folder/ROOMBA_PROJECT_1/roomba_src/zed-ros2-wrapper/zed_components/src/zed_camera/src/zed_camera_component_objdet.cpp:821:5:\x1b[m\x1b[K \x1b[01;36m\x1b[Knote: \x1b[m\x1b[Kin expansion of macro \xe2\x80\x98\x1b[01m\x1b[KDEBUG_STREAM_DYN_PARAMS\x1b[m\x1b[K\xe2\x80\x99\n'}
[27.588648] (zed_components) StderrLine: {'line': b'  821 |     \x1b[01;36m\x1b[KDEBUG_STREAM_DYN_PARAMS\x1b[m\x1b[K(\n'}
[27.588763] (zed_components) StderrLine: {'line': b'      |     \x1b[01;36m\x1b[K^~~~~~~~~~~~~~~~~~~~~~~\x1b[m\x1b[K\n'}
[27.592926] (zed_components) StderrLine: {'line': b'\x1b[01m\x1b[K/home/wolfwagen/Undergrad_Minchan_Folder/ROOMBA_PROJECT_1/roomba_src/zed-ros2-wrapper/zed_components/src/zed_camera/src/zed_camera_component_objdet.cpp:834:35:\x1b[m\x1b[K \x1b[01;31m\x1b[Kerror: \x1b[m\x1b[K\xe2\x80\x98\x1b[01m\x1b[Kstd::unordered_map<int, sl::CustomObjectDetectionProperties>::mapped_type\x1b[m\x1b[K\xe2\x80\x99 {aka \xe2\x80\x98\x1b[01m\x1b[Kstruct sl::CustomObjectDetectionProperties\x1b[m\x1b[K\xe2\x80\x99} has no member named \xe2\x80\x98\x1b[01m\x1b[Kmax_box_height_meters\x1b[m\x1b[K\xe2\x80\x99; did you mean \xe2\x80\x98\x1b[01m\x1b[Kmax_box_height_normalized\x1b[m\x1b[K\xe2\x80\x99?\n'}
[27.593372] (zed_components) StderrLine: {'line': b'  834 |     mCustomOdProperties[class_id].\x1b[01;31m\x1b[Kmax_box_height_meters\x1b[m\x1b[K = param.as_double();\n'}
[27.593535] (zed_components) StderrLine: {'line': b'      |                                   \x1b[01;31m\x1b[K^~~~~~~~~~~~~~~~~~~~~\x1b[m\x1b[K\n'}
[27.593668] (zed_components) StderrLine: {'line': b'      |                                   \x1b[32m\x1b[Kmax_box_height_normalized\x1b[m\x1b[K\n'}
[27.595443] (zed_components) StderrLine: {'line': b'In file included from \x1b[01m\x1b[K/opt/ros/humble/include/rclcpp/rclcpp/client.hpp:40\x1b[m\x1b[K,\n'}
[27.595886] (zed_components) StderrLine: {'line': b'                 from \x1b[01m\x1b[K/opt/ros/humble/include/rclcpp/rclcpp/callback_group.hpp:24\x1b[m\x1b[K,\n'}
[27.596077] (zed_components) StderrLine: {'line': b'                 from \x1b[01m\x1b[K/opt/ros/humble/include/rclcpp/rclcpp/any_executable.hpp:20\x1b[m\x1b[K,\n'}
[27.596219] (zed_components) StderrLine: {'line': b'                 from \x1b[01m\x1b[K/opt/ros/humble/include/rclcpp/rclcpp/memory_strategy.hpp:25\x1b[m\x1b[K,\n'}
[27.596347] (zed_components) StderrLine: {'line': b'                 from \x1b[01m\x1b[K/opt/ros/humble/include/rclcpp/rclcpp/memory_strategies.hpp:18\x1b[m\x1b[K,\n'}
[27.596471] (zed_components) StderrLine: {'line': b'                 from \x1b[01m\x1b[K/opt/ros/humble/include/rclcpp/rclcpp/executor_options.hpp:20\x1b[m\x1b[K,\n'}
[27.596590] (zed_components) StderrLine: {'line': b'                 from \x1b[01m\x1b[K/opt/ros/humble/include/rclcpp/rclcpp/executor.hpp:37\x1b[m\x1b[K,\n'}
[27.596706] (zed_components) StderrLine: {'line': b'                 from \x1b[01m\x1b[K/opt/ros/humble/include/rclcpp/rclcpp/executors/multi_threaded_executor.hpp:25\x1b[m\x1b[K,\n'}
[27.597041] (zed_components) StderrLine: {'line': b'                 from \x1b[01m\x1b[K/opt/ros/humble/include/rclcpp/rclcpp/executors.hpp:21\x1b[m\x1b[K,\n'}
[27.597171] (zed_components) StderrLine: {'line': b'                 from \x1b[01m\x1b[K/opt/ros/humble/include/rclcpp/rclcpp/rclcpp.hpp:155\x1b[m\x1b[K,\n'}
[27.597287] (zed_components) StderrLine: {'line': b'                 from \x1b[01m\x1b[K/home/wolfwagen/Undergrad_Minchan_Folder/ROOMBA_PROJECT_1/roomba_src/zed-ros2-wrapper/zed_components/src/tools/include/sl_tools.hpp:22\x1b[m\x1b[K,\n'}
[27.597404] (zed_components) StderrLine: {'line': b'                 from \x1b[01m\x1b[K/home/wolfwagen/Undergrad_Minchan_Folder/ROOMBA_PROJECT_1/roomba_src/zed-ros2-wrapper/zed_components/src/zed_camera/include/zed_camera_component.hpp:27\x1b[m\x1b[K,\n'}
[27.597521] (zed_components) StderrLine: {'line': b'                 from \x1b[01m\x1b[K/home/wolfwagen/Undergrad_Minchan_Folder/ROOMBA_PROJECT_1/roomba_src/zed-ros2-wrapper/zed_components/src/zed_camera/src/zed_camera_component_objdet.cpp:15\x1b[m\x1b[K:\n'}
[27.597653] (zed_components) StderrLine: {'line': b'\x1b[01m\x1b[K/home/wolfwagen/Undergrad_Minchan_Folder/ROOMBA_PROJECT_1/roomba_src/zed-ros2-wrapper/zed_components/src/zed_camera/src/zed_camera_component_objdet.cpp:838:42:\x1b[m\x1b[K \x1b[01;31m\x1b[Kerror: \x1b[m\x1b[K\xe2\x80\x98\x1b[01m\x1b[Kstd::unordered_map<int, sl::CustomObjectDetectionProperties>::mapped_type\x1b[m\x1b[K\xe2\x80\x99 {aka \xe2\x80\x98\x1b[01m\x1b[Kstruct sl::CustomObjectDetectionProperties\x1b[m\x1b[K\xe2\x80\x99} has no member named \xe2\x80\x98\x1b[01m\x1b[Kmax_box_height_meters\x1b[m\x1b[K\xe2\x80\x99; did you mean \xe2\x80\x98\x1b[01m\x1b[Kmax_box_height_normalized\x1b[m\x1b[K\xe2\x80\x99?\n'}
[27.597816] (zed_components) StderrLine: {'line': b'  838 |         << mCustomOdProperties[class_id].\x1b[01;31m\x1b[Kmax_box_height_meters\x1b[m\x1b[K);\n'}
[27.597938] (zed_components) StderrLine: {'line': b'      |                                          \x1b[01;31m\x1b[K^~~~~~~~~~~~~~~~~~~~~\x1b[m\x1b[K\n'}
[27.598049] (zed_components) StderrLine: {'line': b'\x1b[01m\x1b[K/home/wolfwagen/Undergrad_Minchan_Folder/ROOMBA_PROJECT_1/roomba_src/zed-ros2-wrapper/zed_components/src/zed_camera/src/zed_camera_component_objdet.cpp:835:5:\x1b[m\x1b[K \x1b[01;36m\x1b[Knote: \x1b[m\x1b[Kin expansion of macro \xe2\x80\x98\x1b[01m\x1b[KDEBUG_STREAM_DYN_PARAMS\x1b[m\x1b[K\xe2\x80\x99\n'}
[27.598168] (zed_components) StderrLine: {'line': b'  835 |     \x1b[01;36m\x1b[KDEBUG_STREAM_DYN_PARAMS\x1b[m\x1b[K(\n'}
[27.598278] (zed_components) StderrLine: {'line': b'      |     \x1b[01;36m\x1b[K^~~~~~~~~~~~~~~~~~~~~~~\x1b[m\x1b[K\n'}
[27.602225] (zed_components) StderrLine: {'line': b'\x1b[01m\x1b[K/home/wolfwagen/Undergrad_Minchan_Folder/ROOMBA_PROJECT_1/roomba_src/zed-ros2-wrapper/zed_components/src/zed_camera/src/zed_camera_component_objdet.cpp:849:35:\x1b[m\x1b[K \x1b[01;31m\x1b[Kerror: \x1b[m\x1b[K\xe2\x80\x98\x1b[01m\x1b[Kstd::unordered_map<int, sl::CustomObjectDetectionProperties>::mapped_type\x1b[m\x1b[K\xe2\x80\x99 {aka \xe2\x80\x98\x1b[01m\x1b[Kstruct sl::CustomObjectDetectionProperties\x1b[m\x1b[K\xe2\x80\x99} has no member named \xe2\x80\x98\x1b[01m\x1b[Kmax_allowed_acceleration\x1b[m\x1b[K\xe2\x80\x99\n'}
[27.613926] (-) TimerEvent: {}
[27.615019] (zed_components) StderrLine: {'line': b'  849 |     mCustomOdProperties[class_id].\x1b[01;31m\x1b[Kmax_allowed_acceleration\x1b[m\x1b[K = param.as_double();\n'}
[27.615424] (zed_components) StderrLine: {'line': b'      |                                   \x1b[01;31m\x1b[K^~~~~~~~~~~~~~~~~~~~~~~~\x1b[m\x1b[K\n'}
[27.617326] (zed_components) StderrLine: {'line': b'In file included from \x1b[01m\x1b[K/opt/ros/humble/include/rclcpp/rclcpp/client.hpp:40\x1b[m\x1b[K,\n'}
[27.617693] (zed_components) StderrLine: {'line': b'                 from \x1b[01m\x1b[K/opt/ros/humble/include/rclcpp/rclcpp/callback_group.hpp:24\x1b[m\x1b[K,\n'}
[27.617849] (zed_components) StderrLine: {'line': b'                 from \x1b[01m\x1b[K/opt/ros/humble/include/rclcpp/rclcpp/any_executable.hpp:20\x1b[m\x1b[K,\n'}
[27.617983] (zed_components) StderrLine: {'line': b'                 from \x1b[01m\x1b[K/opt/ros/humble/include/rclcpp/rclcpp/memory_strategy.hpp:25\x1b[m\x1b[K,\n'}
[27.618107] (zed_components) StderrLine: {'line': b'                 from \x1b[01m\x1b[K/opt/ros/humble/include/rclcpp/rclcpp/memory_strategies.hpp:18\x1b[m\x1b[K,\n'}
[27.618222] (zed_components) StderrLine: {'line': b'                 from \x1b[01m\x1b[K/opt/ros/humble/include/rclcpp/rclcpp/executor_options.hpp:20\x1b[m\x1b[K,\n'}
[27.618335] (zed_components) StderrLine: {'line': b'                 from \x1b[01m\x1b[K/opt/ros/humble/include/rclcpp/rclcpp/executor.hpp:37\x1b[m\x1b[K,\n'}
[27.618446] (zed_components) StderrLine: {'line': b'                 from \x1b[01m\x1b[K/opt/ros/humble/include/rclcpp/rclcpp/executors/multi_threaded_executor.hpp:25\x1b[m\x1b[K,\n'}
[27.618560] (zed_components) StderrLine: {'line': b'                 from \x1b[01m\x1b[K/opt/ros/humble/include/rclcpp/rclcpp/executors.hpp:21\x1b[m\x1b[K,\n'}
[27.618670] (zed_components) StderrLine: {'line': b'                 from \x1b[01m\x1b[K/opt/ros/humble/include/rclcpp/rclcpp/rclcpp.hpp:155\x1b[m\x1b[K,\n'}
[27.618780] (zed_components) StderrLine: {'line': b'                 from \x1b[01m\x1b[K/home/wolfwagen/Undergrad_Minchan_Folder/ROOMBA_PROJECT_1/roomba_src/zed-ros2-wrapper/zed_components/src/tools/include/sl_tools.hpp:22\x1b[m\x1b[K,\n'}
[27.618895] (zed_components) StderrLine: {'line': b'                 from \x1b[01m\x1b[K/home/wolfwagen/Undergrad_Minchan_Folder/ROOMBA_PROJECT_1/roomba_src/zed-ros2-wrapper/zed_components/src/zed_camera/include/zed_camera_component.hpp:27\x1b[m\x1b[K,\n'}
[27.619009] (zed_components) StderrLine: {'line': b'                 from \x1b[01m\x1b[K/home/wolfwagen/Undergrad_Minchan_Folder/ROOMBA_PROJECT_1/roomba_src/zed-ros2-wrapper/zed_components/src/zed_camera/src/zed_camera_component_objdet.cpp:15\x1b[m\x1b[K:\n'}
[27.619121] (zed_components) StderrLine: {'line': b'\x1b[01m\x1b[K/home/wolfwagen/Undergrad_Minchan_Folder/ROOMBA_PROJECT_1/roomba_src/zed-ros2-wrapper/zed_components/src/zed_camera/src/zed_camera_component_objdet.cpp:853:42:\x1b[m\x1b[K \x1b[01;31m\x1b[Kerror: \x1b[m\x1b[K\xe2\x80\x98\x1b[01m\x1b[Kstd::unordered_map<int, sl::CustomObjectDetectionProperties>::mapped_type\x1b[m\x1b[K\xe2\x80\x99 {aka \xe2\x80\x98\x1b[01m\x1b[Kstruct sl::CustomObjectDetectionProperties\x1b[m\x1b[K\xe2\x80\x99} has no member named \xe2\x80\x98\x1b[01m\x1b[Kmax_allowed_acceleration\x1b[m\x1b[K\xe2\x80\x99\n'}
[27.619242] (zed_components) StderrLine: {'line': b'  853 |         << mCustomOdProperties[class_id].\x1b[01;31m\x1b[Kmax_allowed_acceleration\x1b[m\x1b[K);\n'}
[27.619386] (zed_components) StderrLine: {'line': b'      |                                          \x1b[01;31m\x1b[K^~~~~~~~~~~~~~~~~~~~~~~~\x1b[m\x1b[K\n'}
[27.619496] (zed_components) StderrLine: {'line': b'\x1b[01m\x1b[K/home/wolfwagen/Undergrad_Minchan_Folder/ROOMBA_PROJECT_1/roomba_src/zed-ros2-wrapper/zed_components/src/zed_camera/src/zed_camera_component_objdet.cpp:850:5:\x1b[m\x1b[K \x1b[01;36m\x1b[Knote: \x1b[m\x1b[Kin expansion of macro \xe2\x80\x98\x1b[01m\x1b[KDEBUG_STREAM_DYN_PARAMS\x1b[m\x1b[K\xe2\x80\x99\n'}
[27.619642] (zed_components) StderrLine: {'line': b'  850 |     \x1b[01;36m\x1b[KDEBUG_STREAM_DYN_PARAMS\x1b[m\x1b[K(\n'}
[27.619757] (zed_components) StderrLine: {'line': b'      |     \x1b[01;36m\x1b[K^~~~~~~~~~~~~~~~~~~~~~~\x1b[m\x1b[K\n'}
[27.623640] (zed_components) StderrLine: {'line': b'\x1b[01m\x1b[K/home/wolfwagen/Undergrad_Minchan_Folder/ROOMBA_PROJECT_1/roomba_src/zed-ros2-wrapper/zed_components/src/zed_camera/src/zed_camera_component_objdet.cpp:864:35:\x1b[m\x1b[K \x1b[01;31m\x1b[Kerror: \x1b[m\x1b[K\xe2\x80\x98\x1b[01m\x1b[Kstd::unordered_map<int, sl::CustomObjectDetectionProperties>::mapped_type\x1b[m\x1b[K\xe2\x80\x99 {aka \xe2\x80\x98\x1b[01m\x1b[Kstruct sl::CustomObjectDetectionProperties\x1b[m\x1b[K\xe2\x80\x99} has no member named \xe2\x80\x98\x1b[01m\x1b[Kobject_tracking_parameters\x1b[m\x1b[K\xe2\x80\x99\n'}
[27.624038] (zed_components) StderrLine: {'line': b'  864 |     mCustomOdProperties[class_id].\x1b[01;31m\x1b[Kobject_tracking_parameters\x1b[m\x1b[K.velocity_smoothing_factor =\n'}
[27.624208] (zed_components) StderrLine: {'line': b'      |                                   \x1b[01;31m\x1b[K^~~~~~~~~~~~~~~~~~~~~~~~~~\x1b[m\x1b[K\n'}
[27.625789] (zed_components) StderrLine: {'line': b'In file included from \x1b[01m\x1b[K/opt/ros/humble/include/rclcpp/rclcpp/client.hpp:40\x1b[m\x1b[K,\n'}
[27.626093] (zed_components) StderrLine: {'line': b'                 from \x1b[01m\x1b[K/opt/ros/humble/include/rclcpp/rclcpp/callback_group.hpp:24\x1b[m\x1b[K,\n'}
[27.626252] (zed_components) StderrLine: {'line': b'                 from \x1b[01m\x1b[K/opt/ros/humble/include/rclcpp/rclcpp/any_executable.hpp:20\x1b[m\x1b[K,\n'}
[27.626389] (zed_components) StderrLine: {'line': b'                 from \x1b[01m\x1b[K/opt/ros/humble/include/rclcpp/rclcpp/memory_strategy.hpp:25\x1b[m\x1b[K,\n'}
[27.626516] (zed_components) StderrLine: {'line': b'                 from \x1b[01m\x1b[K/opt/ros/humble/include/rclcpp/rclcpp/memory_strategies.hpp:18\x1b[m\x1b[K,\n'}
[27.626637] (zed_components) StderrLine: {'line': b'                 from \x1b[01m\x1b[K/opt/ros/humble/include/rclcpp/rclcpp/executor_options.hpp:20\x1b[m\x1b[K,\n'}
[27.626754] (zed_components) StderrLine: {'line': b'                 from \x1b[01m\x1b[K/opt/ros/humble/include/rclcpp/rclcpp/executor.hpp:37\x1b[m\x1b[K,\n'}
[27.626909] (zed_components) StderrLine: {'line': b'                 from \x1b[01m\x1b[K/opt/ros/humble/include/rclcpp/rclcpp/executors/multi_threaded_executor.hpp:25\x1b[m\x1b[K,\n'}
[27.627026] (zed_components) StderrLine: {'line': b'                 from \x1b[01m\x1b[K/opt/ros/humble/include/rclcpp/rclcpp/executors.hpp:21\x1b[m\x1b[K,\n'}
[27.627135] (zed_components) StderrLine: {'line': b'                 from \x1b[01m\x1b[K/opt/ros/humble/include/rclcpp/rclcpp/rclcpp.hpp:155\x1b[m\x1b[K,\n'}
[27.627248] (zed_components) StderrLine: {'line': b'                 from \x1b[01m\x1b[K/home/wolfwagen/Undergrad_Minchan_Folder/ROOMBA_PROJECT_1/roomba_src/zed-ros2-wrapper/zed_components/src/tools/include/sl_tools.hpp:22\x1b[m\x1b[K,\n'}
[27.627382] (zed_components) StderrLine: {'line': b'                 from \x1b[01m\x1b[K/home/wolfwagen/Undergrad_Minchan_Folder/ROOMBA_PROJECT_1/roomba_src/zed-ros2-wrapper/zed_components/src/zed_camera/include/zed_camera_component.hpp:27\x1b[m\x1b[K,\n'}
[27.627497] (zed_components) StderrLine: {'line': b'                 from \x1b[01m\x1b[K/home/wolfwagen/Undergrad_Minchan_Folder/ROOMBA_PROJECT_1/roomba_src/zed-ros2-wrapper/zed_components/src/zed_camera/src/zed_camera_component_objdet.cpp:15\x1b[m\x1b[K:\n'}
[27.627631] (zed_components) StderrLine: {'line': b'\x1b[01m\x1b[K/home/wolfwagen/Undergrad_Minchan_Folder/ROOMBA_PROJECT_1/roomba_src/zed-ros2-wrapper/zed_components/src/zed_camera/src/zed_camera_component_objdet.cpp:869:42:\x1b[m\x1b[K \x1b[01;31m\x1b[Kerror: \x1b[m\x1b[K\xe2\x80\x98\x1b[01m\x1b[Kstd::unordered_map<int, sl::CustomObjectDetectionProperties>::mapped_type\x1b[m\x1b[K\xe2\x80\x99 {aka \xe2\x80\x98\x1b[01m\x1b[Kstruct sl::CustomObjectDetectionProperties\x1b[m\x1b[K\xe2\x80\x99} has no member named \xe2\x80\x98\x1b[01m\x1b[Kobject_tracking_parameters\x1b[m\x1b[K\xe2\x80\x99\n'}
[27.627753] (zed_components) StderrLine: {'line': b'  869 |         << mCustomOdProperties[class_id].\x1b[01;31m\x1b[Kobject_tracking_parameters\x1b[m\x1b[K.velocity_smoothing_factor);\n'}
[27.627862] (zed_components) StderrLine: {'line': b'      |                                          \x1b[01;31m\x1b[K^~~~~~~~~~~~~~~~~~~~~~~~~~\x1b[m\x1b[K\n'}
[27.628215] (zed_components) StderrLine: {'line': b'\x1b[01m\x1b[K/home/wolfwagen/Undergrad_Minchan_Folder/ROOMBA_PROJECT_1/roomba_src/zed-ros2-wrapper/zed_components/src/zed_camera/src/zed_camera_component_objdet.cpp:866:5:\x1b[m\x1b[K \x1b[01;36m\x1b[Knote: \x1b[m\x1b[Kin expansion of macro \xe2\x80\x98\x1b[01m\x1b[KDEBUG_STREAM_DYN_PARAMS\x1b[m\x1b[K\xe2\x80\x99\n'}
[27.628356] (zed_components) StderrLine: {'line': b'  866 |     \x1b[01;36m\x1b[KDEBUG_STREAM_DYN_PARAMS\x1b[m\x1b[K(\n'}
[27.628474] (zed_components) StderrLine: {'line': b'      |     \x1b[01;36m\x1b[K^~~~~~~~~~~~~~~~~~~~~~~\x1b[m\x1b[K\n'}
[27.632192] (zed_components) StderrLine: {'line': b'\x1b[01m\x1b[K/home/wolfwagen/Undergrad_Minchan_Folder/ROOMBA_PROJECT_1/roomba_src/zed-ros2-wrapper/zed_components/src/zed_camera/src/zed_camera_component_objdet.cpp:880:35:\x1b[m\x1b[K \x1b[01;31m\x1b[Kerror: \x1b[m\x1b[K\xe2\x80\x98\x1b[01m\x1b[Kstd::unordered_map<int, sl::CustomObjectDetectionProperties>::mapped_type\x1b[m\x1b[K\xe2\x80\x99 {aka \xe2\x80\x98\x1b[01m\x1b[Kstruct sl::CustomObjectDetectionProperties\x1b[m\x1b[K\xe2\x80\x99} has no member named \xe2\x80\x98\x1b[01m\x1b[Kobject_tracking_parameters\x1b[m\x1b[K\xe2\x80\x99\n'}
[27.632544] (zed_components) StderrLine: {'line': b'  880 |     mCustomOdProperties[class_id].\x1b[01;31m\x1b[Kobject_tracking_parameters\x1b[m\x1b[K.min_velocity_threshold =\n'}
[27.632740] (zed_components) StderrLine: {'line': b'      |                                   \x1b[01;31m\x1b[K^~~~~~~~~~~~~~~~~~~~~~~~~~\x1b[m\x1b[K\n'}
[27.645883] (zed_components) StderrLine: {'line': b'In file included from \x1b[01m\x1b[K/opt/ros/humble/include/rclcpp/rclcpp/client.hpp:40\x1b[m\x1b[K,\n'}
[27.646358] (zed_components) StderrLine: {'line': b'                 from \x1b[01m\x1b[K/opt/ros/humble/include/rclcpp/rclcpp/callback_group.hpp:24\x1b[m\x1b[K,\n'}
[27.646520] (zed_components) StderrLine: {'line': b'                 from \x1b[01m\x1b[K/opt/ros/humble/include/rclcpp/rclcpp/any_executable.hpp:20\x1b[m\x1b[K,\n'}
[27.646655] (zed_components) StderrLine: {'line': b'                 from \x1b[01m\x1b[K/opt/ros/humble/include/rclcpp/rclcpp/memory_strategy.hpp:25\x1b[m\x1b[K,\n'}
[27.646780] (zed_components) StderrLine: {'line': b'                 from \x1b[01m\x1b[K/opt/ros/humble/include/rclcpp/rclcpp/memory_strategies.hpp:18\x1b[m\x1b[K,\n'}
[27.646896] (zed_components) StderrLine: {'line': b'                 from \x1b[01m\x1b[K/opt/ros/humble/include/rclcpp/rclcpp/executor_options.hpp:20\x1b[m\x1b[K,\n'}
[27.647007] (zed_components) StderrLine: {'line': b'                 from \x1b[01m\x1b[K/opt/ros/humble/include/rclcpp/rclcpp/executor.hpp:37\x1b[m\x1b[K,\n'}
[27.647118] (zed_components) StderrLine: {'line': b'                 from \x1b[01m\x1b[K/opt/ros/humble/include/rclcpp/rclcpp/executors/multi_threaded_executor.hpp:25\x1b[m\x1b[K,\n'}
[27.647231] (zed_components) StderrLine: {'line': b'                 from \x1b[01m\x1b[K/opt/ros/humble/include/rclcpp/rclcpp/executors.hpp:21\x1b[m\x1b[K,\n'}
[27.647342] (zed_components) StderrLine: {'line': b'                 from \x1b[01m\x1b[K/opt/ros/humble/include/rclcpp/rclcpp/rclcpp.hpp:155\x1b[m\x1b[K,\n'}
[27.647496] (zed_components) StderrLine: {'line': b'                 from \x1b[01m\x1b[K/home/wolfwagen/Undergrad_Minchan_Folder/ROOMBA_PROJECT_1/roomba_src/zed-ros2-wrapper/zed_components/src/tools/include/sl_tools.hpp:22\x1b[m\x1b[K,\n'}
[27.647614] (zed_components) StderrLine: {'line': b'                 from \x1b[01m\x1b[K/home/wolfwagen/Undergrad_Minchan_Folder/ROOMBA_PROJECT_1/roomba_src/zed-ros2-wrapper/zed_components/src/zed_camera/include/zed_camera_component.hpp:27\x1b[m\x1b[K,\n'}
[27.647731] (zed_components) StderrLine: {'line': b'                 from \x1b[01m\x1b[K/home/wolfwagen/Undergrad_Minchan_Folder/ROOMBA_PROJECT_1/roomba_src/zed-ros2-wrapper/zed_components/src/zed_camera/src/zed_camera_component_objdet.cpp:15\x1b[m\x1b[K:\n'}
[27.647842] (zed_components) StderrLine: {'line': b'\x1b[01m\x1b[K/home/wolfwagen/Undergrad_Minchan_Folder/ROOMBA_PROJECT_1/roomba_src/zed-ros2-wrapper/zed_components/src/zed_camera/src/zed_camera_component_objdet.cpp:885:42:\x1b[m\x1b[K \x1b[01;31m\x1b[Kerror: \x1b[m\x1b[K\xe2\x80\x98\x1b[01m\x1b[Kstd::unordered_map<int, sl::CustomObjectDetectionProperties>::mapped_type\x1b[m\x1b[K\xe2\x80\x99 {aka \xe2\x80\x98\x1b[01m\x1b[Kstruct sl::CustomObjectDetectionProperties\x1b[m\x1b[K\xe2\x80\x99} has no member named \xe2\x80\x98\x1b[01m\x1b[Kobject_tracking_parameters\x1b[m\x1b[K\xe2\x80\x99\n'}
[27.648058] (zed_components) StderrLine: {'line': b'  885 |         << mCustomOdProperties[class_id].\x1b[01;31m\x1b[Kobject_tracking_parameters\x1b[m\x1b[K.min_velocity_threshold);\n'}
[27.648214] (zed_components) StderrLine: {'line': b'      |                                          \x1b[01;31m\x1b[K^~~~~~~~~~~~~~~~~~~~~~~~~~\x1b[m\x1b[K\n'}
[27.648333] (zed_components) StderrLine: {'line': b'\x1b[01m\x1b[K/home/wolfwagen/Undergrad_Minchan_Folder/ROOMBA_PROJECT_1/roomba_src/zed-ros2-wrapper/zed_components/src/zed_camera/src/zed_camera_component_objdet.cpp:882:5:\x1b[m\x1b[K \x1b[01;36m\x1b[Knote: \x1b[m\x1b[Kin expansion of macro \xe2\x80\x98\x1b[01m\x1b[KDEBUG_STREAM_DYN_PARAMS\x1b[m\x1b[K\xe2\x80\x99\n'}
[27.648613] (zed_components) StderrLine: {'line': b'  882 |     \x1b[01;36m\x1b[KDEBUG_STREAM_DYN_PARAMS\x1b[m\x1b[K(\n'}
[27.648735] (zed_components) StderrLine: {'line': b'      |     \x1b[01;36m\x1b[K^~~~~~~~~~~~~~~~~~~~~~~\x1b[m\x1b[K\n'}
[27.652773] (zed_components) StderrLine: {'line': b'\x1b[01m\x1b[K/home/wolfwagen/Undergrad_Minchan_Folder/ROOMBA_PROJECT_1/roomba_src/zed-ros2-wrapper/zed_components/src/zed_camera/src/zed_camera_component_objdet.cpp:896:35:\x1b[m\x1b[K \x1b[01;31m\x1b[Kerror: \x1b[m\x1b[K\xe2\x80\x98\x1b[01m\x1b[Kstd::unordered_map<int, sl::CustomObjectDetectionProperties>::mapped_type\x1b[m\x1b[K\xe2\x80\x99 {aka \xe2\x80\x98\x1b[01m\x1b[Kstruct sl::CustomObjectDetectionProperties\x1b[m\x1b[K\xe2\x80\x99} has no member named \xe2\x80\x98\x1b[01m\x1b[Kobject_tracking_parameters\x1b[m\x1b[K\xe2\x80\x99\n'}
[27.653212] (zed_components) StderrLine: {'line': b'  896 |     mCustomOdProperties[class_id].\x1b[01;31m\x1b[Kobject_tracking_parameters\x1b[m\x1b[K.prediction_timeout_s =\n'}
[27.653368] (zed_components) StderrLine: {'line': b'      |                                   \x1b[01;31m\x1b[K^~~~~~~~~~~~~~~~~~~~~~~~~~\x1b[m\x1b[K\n'}
[27.655042] (zed_components) StderrLine: {'line': b'In file included from \x1b[01m\x1b[K/opt/ros/humble/include/rclcpp/rclcpp/client.hpp:40\x1b[m\x1b[K,\n'}
[27.655403] (zed_components) StderrLine: {'line': b'                 from \x1b[01m\x1b[K/opt/ros/humble/include/rclcpp/rclcpp/callback_group.hpp:24\x1b[m\x1b[K,\n'}
[27.655565] (zed_components) StderrLine: {'line': b'                 from \x1b[01m\x1b[K/opt/ros/humble/include/rclcpp/rclcpp/any_executable.hpp:20\x1b[m\x1b[K,\n'}
[27.655698] (zed_components) StderrLine: {'line': b'                 from \x1b[01m\x1b[K/opt/ros/humble/include/rclcpp/rclcpp/memory_strategy.hpp:25\x1b[m\x1b[K,\n'}
[27.655822] (zed_components) StderrLine: {'line': b'                 from \x1b[01m\x1b[K/opt/ros/humble/include/rclcpp/rclcpp/memory_strategies.hpp:18\x1b[m\x1b[K,\n'}
[27.656027] (zed_components) StderrLine: {'line': b'                 from \x1b[01m\x1b[K/opt/ros/humble/include/rclcpp/rclcpp/executor_options.hpp:20\x1b[m\x1b[K,\n'}
[27.656153] (zed_components) StderrLine: {'line': b'                 from \x1b[01m\x1b[K/opt/ros/humble/include/rclcpp/rclcpp/executor.hpp:37\x1b[m\x1b[K,\n'}
[27.656270] (zed_components) StderrLine: {'line': b'                 from \x1b[01m\x1b[K/opt/ros/humble/include/rclcpp/rclcpp/executors/multi_threaded_executor.hpp:25\x1b[m\x1b[K,\n'}
[27.656387] (zed_components) StderrLine: {'line': b'                 from \x1b[01m\x1b[K/opt/ros/humble/include/rclcpp/rclcpp/executors.hpp:21\x1b[m\x1b[K,\n'}
[27.656498] (zed_components) StderrLine: {'line': b'                 from \x1b[01m\x1b[K/opt/ros/humble/include/rclcpp/rclcpp/rclcpp.hpp:155\x1b[m\x1b[K,\n'}
[27.656607] (zed_components) StderrLine: {'line': b'                 from \x1b[01m\x1b[K/home/wolfwagen/Undergrad_Minchan_Folder/ROOMBA_PROJECT_1/roomba_src/zed-ros2-wrapper/zed_components/src/tools/include/sl_tools.hpp:22\x1b[m\x1b[K,\n'}
[27.656720] (zed_components) StderrLine: {'line': b'                 from \x1b[01m\x1b[K/home/wolfwagen/Undergrad_Minchan_Folder/ROOMBA_PROJECT_1/roomba_src/zed-ros2-wrapper/zed_components/src/zed_camera/include/zed_camera_component.hpp:27\x1b[m\x1b[K,\n'}
[27.656834] (zed_components) StderrLine: {'line': b'                 from \x1b[01m\x1b[K/home/wolfwagen/Undergrad_Minchan_Folder/ROOMBA_PROJECT_1/roomba_src/zed-ros2-wrapper/zed_components/src/zed_camera/src/zed_camera_component_objdet.cpp:15\x1b[m\x1b[K:\n'}
[27.656953] (zed_components) StderrLine: {'line': b'\x1b[01m\x1b[K/home/wolfwagen/Undergrad_Minchan_Folder/ROOMBA_PROJECT_1/roomba_src/zed-ros2-wrapper/zed_components/src/zed_camera/src/zed_camera_component_objdet.cpp:901:42:\x1b[m\x1b[K \x1b[01;31m\x1b[Kerror: \x1b[m\x1b[K\xe2\x80\x98\x1b[01m\x1b[Kstd::unordered_map<int, sl::CustomObjectDetectionProperties>::mapped_type\x1b[m\x1b[K\xe2\x80\x99 {aka \xe2\x80\x98\x1b[01m\x1b[Kstruct sl::CustomObjectDetectionProperties\x1b[m\x1b[K\xe2\x80\x99} has no member named \xe2\x80\x98\x1b[01m\x1b[Kobject_tracking_parameters\x1b[m\x1b[K\xe2\x80\x99\n'}
[27.657075] (zed_components) StderrLine: {'line': b'  901 |         << mCustomOdProperties[class_id].\x1b[01;31m\x1b[Kobject_tracking_parameters\x1b[m\x1b[K.prediction_timeout_s);\n'}
[27.657183] (zed_components) StderrLine: {'line': b'      |                                          \x1b[01;31m\x1b[K^~~~~~~~~~~~~~~~~~~~~~~~~~\x1b[m\x1b[K\n'}
[27.657517] (zed_components) StderrLine: {'line': b'\x1b[01m\x1b[K/home/wolfwagen/Undergrad_Minchan_Folder/ROOMBA_PROJECT_1/roomba_src/zed-ros2-wrapper/zed_components/src/zed_camera/src/zed_camera_component_objdet.cpp:898:5:\x1b[m\x1b[K \x1b[01;36m\x1b[Knote: \x1b[m\x1b[Kin expansion of macro \xe2\x80\x98\x1b[01m\x1b[KDEBUG_STREAM_DYN_PARAMS\x1b[m\x1b[K\xe2\x80\x99\n'}
[27.657671] (zed_components) StderrLine: {'line': b'  898 |     \x1b[01;36m\x1b[KDEBUG_STREAM_DYN_PARAMS\x1b[m\x1b[K(\n'}
[27.657790] (zed_components) StderrLine: {'line': b'      |     \x1b[01;36m\x1b[K^~~~~~~~~~~~~~~~~~~~~~~\x1b[m\x1b[K\n'}
[27.661761] (zed_components) StderrLine: {'line': b'\x1b[01m\x1b[K/home/wolfwagen/Undergrad_Minchan_Folder/ROOMBA_PROJECT_1/roomba_src/zed-ros2-wrapper/zed_components/src/zed_camera/src/zed_camera_component_objdet.cpp:912:35:\x1b[m\x1b[K \x1b[01;31m\x1b[Kerror: \x1b[m\x1b[K\xe2\x80\x98\x1b[01m\x1b[Kstd::unordered_map<int, sl::CustomObjectDetectionProperties>::mapped_type\x1b[m\x1b[K\xe2\x80\x99 {aka \xe2\x80\x98\x1b[01m\x1b[Kstruct sl::CustomObjectDetectionProperties\x1b[m\x1b[K\xe2\x80\x99} has no member named \xe2\x80\x98\x1b[01m\x1b[Kobject_tracking_parameters\x1b[m\x1b[K\xe2\x80\x99\n'}
[27.662205] (zed_components) StderrLine: {'line': b'  912 |     mCustomOdProperties[class_id].\x1b[01;31m\x1b[Kobject_tracking_parameters\x1b[m\x1b[K.min_confirmation_time_s =\n'}
[27.662376] (zed_components) StderrLine: {'line': b'      |                                   \x1b[01;31m\x1b[K^~~~~~~~~~~~~~~~~~~~~~~~~~\x1b[m\x1b[K\n'}
[27.667805] (zed_components) StderrLine: {'line': b'In file included from \x1b[01m\x1b[K/opt/ros/humble/include/rclcpp/rclcpp/client.hpp:40\x1b[m\x1b[K,\n'}
[27.668205] (zed_components) StderrLine: {'line': b'                 from \x1b[01m\x1b[K/opt/ros/humble/include/rclcpp/rclcpp/callback_group.hpp:24\x1b[m\x1b[K,\n'}
[27.668369] (zed_components) StderrLine: {'line': b'                 from \x1b[01m\x1b[K/opt/ros/humble/include/rclcpp/rclcpp/any_executable.hpp:20\x1b[m\x1b[K,\n'}
[27.668505] (zed_components) StderrLine: {'line': b'                 from \x1b[01m\x1b[K/opt/ros/humble/include/rclcpp/rclcpp/memory_strategy.hpp:25\x1b[m\x1b[K,\n'}
[27.668630] (zed_components) StderrLine: {'line': b'                 from \x1b[01m\x1b[K/opt/ros/humble/include/rclcpp/rclcpp/memory_strategies.hpp:18\x1b[m\x1b[K,\n'}
[27.668750] (zed_components) StderrLine: {'line': b'                 from \x1b[01m\x1b[K/opt/ros/humble/include/rclcpp/rclcpp/executor_options.hpp:20\x1b[m\x1b[K,\n'}
[27.668863] (zed_components) StderrLine: {'line': b'                 from \x1b[01m\x1b[K/opt/ros/humble/include/rclcpp/rclcpp/executor.hpp:37\x1b[m\x1b[K,\n'}
[27.668981] (zed_components) StderrLine: {'line': b'                 from \x1b[01m\x1b[K/opt/ros/humble/include/rclcpp/rclcpp/executors/multi_threaded_executor.hpp:25\x1b[m\x1b[K,\n'}
[27.669094] (zed_components) StderrLine: {'line': b'                 from \x1b[01m\x1b[K/opt/ros/humble/include/rclcpp/rclcpp/executors.hpp:21\x1b[m\x1b[K,\n'}
[27.669204] (zed_components) StderrLine: {'line': b'                 from \x1b[01m\x1b[K/opt/ros/humble/include/rclcpp/rclcpp/rclcpp.hpp:155\x1b[m\x1b[K,\n'}
[27.669313] (zed_components) StderrLine: {'line': b'                 from \x1b[01m\x1b[K/home/wolfwagen/Undergrad_Minchan_Folder/ROOMBA_PROJECT_1/roomba_src/zed-ros2-wrapper/zed_components/src/tools/include/sl_tools.hpp:22\x1b[m\x1b[K,\n'}
[27.669457] (zed_components) StderrLine: {'line': b'                 from \x1b[01m\x1b[K/home/wolfwagen/Undergrad_Minchan_Folder/ROOMBA_PROJECT_1/roomba_src/zed-ros2-wrapper/zed_components/src/zed_camera/include/zed_camera_component.hpp:27\x1b[m\x1b[K,\n'}
[27.669578] (zed_components) StderrLine: {'line': b'                 from \x1b[01m\x1b[K/home/wolfwagen/Undergrad_Minchan_Folder/ROOMBA_PROJECT_1/roomba_src/zed-ros2-wrapper/zed_components/src/zed_camera/src/zed_camera_component_objdet.cpp:15\x1b[m\x1b[K:\n'}
[27.669693] (zed_components) StderrLine: {'line': b'\x1b[01m\x1b[K/home/wolfwagen/Undergrad_Minchan_Folder/ROOMBA_PROJECT_1/roomba_src/zed-ros2-wrapper/zed_components/src/zed_camera/src/zed_camera_component_objdet.cpp:917:42:\x1b[m\x1b[K \x1b[01;31m\x1b[Kerror: \x1b[m\x1b[K\xe2\x80\x98\x1b[01m\x1b[Kstd::unordered_map<int, sl::CustomObjectDetectionProperties>::mapped_type\x1b[m\x1b[K\xe2\x80\x99 {aka \xe2\x80\x98\x1b[01m\x1b[Kstruct sl::CustomObjectDetectionProperties\x1b[m\x1b[K\xe2\x80\x99} has no member named \xe2\x80\x98\x1b[01m\x1b[Kobject_tracking_parameters\x1b[m\x1b[K\xe2\x80\x99\n'}
[27.669817] (zed_components) StderrLine: {'line': b'  917 |         << mCustomOdProperties[class_id].\x1b[01;31m\x1b[Kobject_tracking_parameters\x1b[m\x1b[K.min_confirmation_time_s);\n'}
[27.669930] (zed_components) StderrLine: {'line': b'      |                                          \x1b[01;31m\x1b[K^~~~~~~~~~~~~~~~~~~~~~~~~~\x1b[m\x1b[K\n'}
[27.670040] (zed_components) StderrLine: {'line': b'\x1b[01m\x1b[K/home/wolfwagen/Undergrad_Minchan_Folder/ROOMBA_PROJECT_1/roomba_src/zed-ros2-wrapper/zed_components/src/zed_camera/src/zed_camera_component_objdet.cpp:914:5:\x1b[m\x1b[K \x1b[01;36m\x1b[Knote: \x1b[m\x1b[Kin expansion of macro \xe2\x80\x98\x1b[01m\x1b[KDEBUG_STREAM_DYN_PARAMS\x1b[m\x1b[K\xe2\x80\x99\n'}
[27.670156] (zed_components) StderrLine: {'line': b'  914 |     \x1b[01;36m\x1b[KDEBUG_STREAM_DYN_PARAMS\x1b[m\x1b[K(\n'}
[27.670264] (zed_components) StderrLine: {'line': b'      |     \x1b[01;36m\x1b[K^~~~~~~~~~~~~~~~~~~~~~~\x1b[m\x1b[K\n'}
[27.704837] (zed_components) StderrLine: {'line': b'\x1b[01m\x1b[K/home/wolfwagen/Undergrad_Minchan_Folder/ROOMBA_PROJECT_1/roomba_src/zed-ros2-wrapper/zed_components/src/zed_camera/src/zed_camera_component_objdet.cpp:\x1b[m\x1b[K In member function \xe2\x80\x98\x1b[01m\x1b[Kbool stereolabs::ZedCamera::startObjDetect()\x1b[m\x1b[K\xe2\x80\x99:\n'}
[27.705361] (zed_components) StderrLine: {'line': b'\x1b[01m\x1b[K/home/wolfwagen/Undergrad_Minchan_Folder/ROOMBA_PROJECT_1/roomba_src/zed-ros2-wrapper/zed_components/src/zed_camera/src/zed_camera_component_objdet.cpp:965:29:\x1b[m\x1b[K \x1b[01;31m\x1b[Kerror: \x1b[m\x1b[Kno match for \xe2\x80\x98\x1b[01m\x1b[Koperator=\x1b[m\x1b[K\xe2\x80\x99 (operand types are \xe2\x80\x98\x1b[01m\x1b[Ksl::String\x1b[m\x1b[K\xe2\x80\x99 and \xe2\x80\x98\x1b[01m\x1b[Kstd::string\x1b[m\x1b[K\xe2\x80\x99 {aka \xe2\x80\x98\x1b[01m\x1b[Kstd::__cxx11::basic_string<char>\x1b[m\x1b[K\xe2\x80\x99})\n'}
[27.705552] (zed_components) StderrLine: {'line': b'  965 |     od_p.custom_onnx_file = \x1b[01;31m\x1b[KmYoloOnnxPath\x1b[m\x1b[K;\n'}
[27.705692] (zed_components) StderrLine: {'line': b'      |                             \x1b[01;31m\x1b[K^~~~~~~~~~~~~\x1b[m\x1b[K\n'}
[27.716144] (zed_components) StderrLine: {'line': b'In file included from \x1b[01m\x1b[K/home/wolfwagen/Undergrad_Minchan_Folder/ROOMBA_PROJECT_1/roomba_src/zed-ros2-wrapper/zed_components/src/zed_camera/include/zed_camera_component.hpp:20\x1b[m\x1b[K,\n'}
[27.716690] (-) TimerEvent: {}
[27.717009] (zed_components) StderrLine: {'line': b'                 from \x1b[01m\x1b[K/home/wolfwagen/Undergrad_Minchan_Folder/ROOMBA_PROJECT_1/roomba_src/zed-ros2-wrapper/zed_components/src/zed_camera/src/zed_camera_component_objdet.cpp:15\x1b[m\x1b[K:\n'}
[27.717224] (zed_components) StderrLine: {'line': b'\x1b[01m\x1b[K/usr/local/zed/include/sl/Camera.hpp:182:17:\x1b[m\x1b[K \x1b[01;36m\x1b[Knote: \x1b[m\x1b[Kcandidate: \xe2\x80\x98\x1b[01m\x1b[Ksl::String& sl::String::operator=(const sl::String&)\x1b[m\x1b[K\xe2\x80\x99\n'}
[27.717373] (zed_components) StderrLine: {'line': b'  182 |         String &\x1b[01;36m\x1b[Koperator\x1b[m\x1b[K=(const String &str1);\n'}
[27.717537] (zed_components) StderrLine: {'line': b'      |                 \x1b[01;36m\x1b[K^~~~~~~~\x1b[m\x1b[K\n'}
[27.717664] (zed_components) StderrLine: {'line': b'\x1b[01m\x1b[K/usr/local/zed/include/sl/Camera.hpp:182:41:\x1b[m\x1b[K \x1b[01;36m\x1b[Knote: \x1b[m\x1b[K  no known conversion for argument 1 from \xe2\x80\x98\x1b[01m\x1b[Kstd::string\x1b[m\x1b[K\xe2\x80\x99 {aka \xe2\x80\x98\x1b[01m\x1b[Kstd::__cxx11::basic_string<char>\x1b[m\x1b[K\xe2\x80\x99} to \xe2\x80\x98\x1b[01m\x1b[Kconst sl::String&\x1b[m\x1b[K\xe2\x80\x99\n'}
[27.717797] (zed_components) StderrLine: {'line': b'  182 |         String &operator=(\x1b[01;36m\x1b[Kconst String &str1\x1b[m\x1b[K);\n'}
[27.718163] (zed_components) StderrLine: {'line': b'      |                           \x1b[01;36m\x1b[K~~~~~~~~~~~~~~^~~~\x1b[m\x1b[K\n'}
[27.718291] (zed_components) StderrLine: {'line': b'\x1b[01m\x1b[K/usr/local/zed/include/sl/Camera.hpp:186:17:\x1b[m\x1b[K \x1b[01;36m\x1b[Knote: \x1b[m\x1b[Kcandidate: \xe2\x80\x98\x1b[01m\x1b[Ksl::String& sl::String::operator=(const char*)\x1b[m\x1b[K\xe2\x80\x99\n'}
[27.718410] (zed_components) StderrLine: {'line': b'  186 |         String &\x1b[01;36m\x1b[Koperator\x1b[m\x1b[K=(const char *data);\n'}
[27.718523] (zed_components) StderrLine: {'line': b'      |                 \x1b[01;36m\x1b[K^~~~~~~~\x1b[m\x1b[K\n'}
[27.718633] (zed_components) StderrLine: {'line': b'\x1b[01m\x1b[K/usr/local/zed/include/sl/Camera.hpp:186:39:\x1b[m\x1b[K \x1b[01;36m\x1b[Knote: \x1b[m\x1b[K  no known conversion for argument 1 from \xe2\x80\x98\x1b[01m\x1b[Kstd::string\x1b[m\x1b[K\xe2\x80\x99 {aka \xe2\x80\x98\x1b[01m\x1b[Kstd::__cxx11::basic_string<char>\x1b[m\x1b[K\xe2\x80\x99} to \xe2\x80\x98\x1b[01m\x1b[Kconst char*\x1b[m\x1b[K\xe2\x80\x99\n'}
[27.718754] (zed_components) StderrLine: {'line': b'  186 |         String &operator=(\x1b[01;36m\x1b[Kconst char *data\x1b[m\x1b[K);\n'}
[27.718868] (zed_components) StderrLine: {'line': b'      |                           \x1b[01;36m\x1b[K~~~~~~~~~~~~^~~~\x1b[m\x1b[K\n'}
[27.722524] (zed_components) StderrLine: {'line': b'\x1b[01m\x1b[K/home/wolfwagen/Undergrad_Minchan_Folder/ROOMBA_PROJECT_1/roomba_src/zed-ros2-wrapper/zed_components/src/zed_camera_one/src/zed_camera_one_component_main.cpp:\x1b[m\x1b[K In member function \xe2\x80\x98\x1b[01m\x1b[Kvoid stereolabs::ZedCameraOne::getCameraModelParams()\x1b[m\x1b[K\xe2\x80\x99:\n'}
[27.723418] (zed_components) StderrLine: {'line': b'\x1b[01m\x1b[K/home/wolfwagen/Undergrad_Minchan_Folder/ROOMBA_PROJECT_1/roomba_src/zed-ros2-wrapper/zed_components/src/zed_camera_one/src/zed_camera_one_component_main.cpp:378:32:\x1b[m\x1b[K \x1b[01;31m\x1b[Kerror: \x1b[m\x1b[K\xe2\x80\x98\x1b[01m\x1b[KZED_XONE_HDR\x1b[m\x1b[K\xe2\x80\x99 is not a member of \xe2\x80\x98\x1b[01m\x1b[Ksl::MODEL\x1b[m\x1b[K\xe2\x80\x99; did you mean \xe2\x80\x98\x1b[01m\x1b[KZED_XONE_UHD\x1b[m\x1b[K\xe2\x80\x99?\n'}
[27.723758] (zed_components) StderrLine: {'line': b'  378 |     _camUserModel = sl::MODEL::\x1b[01;31m\x1b[KZED_XONE_HDR\x1b[m\x1b[K;\n'}
[27.723914] (zed_components) StderrLine: {'line': b'      |                                \x1b[01;31m\x1b[K^~~~~~~~~~~~\x1b[m\x1b[K\n'}
[27.724074] (zed_components) StderrLine: {'line': b'      |                                \x1b[32m\x1b[KZED_XONE_UHD\x1b[m\x1b[K\n'}
[27.737610] (zed_components) StderrLine: {'line': b'\x1b[01m\x1b[K/home/wolfwagen/Undergrad_Minchan_Folder/ROOMBA_PROJECT_1/roomba_src/zed-ros2-wrapper/zed_components/src/zed_camera_one/src/zed_camera_one_component_main.cpp:\x1b[m\x1b[K In member function \xe2\x80\x98\x1b[01m\x1b[Kvoid stereolabs::ZedCameraOne::getResolutionParams()\x1b[m\x1b[K\xe2\x80\x99:\n'}
[27.738220] (zed_components) StderrLine: {'line': b'\x1b[01m\x1b[K/home/wolfwagen/Undergrad_Minchan_Folder/ROOMBA_PROJECT_1/roomba_src/zed-ros2-wrapper/zed_components/src/zed_camera_one/src/zed_camera_one_component_main.cpp:432:65:\x1b[m\x1b[K \x1b[01;31m\x1b[Kerror: \x1b[m\x1b[K\xe2\x80\x98\x1b[01m\x1b[KZED_XONE_HDR\x1b[m\x1b[K\xe2\x80\x99 is not a member of \xe2\x80\x98\x1b[01m\x1b[Ksl::MODEL\x1b[m\x1b[K\xe2\x80\x99; did you mean \xe2\x80\x98\x1b[01m\x1b[KZED_XONE_UHD\x1b[m\x1b[K\xe2\x80\x99?\n'}
[27.738419] (zed_components) StderrLine: {'line': b'  432 |     } else if (resol == "HD1536" && _camUserModel == sl::MODEL::\x1b[01;31m\x1b[KZED_XONE_HDR\x1b[m\x1b[K) {\n'}
[27.738638] (zed_components) StderrLine: {'line': b'      |                                                                 \x1b[01;31m\x1b[K^~~~~~~~~~~~\x1b[m\x1b[K\n'}
[27.738876] (zed_components) StderrLine: {'line': b'      |                                                                 \x1b[32m\x1b[KZED_XONE_UHD\x1b[m\x1b[K\n'}
[27.739011] (zed_components) StderrLine: {'line': b'\x1b[01m\x1b[K/home/wolfwagen/Undergrad_Minchan_Folder/ROOMBA_PROJECT_1/roomba_src/zed-ros2-wrapper/zed_components/src/zed_camera_one/src/zed_camera_one_component_main.cpp:433:35:\x1b[m\x1b[K \x1b[01;31m\x1b[Kerror: \x1b[m\x1b[K\xe2\x80\x98\x1b[01m\x1b[KHD1536\x1b[m\x1b[K\xe2\x80\x99 is not a member of \xe2\x80\x98\x1b[01m\x1b[Ksl::RESOLUTION\x1b[m\x1b[K\xe2\x80\x99\n'}
[27.739145] (zed_components) StderrLine: {'line': b'  433 |       _camResol = sl::RESOLUTION::\x1b[01;31m\x1b[KHD1536\x1b[m\x1b[K;\n'}
[27.739345] (zed_components) StderrLine: {'line': b'      |                                   \x1b[01;31m\x1b[K^~~~~~\x1b[m\x1b[K\n'}
[27.739619] (zed_components) StderrLine: {'line': b'\x1b[01m\x1b[K/home/wolfwagen/Undergrad_Minchan_Folder/ROOMBA_PROJECT_1/roomba_src/zed-ros2-wrapper/zed_components/src/zed_camera_one/src/zed_camera_one_component_main.cpp:438:65:\x1b[m\x1b[K \x1b[01;31m\x1b[Kerror: \x1b[m\x1b[K\xe2\x80\x98\x1b[01m\x1b[KZED_XONE_HDR\x1b[m\x1b[K\xe2\x80\x99 is not a member of \xe2\x80\x98\x1b[01m\x1b[Ksl::MODEL\x1b[m\x1b[K\xe2\x80\x99; did you mean \xe2\x80\x98\x1b[01m\x1b[KZED_XONE_UHD\x1b[m\x1b[K\xe2\x80\x99?\n'}
[27.739760] (zed_components) StderrLine: {'line': b'  438 |     } else if (resol == "HD1200" && _camUserModel != sl::MODEL::\x1b[01;31m\x1b[KZED_XONE_HDR\x1b[m\x1b[K) {\n'}
[27.739927] (zed_components) StderrLine: {'line': b'      |                                                                 \x1b[01;31m\x1b[K^~~~~~~~~~~~\x1b[m\x1b[K\n'}
[27.740089] (zed_components) StderrLine: {'line': b'      |                                                                 \x1b[32m\x1b[KZED_XONE_UHD\x1b[m\x1b[K\n'}
[27.740215] (zed_components) StderrLine: {'line': b'\x1b[01m\x1b[K/home/wolfwagen/Undergrad_Minchan_Folder/ROOMBA_PROJECT_1/roomba_src/zed-ros2-wrapper/zed_components/src/zed_camera_one/src/zed_camera_one_component_main.cpp:440:65:\x1b[m\x1b[K \x1b[01;31m\x1b[Kerror: \x1b[m\x1b[K\xe2\x80\x98\x1b[01m\x1b[KZED_XONE_HDR\x1b[m\x1b[K\xe2\x80\x99 is not a member of \xe2\x80\x98\x1b[01m\x1b[Ksl::MODEL\x1b[m\x1b[K\xe2\x80\x99; did you mean \xe2\x80\x98\x1b[01m\x1b[KZED_XONE_UHD\x1b[m\x1b[K\xe2\x80\x99?\n'}
[27.740491] (zed_components) StderrLine: {'line': b'  440 |     } else if (resol == "HD1080" && _camUserModel != sl::MODEL::\x1b[01;31m\x1b[KZED_XONE_HDR\x1b[m\x1b[K) {\n'}
[27.740619] (zed_components) StderrLine: {'line': b'      |                                                                 \x1b[01;31m\x1b[K^~~~~~~~~~~~\x1b[m\x1b[K\n'}
[27.740739] (zed_components) StderrLine: {'line': b'      |                                                                 \x1b[32m\x1b[KZED_XONE_UHD\x1b[m\x1b[K\n'}
[27.740856] (zed_components) StderrLine: {'line': b'\x1b[01m\x1b[K/home/wolfwagen/Undergrad_Minchan_Folder/ROOMBA_PROJECT_1/roomba_src/zed-ros2-wrapper/zed_components/src/zed_camera_one/src/zed_camera_one_component_main.cpp:442:63:\x1b[m\x1b[K \x1b[01;31m\x1b[Kerror: \x1b[m\x1b[K\xe2\x80\x98\x1b[01m\x1b[KZED_XONE_HDR\x1b[m\x1b[K\xe2\x80\x99 is not a member of \xe2\x80\x98\x1b[01m\x1b[Ksl::MODEL\x1b[m\x1b[K\xe2\x80\x99; did you mean \xe2\x80\x98\x1b[01m\x1b[KZED_XONE_UHD\x1b[m\x1b[K\xe2\x80\x99?\n'}
[27.740976] (zed_components) StderrLine: {'line': b'  442 |     } else if (resol == "SVGA" && _camUserModel != sl::MODEL::\x1b[01;31m\x1b[KZED_XONE_HDR\x1b[m\x1b[K) {\n'}
[27.741112] (zed_components) StderrLine: {'line': b'      |                                                               \x1b[01;31m\x1b[K^~~~~~~~~~~~\x1b[m\x1b[K\n'}
[27.741229] (zed_components) StderrLine: {'line': b'      |                                                               \x1b[32m\x1b[KZED_XONE_UHD\x1b[m\x1b[K\n'}
[27.766694] (zed_components) StderrLine: {'line': b'\x1b[01m\x1b[K/home/wolfwagen/Undergrad_Minchan_Folder/ROOMBA_PROJECT_1/roomba_src/zed-ros2-wrapper/zed_components/src/zed_camera/src/zed_camera_component_objdet.cpp:\x1b[m\x1b[K In member function \xe2\x80\x98\x1b[01m\x1b[Kvoid stereolabs::ZedCamera::processDetectedObjects(rclcpp::Time)\x1b[m\x1b[K\xe2\x80\x99:\n'}
[27.767197] (zed_components) StderrLine: {'line': b'\x1b[01m\x1b[K/home/wolfwagen/Undergrad_Minchan_Folder/ROOMBA_PROJECT_1/roomba_src/zed-ros2-wrapper/zed_components/src/zed_camera/src/zed_camera_component_objdet.cpp:1086:13:\x1b[m\x1b[K \x1b[01;31m\x1b[Kerror: \x1b[m\x1b[K\xe2\x80\x98\x1b[01m\x1b[Kusing element_type = class sl::Camera\x1b[m\x1b[K\xe2\x80\x99 {aka \xe2\x80\x98\x1b[01m\x1b[Kclass sl::Camera\x1b[m\x1b[K\xe2\x80\x99} has no member named \xe2\x80\x98\x1b[01m\x1b[KsetObjectDetectionRuntimeParameters\x1b[m\x1b[K\xe2\x80\x99; did you mean \xe2\x80\x98\x1b[01m\x1b[KgetObjectDetectionParameters\x1b[m\x1b[K\xe2\x80\x99?\n'}
[27.767384] (zed_components) StderrLine: {'line': b' 1086 |       mZed->\x1b[01;31m\x1b[KsetObjectDetectionRuntimeParameters\x1b[m\x1b[K(objectTracker_parameters_rt);\n'}
[27.767527] (zed_components) StderrLine: {'line': b'      |             \x1b[01;31m\x1b[K^~~~~~~~~~~~~~~~~~~~~~~~~~~~~~~~~~~\x1b[m\x1b[K\n'}
[27.767653] (zed_components) StderrLine: {'line': b'      |             \x1b[32m\x1b[KgetObjectDetectionParameters\x1b[m\x1b[K\n'}
[27.816907] (-) TimerEvent: {}
[27.879783] (zed_components) StderrLine: {'line': b'\x1b[01m\x1b[K/home/wolfwagen/Undergrad_Minchan_Folder/ROOMBA_PROJECT_1/roomba_src/zed-ros2-wrapper/zed_components/src/zed_camera_one/src/zed_camera_one_component_main.cpp:\x1b[m\x1b[K In member function \xe2\x80\x98\x1b[01m\x1b[Kvoid stereolabs::ZedCameraOne::processCameraInformation()\x1b[m\x1b[K\xe2\x80\x99:\n'}
[27.880360] (zed_components) StderrLine: {'line': b'\x1b[01m\x1b[K/home/wolfwagen/Undergrad_Minchan_Folder/ROOMBA_PROJECT_1/roomba_src/zed-ros2-wrapper/zed_components/src/zed_camera_one/src/zed_camera_one_component_main.cpp:1025:44:\x1b[m\x1b[K \x1b[01;31m\x1b[Kerror: \x1b[m\x1b[K\xe2\x80\x98\x1b[01m\x1b[KZED_XONE_HDR\x1b[m\x1b[K\xe2\x80\x99 is not a member of \xe2\x80\x98\x1b[01m\x1b[Ksl::MODEL\x1b[m\x1b[K\xe2\x80\x99; did you mean \xe2\x80\x98\x1b[01m\x1b[KZED_XONE_UHD\x1b[m\x1b[K\xe2\x80\x99?\n'}
[27.880541] (zed_components) StderrLine: {'line': b' 1025 |     } else if (_camRealModel == sl::MODEL::\x1b[01;31m\x1b[KZED_XONE_HDR\x1b[m\x1b[K) {\n'}
[27.880681] (zed_components) StderrLine: {'line': b'      |                                            \x1b[01;31m\x1b[K^~~~~~~~~~~~\x1b[m\x1b[K\n'}
[27.880810] (zed_components) StderrLine: {'line': b'      |                                            \x1b[32m\x1b[KZED_XONE_UHD\x1b[m\x1b[K\n'}
[27.892152] (zed_components) StderrLine: {'line': b'In file included from \x1b[01m\x1b[K/opt/ros/humble/include/rclcpp/rclcpp/logging.hpp:24\x1b[m\x1b[K,\n'}
[27.892878] (zed_components) StderrLine: {'line': b'                 from \x1b[01m\x1b[K/opt/ros/humble/include/rclcpp/rclcpp/client.hpp:40\x1b[m\x1b[K,\n'}
[27.893369] (zed_components) StderrLine: {'line': b'                 from \x1b[01m\x1b[K/opt/ros/humble/include/rclcpp/rclcpp/callback_group.hpp:24\x1b[m\x1b[K,\n'}
[27.893667] (zed_components) StderrLine: {'line': b'                 from \x1b[01m\x1b[K/opt/ros/humble/include/rclcpp/rclcpp/any_executable.hpp:20\x1b[m\x1b[K,\n'}
[27.893819] (zed_components) StderrLine: {'line': b'                 from \x1b[01m\x1b[K/opt/ros/humble/include/rclcpp/rclcpp/memory_strategy.hpp:25\x1b[m\x1b[K,\n'}
[27.893950] (zed_components) StderrLine: {'line': b'                 from \x1b[01m\x1b[K/opt/ros/humble/include/rclcpp/rclcpp/memory_strategies.hpp:18\x1b[m\x1b[K,\n'}
[27.894072] (zed_components) StderrLine: {'line': b'                 from \x1b[01m\x1b[K/opt/ros/humble/include/rclcpp/rclcpp/executor_options.hpp:20\x1b[m\x1b[K,\n'}
[27.894186] (zed_components) StderrLine: {'line': b'                 from \x1b[01m\x1b[K/opt/ros/humble/include/rclcpp/rclcpp/executor.hpp:37\x1b[m\x1b[K,\n'}
[27.894302] (zed_components) StderrLine: {'line': b'                 from \x1b[01m\x1b[K/opt/ros/humble/include/rclcpp/rclcpp/executors/multi_threaded_executor.hpp:25\x1b[m\x1b[K,\n'}
[27.894468] (zed_components) StderrLine: {'line': b'                 from \x1b[01m\x1b[K/opt/ros/humble/include/rclcpp/rclcpp/executors.hpp:21\x1b[m\x1b[K,\n'}
[27.894584] (zed_components) StderrLine: {'line': b'                 from \x1b[01m\x1b[K/opt/ros/humble/include/rclcpp/rclcpp/rclcpp.hpp:155\x1b[m\x1b[K,\n'}
[27.894696] (zed_components) StderrLine: {'line': b'                 from \x1b[01m\x1b[K/home/wolfwagen/Undergrad_Minchan_Folder/ROOMBA_PROJECT_1/roomba_src/zed-ros2-wrapper/zed_components/src/tools/include/sl_tools.hpp:22\x1b[m\x1b[K,\n'}
[27.894832] (zed_components) StderrLine: {'line': b'                 from \x1b[01m\x1b[K/home/wolfwagen/Undergrad_Minchan_Folder/ROOMBA_PROJECT_1/roomba_src/zed-ros2-wrapper/zed_components/src/zed_camera_one/include/zed_camera_one_component.hpp:24\x1b[m\x1b[K,\n'}
[27.894956] (zed_components) StderrLine: {'line': b'                 from \x1b[01m\x1b[K/home/wolfwagen/Undergrad_Minchan_Folder/ROOMBA_PROJECT_1/roomba_src/zed-ros2-wrapper/zed_components/src/zed_camera_one/src/zed_camera_one_component_main.cpp:15\x1b[m\x1b[K:\n'}
[27.895072] (zed_components) StderrLine: {'line': b'\x1b[01m\x1b[K/home/wolfwagen/Undergrad_Minchan_Folder/ROOMBA_PROJECT_1/roomba_src/zed-ros2-wrapper/zed_components/src/zed_camera_one/src/zed_camera_one_component_main.cpp:1057:21:\x1b[m\x1b[K \x1b[01;35m\x1b[Kwarning: \x1b[m\x1b[Kformat \xe2\x80\x98\x1b[01m\x1b[K%d\x1b[m\x1b[K\xe2\x80\x99 expects argument of type \xe2\x80\x98\x1b[01m\x1b[Kint\x1b[m\x1b[K\xe2\x80\x99, but argument 5 has type \xe2\x80\x98\x1b[01m\x1b[Ksize_t\x1b[m\x1b[K\xe2\x80\x99 {aka \xe2\x80\x98\x1b[01m\x1b[Klong unsigned int\x1b[m\x1b[K\xe2\x80\x99} [\x1b[01;35m\x1b[K\x1b]8;;https://gcc.gnu.org/onlinedocs/gcc/Warning-Options.html#index-Wformat=\x07-Wformat=\x1b]8;;\x07\x1b[m\x1b[K]\n'}
[27.895235] (zed_components) StderrLine: {'line': b' 1057 |       get_logger(), \x1b[01;35m\x1b[K" * SVO resolution\\t-> %dx%d"\x1b[m\x1b[K,\n'}
[27.895353] (zed_components) StderrLine: {'line': b'      |                     \x1b[01;35m\x1b[K^~~~~~~~~~~~~~~~~~~~~~~~~~~~~\x1b[m\x1b[K\n'}
[27.895465] (zed_components) StderrLine: {'line': b' 1058 |       \x1b[32m\x1b[KcamInfo.camera_configuration.resolution.width\x1b[m\x1b[K,\n'}
[27.895575] (zed_components) StderrLine: {'line': b'      |       \x1b[32m\x1b[K~~~~~~~~~~~~~~~~~~~~~~~~~~~~~~~~~~~~~~~~~~~~~\x1b[m\x1b[K\n'}
[27.895682] (zed_components) StderrLine: {'line': b'      |                                               \x1b[32m\x1b[K|\x1b[m\x1b[K\n'}
[27.895791] (zed_components) StderrLine: {'line': b'      |                                               \x1b[32m\x1b[Ksize_t {aka long unsigned int}\x1b[m\x1b[K\n'}
[27.895899] (zed_components) StderrLine: {'line': b'\x1b[01m\x1b[K/home/wolfwagen/Undergrad_Minchan_Folder/ROOMBA_PROJECT_1/roomba_src/zed-ros2-wrapper/zed_components/src/zed_camera_one/src/zed_camera_one_component_main.cpp:1057:45:\x1b[m\x1b[K \x1b[01;36m\x1b[Knote: \x1b[m\x1b[Kformat string is defined here\n'}
[27.896054] (zed_components) StderrLine: {'line': b' 1057 |       get_logger(), " * SVO resolution\\t-> \x1b[01;36m\x1b[K%d\x1b[m\x1b[Kx%d",\n'}
[27.896166] (zed_components) StderrLine: {'line': b'      |                                            \x1b[01;36m\x1b[K~^\x1b[m\x1b[K\n'}
[27.896274] (zed_components) StderrLine: {'line': b'      |                                             \x1b[01;36m\x1b[K|\x1b[m\x1b[K\n'}
[27.896382] (zed_components) StderrLine: {'line': b'      |                                             \x1b[01;36m\x1b[Kint\x1b[m\x1b[K\n'}
[27.896492] (zed_components) StderrLine: {'line': b'      |                                            \x1b[32m\x1b[K%ld\x1b[m\x1b[K\n'}
[27.896601] (zed_components) StderrLine: {'line': b'In file included from \x1b[01m\x1b[K/opt/ros/humble/include/rclcpp/rclcpp/logging.hpp:24\x1b[m\x1b[K,\n'}
[27.896709] (zed_components) StderrLine: {'line': b'                 from \x1b[01m\x1b[K/opt/ros/humble/include/rclcpp/rclcpp/client.hpp:40\x1b[m\x1b[K,\n'}
[27.896816] (zed_components) StderrLine: {'line': b'                 from \x1b[01m\x1b[K/opt/ros/humble/include/rclcpp/rclcpp/callback_group.hpp:24\x1b[m\x1b[K,\n'}
[27.896923] (zed_components) StderrLine: {'line': b'                 from \x1b[01m\x1b[K/opt/ros/humble/include/rclcpp/rclcpp/any_executable.hpp:20\x1b[m\x1b[K,\n'}
[27.897030] (zed_components) StderrLine: {'line': b'                 from \x1b[01m\x1b[K/opt/ros/humble/include/rclcpp/rclcpp/memory_strategy.hpp:25\x1b[m\x1b[K,\n'}
[27.897142] (zed_components) StderrLine: {'line': b'                 from \x1b[01m\x1b[K/opt/ros/humble/include/rclcpp/rclcpp/memory_strategies.hpp:18\x1b[m\x1b[K,\n'}
[27.897250] (zed_components) StderrLine: {'line': b'                 from \x1b[01m\x1b[K/opt/ros/humble/include/rclcpp/rclcpp/executor_options.hpp:20\x1b[m\x1b[K,\n'}
[27.897355] (zed_components) StderrLine: {'line': b'                 from \x1b[01m\x1b[K/opt/ros/humble/include/rclcpp/rclcpp/executor.hpp:37\x1b[m\x1b[K,\n'}
[27.897462] (zed_components) StderrLine: {'line': b'                 from \x1b[01m\x1b[K/opt/ros/humble/include/rclcpp/rclcpp/executors/multi_threaded_executor.hpp:25\x1b[m\x1b[K,\n'}
[27.897568] (zed_components) StderrLine: {'line': b'                 from \x1b[01m\x1b[K/opt/ros/humble/include/rclcpp/rclcpp/executors.hpp:21\x1b[m\x1b[K,\n'}
[27.897679] (zed_components) StderrLine: {'line': b'                 from \x1b[01m\x1b[K/opt/ros/humble/include/rclcpp/rclcpp/rclcpp.hpp:155\x1b[m\x1b[K,\n'}
[27.897788] (zed_components) StderrLine: {'line': b'                 from \x1b[01m\x1b[K/home/wolfwagen/Undergrad_Minchan_Folder/ROOMBA_PROJECT_1/roomba_src/zed-ros2-wrapper/zed_components/src/tools/include/sl_tools.hpp:22\x1b[m\x1b[K,\n'}
[27.897925] (zed_components) StderrLine: {'line': b'                 from \x1b[01m\x1b[K/home/wolfwagen/Undergrad_Minchan_Folder/ROOMBA_PROJECT_1/roomba_src/zed-ros2-wrapper/zed_components/src/zed_camera_one/include/zed_camera_one_component.hpp:24\x1b[m\x1b[K,\n'}
[27.898039] (zed_components) StderrLine: {'line': b'                 from \x1b[01m\x1b[K/home/wolfwagen/Undergrad_Minchan_Folder/ROOMBA_PROJECT_1/roomba_src/zed-ros2-wrapper/zed_components/src/zed_camera_one/src/zed_camera_one_component_main.cpp:15\x1b[m\x1b[K:\n'}
[27.898150] (zed_components) StderrLine: {'line': b'\x1b[01m\x1b[K/home/wolfwagen/Undergrad_Minchan_Folder/ROOMBA_PROJECT_1/roomba_src/zed-ros2-wrapper/zed_components/src/zed_camera_one/src/zed_camera_one_component_main.cpp:1057:21:\x1b[m\x1b[K \x1b[01;35m\x1b[Kwarning: \x1b[m\x1b[Kformat \xe2\x80\x98\x1b[01m\x1b[K%d\x1b[m\x1b[K\xe2\x80\x99 expects argument of type \xe2\x80\x98\x1b[01m\x1b[Kint\x1b[m\x1b[K\xe2\x80\x99, but argument 6 has type \xe2\x80\x98\x1b[01m\x1b[Ksize_t\x1b[m\x1b[K\xe2\x80\x99 {aka \xe2\x80\x98\x1b[01m\x1b[Klong unsigned int\x1b[m\x1b[K\xe2\x80\x99} [\x1b[01;35m\x1b[K\x1b]8;;https://gcc.gnu.org/onlinedocs/gcc/Warning-Options.html#index-Wformat=\x07-Wformat=\x1b]8;;\x07\x1b[m\x1b[K]\n'}
[27.898307] (zed_components) StderrLine: {'line': b' 1057 |       get_logger(), \x1b[01;35m\x1b[K" * SVO resolution\\t-> %dx%d"\x1b[m\x1b[K,\n'}
[27.898420] (zed_components) StderrLine: {'line': b'      |                     \x1b[01;35m\x1b[K^~~~~~~~~~~~~~~~~~~~~~~~~~~~~\x1b[m\x1b[K\n'}
[27.898531] (zed_components) StderrLine: {'line': b' 1058 |       camInfo.camera_configuration.resolution.width,\n'}
[27.898644] (zed_components) StderrLine: {'line': b' 1059 |       \x1b[32m\x1b[KcamInfo.camera_configuration.resolution.height\x1b[m\x1b[K);\n'}
[27.898768] (zed_components) StderrLine: {'line': b'      |       \x1b[32m\x1b[K~~~~~~~~~~~~~~~~~~~~~~~~~~~~~~~~~~~~~~~~~~~~~~\x1b[m\x1b[K\n'}
[27.898880] (zed_components) StderrLine: {'line': b'      |                                               \x1b[32m\x1b[K|\x1b[m\x1b[K\n'}
[27.898987] (zed_components) StderrLine: {'line': b'      |                                               \x1b[32m\x1b[Ksize_t {aka long unsigned int}\x1b[m\x1b[K\n'}
[27.899097] (zed_components) StderrLine: {'line': b'\x1b[01m\x1b[K/home/wolfwagen/Undergrad_Minchan_Folder/ROOMBA_PROJECT_1/roomba_src/zed-ros2-wrapper/zed_components/src/zed_camera_one/src/zed_camera_one_component_main.cpp:1057:48:\x1b[m\x1b[K \x1b[01;36m\x1b[Knote: \x1b[m\x1b[Kformat string is defined here\n'}
[27.899208] (zed_components) StderrLine: {'line': b' 1057 |       get_logger(), " * SVO resolution\\t-> %dx\x1b[01;36m\x1b[K%d\x1b[m\x1b[K",\n'}
[27.899316] (zed_components) StderrLine: {'line': b'      |                                               \x1b[01;36m\x1b[K~^\x1b[m\x1b[K\n'}
[27.899425] (zed_components) StderrLine: {'line': b'      |                                                \x1b[01;36m\x1b[K|\x1b[m\x1b[K\n'}
[27.899533] (zed_components) StderrLine: {'line': b'      |                                                \x1b[01;36m\x1b[Kint\x1b[m\x1b[K\n'}
[27.899639] (zed_components) StderrLine: {'line': b'      |                                               \x1b[32m\x1b[K%ld\x1b[m\x1b[K\n'}
[27.917102] (-) TimerEvent: {}
[28.018305] (-) TimerEvent: {}
[28.119505] (-) TimerEvent: {}
[28.220847] (-) TimerEvent: {}
[28.321583] (-) TimerEvent: {}
[28.422336] (-) TimerEvent: {}
[28.523114] (-) TimerEvent: {}
[28.623868] (-) TimerEvent: {}
[28.724605] (-) TimerEvent: {}
[28.816430] (zed_components) StdoutLine: {'line': b'[ 82%] \x1b[32mBuilding CXX object CMakeFiles/zed_camera_one_component.dir/src/zed_camera_one/src/zed_camera_one_component_video.cpp.o\x1b[0m\n'}
[28.824807] (-) TimerEvent: {}
[28.925544] (-) TimerEvent: {}
[29.026268] (-) TimerEvent: {}
[29.127735] (-) TimerEvent: {}
[29.228939] (-) TimerEvent: {}
[29.330183] (-) TimerEvent: {}
[29.431437] (-) TimerEvent: {}
[29.532690] (-) TimerEvent: {}
[29.633966] (-) TimerEvent: {}
[29.735200] (-) TimerEvent: {}
[29.836426] (-) TimerEvent: {}
[29.937615] (-) TimerEvent: {}
[30.038859] (-) TimerEvent: {}
[30.139806] (-) TimerEvent: {}
[30.240577] (-) TimerEvent: {}
[30.341314] (-) TimerEvent: {}
[30.442062] (-) TimerEvent: {}
[30.542836] (-) TimerEvent: {}
[30.643617] (-) TimerEvent: {}
[30.744341] (-) TimerEvent: {}
[30.845083] (-) TimerEvent: {}
[30.945862] (-) TimerEvent: {}
[31.046644] (-) TimerEvent: {}
[31.147435] (-) TimerEvent: {}
[31.248258] (-) TimerEvent: {}
[31.349103] (-) TimerEvent: {}
[31.449879] (-) TimerEvent: {}
[31.550666] (-) TimerEvent: {}
[31.651445] (-) TimerEvent: {}
[31.752231] (-) TimerEvent: {}
[31.853209] (-) TimerEvent: {}
[31.954238] (-) TimerEvent: {}
[32.055276] (-) TimerEvent: {}
[32.156362] (-) TimerEvent: {}
[32.257397] (-) TimerEvent: {}
[32.358456] (-) TimerEvent: {}
[32.459899] (-) TimerEvent: {}
[32.566877] (-) TimerEvent: {}
[32.668357] (-) TimerEvent: {}
[32.769688] (-) TimerEvent: {}
[32.871177] (-) TimerEvent: {}
[32.972563] (-) TimerEvent: {}
[33.074197] (-) TimerEvent: {}
[33.175680] (-) TimerEvent: {}
[33.277169] (-) TimerEvent: {}
[33.378675] (-) TimerEvent: {}
[33.480139] (-) TimerEvent: {}
[33.581634] (-) TimerEvent: {}
[33.683137] (-) TimerEvent: {}
[33.784646] (-) TimerEvent: {}
[33.886137] (-) TimerEvent: {}
[33.945692] (zed_components) StderrLine: {'line': b'gmake[2]: *** [CMakeFiles/zed_camera_component.dir/build.make:160: CMakeFiles/zed_camera_component.dir/src/zed_camera/src/zed_camera_component_objdet.cpp.o] Error 1\n'}
[33.946175] (zed_components) StderrLine: {'line': b'gmake[2]: *** Waiting for unfinished jobs....\n'}
[33.986324] (-) TimerEvent: {}
[34.087311] (-) TimerEvent: {}
[34.188058] (-) TimerEvent: {}
[34.288786] (-) TimerEvent: {}
[34.389539] (-) TimerEvent: {}
[34.490702] (-) TimerEvent: {}
[34.592219] (-) TimerEvent: {}
[34.693641] (-) TimerEvent: {}
[34.795035] (-) TimerEvent: {}
[34.896678] (-) TimerEvent: {}
[34.997976] (-) TimerEvent: {}
[35.099581] (-) TimerEvent: {}
[35.201123] (-) TimerEvent: {}
[35.302417] (-) TimerEvent: {}
[35.403818] (-) TimerEvent: {}
[35.504909] (-) TimerEvent: {}
[35.605923] (-) TimerEvent: {}
[35.706942] (-) TimerEvent: {}
[35.808044] (-) TimerEvent: {}
[35.909051] (-) TimerEvent: {}
[36.010210] (-) TimerEvent: {}
[36.111599] (-) TimerEvent: {}
[36.212697] (-) TimerEvent: {}
[36.313756] (-) TimerEvent: {}
[36.414761] (-) TimerEvent: {}
[36.515775] (-) TimerEvent: {}
[36.616859] (-) TimerEvent: {}
[36.717846] (-) TimerEvent: {}
[36.818947] (-) TimerEvent: {}
[36.920314] (-) TimerEvent: {}
[37.021752] (-) TimerEvent: {}
[37.123051] (-) TimerEvent: {}
[37.137460] (zed_components) StderrLine: {'line': b'gmake[2]: *** [CMakeFiles/zed_camera_one_component.dir/build.make:132: CMakeFiles/zed_camera_one_component.dir/src/zed_camera_one/src/zed_camera_one_component_main.cpp.o] Error 1\n'}
[37.138156] (zed_components) StderrLine: {'line': b'gmake[2]: *** Waiting for unfinished jobs....\n'}
[37.223229] (-) TimerEvent: {}
[37.323986] (-) TimerEvent: {}
[37.424681] (-) TimerEvent: {}
[37.525367] (-) TimerEvent: {}
[37.626001] (-) TimerEvent: {}
[37.726684] (-) TimerEvent: {}
[37.827382] (-) TimerEvent: {}
[37.928093] (-) TimerEvent: {}
[38.028800] (-) TimerEvent: {}
[38.129530] (-) TimerEvent: {}
[38.230239] (-) TimerEvent: {}
[38.330949] (-) TimerEvent: {}
[38.431622] (-) TimerEvent: {}
[38.532331] (-) TimerEvent: {}
[38.633076] (-) TimerEvent: {}
[38.733785] (-) TimerEvent: {}
[38.834509] (-) TimerEvent: {}
[38.935235] (-) TimerEvent: {}
[39.035933] (-) TimerEvent: {}
[39.136660] (-) TimerEvent: {}
[39.237380] (-) TimerEvent: {}
[39.338084] (-) TimerEvent: {}
[39.438772] (-) TimerEvent: {}
[39.539440] (-) TimerEvent: {}
[39.640121] (-) TimerEvent: {}
[39.740811] (-) TimerEvent: {}
[39.841491] (-) TimerEvent: {}
[39.942166] (-) TimerEvent: {}
[40.043442] (-) TimerEvent: {}
[40.144206] (-) TimerEvent: {}
[40.244891] (-) TimerEvent: {}
[40.345608] (-) TimerEvent: {}
[40.446280] (-) TimerEvent: {}
[40.546968] (-) TimerEvent: {}
[40.647673] (-) TimerEvent: {}
[40.748413] (-) TimerEvent: {}
[40.849119] (-) TimerEvent: {}
[40.949917] (-) TimerEvent: {}
[41.050628] (-) TimerEvent: {}
[41.151329] (-) TimerEvent: {}
[41.252076] (-) TimerEvent: {}
[41.352796] (-) TimerEvent: {}
[41.453505] (-) TimerEvent: {}
[41.554165] (-) TimerEvent: {}
[41.654932] (-) TimerEvent: {}
[41.755661] (-) TimerEvent: {}
[41.856406] (-) TimerEvent: {}
[41.957103] (-) TimerEvent: {}
[42.057781] (-) TimerEvent: {}
[42.158451] (-) TimerEvent: {}
[42.259142] (-) TimerEvent: {}
[42.359832] (-) TimerEvent: {}
[42.460549] (-) TimerEvent: {}
[42.561205] (-) TimerEvent: {}
[42.661858] (-) TimerEvent: {}
[42.762539] (-) TimerEvent: {}
[42.863218] (-) TimerEvent: {}
[42.963928] (-) TimerEvent: {}
[43.064651] (-) TimerEvent: {}
[43.165357] (-) TimerEvent: {}
[43.266079] (-) TimerEvent: {}
[43.366794] (-) TimerEvent: {}
[43.467474] (-) TimerEvent: {}
[43.568191] (-) TimerEvent: {}
[43.668876] (-) TimerEvent: {}
[43.769749] (-) TimerEvent: {}
[43.870433] (-) TimerEvent: {}
[43.971106] (-) TimerEvent: {}
[44.071781] (-) TimerEvent: {}
[44.172478] (-) TimerEvent: {}
[44.273144] (-) TimerEvent: {}
[44.373813] (-) TimerEvent: {}
[44.474498] (-) TimerEvent: {}
[44.575175] (-) TimerEvent: {}
[44.675861] (-) TimerEvent: {}
[44.776532] (-) TimerEvent: {}
[44.877213] (-) TimerEvent: {}
[44.946633] (zed_components) StderrLine: {'line': b'gmake[2]: *** [CMakeFiles/zed_camera_component.dir/build.make:132: CMakeFiles/zed_camera_component.dir/src/zed_camera/src/zed_camera_component_main.cpp.o] Error 1\n'}
[44.977390] (-) TimerEvent: {}
[45.078173] (-) TimerEvent: {}
[45.178857] (-) TimerEvent: {}
[45.279547] (-) TimerEvent: {}
[45.380291] (-) TimerEvent: {}
[45.481001] (-) TimerEvent: {}
[45.581719] (-) TimerEvent: {}
[45.682438] (-) TimerEvent: {}
[45.783131] (-) TimerEvent: {}
[45.883816] (-) TimerEvent: {}
[45.984539] (-) TimerEvent: {}
[46.085953] (-) TimerEvent: {}
[46.186637] (-) TimerEvent: {}
[46.287327] (-) TimerEvent: {}
[46.388042] (-) TimerEvent: {}
[46.488706] (-) TimerEvent: {}
[46.589386] (-) TimerEvent: {}
[46.690069] (-) TimerEvent: {}
[46.790748] (-) TimerEvent: {}
[46.891440] (-) TimerEvent: {}
[46.992118] (-) TimerEvent: {}
[47.092805] (-) TimerEvent: {}
[47.193447] (-) TimerEvent: {}
[47.294105] (-) TimerEvent: {}
[47.394791] (-) TimerEvent: {}
[47.495459] (-) TimerEvent: {}
[47.596121] (-) TimerEvent: {}
[47.696779] (-) TimerEvent: {}
[47.797460] (-) TimerEvent: {}
[47.898142] (-) TimerEvent: {}
[47.998851] (-) TimerEvent: {}
[48.099551] (-) TimerEvent: {}
[48.200256] (-) TimerEvent: {}
[48.300946] (-) TimerEvent: {}
[48.401642] (-) TimerEvent: {}
[48.502322] (-) TimerEvent: {}
[48.603012] (-) TimerEvent: {}
[48.703681] (-) TimerEvent: {}
[48.804395] (-) TimerEvent: {}
[48.905081] (-) TimerEvent: {}
[49.005764] (-) TimerEvent: {}
[49.106415] (-) TimerEvent: {}
[49.207106] (-) TimerEvent: {}
[49.307806] (-) TimerEvent: {}
[49.408490] (-) TimerEvent: {}
[49.509176] (-) TimerEvent: {}
[49.609835] (-) TimerEvent: {}
[49.710506] (-) TimerEvent: {}
[49.811184] (-) TimerEvent: {}
[49.911847] (-) TimerEvent: {}
[50.012576] (-) TimerEvent: {}
[50.113271] (-) TimerEvent: {}
[50.213964] (-) TimerEvent: {}
[50.314647] (-) TimerEvent: {}
[50.415314] (-) TimerEvent: {}
[50.516002] (-) TimerEvent: {}
[50.616663] (-) TimerEvent: {}
[50.717333] (-) TimerEvent: {}
[50.818003] (-) TimerEvent: {}
[50.918660] (-) TimerEvent: {}
[51.019321] (-) TimerEvent: {}
[51.119996] (-) TimerEvent: {}
[51.220664] (-) TimerEvent: {}
[51.321350] (-) TimerEvent: {}
[51.422063] (-) TimerEvent: {}
[51.522731] (-) TimerEvent: {}
[51.623363] (-) TimerEvent: {}
[51.724067] (-) TimerEvent: {}
[51.824739] (-) TimerEvent: {}
[51.925434] (-) TimerEvent: {}
[52.026144] (-) TimerEvent: {}
[52.126836] (-) TimerEvent: {}
[52.227516] (-) TimerEvent: {}
[52.328152] (-) TimerEvent: {}
[52.428818] (-) TimerEvent: {}
[52.529456] (-) TimerEvent: {}
[52.630132] (-) TimerEvent: {}
[52.730775] (-) TimerEvent: {}
[52.831424] (-) TimerEvent: {}
[52.932093] (-) TimerEvent: {}
[53.032733] (-) TimerEvent: {}
[53.059826] (zed_components) StderrLine: {'line': b'gmake[1]: *** [CMakeFiles/Makefile2:166: CMakeFiles/zed_camera_component.dir/all] Error 2\n'}
[53.060876] (zed_components) StderrLine: {'line': b'gmake[1]: *** Waiting for unfinished jobs....\n'}
[53.133184] (-) TimerEvent: {}
[53.233960] (-) TimerEvent: {}
[53.334753] (-) TimerEvent: {}
[53.354507] (zed_components) StderrLine: {'line': b'gmake[1]: *** [CMakeFiles/Makefile2:192: CMakeFiles/zed_camera_one_component.dir/all] Error 2\n'}
[53.355132] (zed_components) StderrLine: {'line': b'gmake: *** [Makefile:146: all] Error 2\n'}
[53.370631] (zed_components) CommandEnded: {'returncode': 2}
[53.391536] (zed_components) JobEnded: {'identifier': 'zed_components', 'rc': 2}
[53.403791] (zed_debug) JobSkipped: {'identifier': 'zed_debug'}
[53.404354] (zed_wrapper) JobSkipped: {'identifier': 'zed_wrapper'}
[53.404588] (zed_ros2) JobSkipped: {'identifier': 'zed_ros2'}
[53.404686] (-) EventReactorShutdown: {}
