[0.209s] DEBUG:colcon:Command line arguments: ['/usr/bin/colcon', 'build', '--symlink-install']
[0.209s] DEBUG:colcon:Parsed command line arguments: Namespace(log_base=None, log_level=None, verb_name='build', build_base='build', install_base='install', merge_install=False, symlink_install=True, test_result_base=None, continue_on_error=False, executor='parallel', parallel_workers=6, event_handlers=None, ignore_user_meta=False, metas=['./colcon.meta'], base_paths=['.'], packages_ignore=None, packages_ignore_regex=None, paths=None, packages_up_to=None, packages_up_to_regex=None, packages_above=None, packages_above_and_dependencies=None, packages_above_depth=None, packages_select_by_dep=None, packages_skip_by_dep=None, packages_skip_up_to=None, packages_select_build_failed=False, packages_skip_build_finished=False, packages_select_test_failures=False, packages_skip_test_passed=False, packages_select=None, packages_skip=None, packages_select_regex=None, packages_skip_regex=None, packages_start=None, packages_end=None, allow_overriding=[], cmake_args=None, cmake_target=None, cmake_target_skip_unavailable=False, cmake_clean_cache=False, cmake_clean_first=False, cmake_force_configure=False, ament_cmake_args=None, catkin_cmake_args=None, catkin_skip_building_tests=False, mixin_files=None, mixin=None, verb_parser=<colcon_mixin.mixin.mixin_argument.MixinArgumentDecorator object at 0xffff937d5f90>, verb_extension=<colcon_core.verb.build.BuildVerb object at 0xffff937d55d0>, main=<bound method BuildVerb.main of <colcon_core.verb.build.BuildVerb object at 0xffff937d55d0>>, mixin_verb=('build',))
[0.534s] Level 1:colcon.colcon_core.package_discovery:discover_packages(colcon_meta) check parameters
[0.535s] Level 1:colcon.colcon_core.package_discovery:discover_packages(recursive) check parameters
[0.535s] Level 1:colcon.colcon_core.package_discovery:discover_packages(ignore) check parameters
[0.535s] Level 1:colcon.colcon_core.package_discovery:discover_packages(path) check parameters
[0.535s] Level 1:colcon.colcon_core.package_discovery:discover_packages(colcon_meta) discover
[0.535s] Level 1:colcon.colcon_core.package_discovery:discover_packages(recursive) discover
[0.535s] INFO:colcon.colcon_core.package_discovery:Crawling recursively for packages in '/home/wolfwagen/Undergrad_Minchan_Folder/ROOMBA_PROJECT_1'
[0.535s] Level 1:colcon.colcon_core.package_identification:_identify(.) by extensions ['ignore', 'ignore_ament_install']
[0.536s] Level 1:colcon.colcon_core.package_identification:_identify(.) by extension 'ignore'
[0.536s] Level 1:colcon.colcon_core.package_identification:_identify(.) by extension 'ignore_ament_install'
[0.536s] Level 1:colcon.colcon_core.package_identification:_identify(.) by extensions ['colcon_pkg']
[0.536s] Level 1:colcon.colcon_core.package_identification:_identify(.) by extension 'colcon_pkg'
[0.536s] Level 1:colcon.colcon_core.package_identification:_identify(.) by extensions ['colcon_meta']
[0.536s] Level 1:colcon.colcon_core.package_identification:_identify(.) by extension 'colcon_meta'
[0.536s] Level 1:colcon.colcon_core.package_identification:_identify(.) by extensions ['ros']
[0.536s] Level 1:colcon.colcon_core.package_identification:_identify(.) by extension 'ros'
[0.557s] Level 1:colcon.colcon_core.package_identification:_identify(.) by extensions ['cmake', 'python']
[0.558s] Level 1:colcon.colcon_core.package_identification:_identify(.) by extension 'cmake'
[0.558s] Level 1:colcon.colcon_core.package_identification:_identify(.) by extension 'python'
[0.558s] Level 1:colcon.colcon_core.package_identification:_identify(.) by extensions ['python_setup_py']
[0.558s] Level 1:colcon.colcon_core.package_identification:_identify(.) by extension 'python_setup_py'
[0.558s] Level 1:colcon.colcon_core.package_identification:_identify(build) by extensions ['ignore', 'ignore_ament_install']
[0.558s] Level 1:colcon.colcon_core.package_identification:_identify(build) by extension 'ignore'
[0.559s] Level 1:colcon.colcon_core.package_identification:_identify(build) ignored
[0.559s] Level 1:colcon.colcon_core.package_identification:_identify(install) by extensions ['ignore', 'ignore_ament_install']
[0.559s] Level 1:colcon.colcon_core.package_identification:_identify(install) by extension 'ignore'
[0.559s] Level 1:colcon.colcon_core.package_identification:_identify(install) ignored
[0.559s] Level 1:colcon.colcon_core.package_identification:_identify(log) by extensions ['ignore', 'ignore_ament_install']
[0.560s] Level 1:colcon.colcon_core.package_identification:_identify(log) by extension 'ignore'
[0.560s] Level 1:colcon.colcon_core.package_identification:_identify(log) ignored
[0.560s] Level 1:colcon.colcon_core.package_identification:_identify(roomba_src) by extensions ['ignore', 'ignore_ament_install']
[0.560s] Level 1:colcon.colcon_core.package_identification:_identify(roomba_src) by extension 'ignore'
[0.560s] Level 1:colcon.colcon_core.package_identification:_identify(roomba_src) by extension 'ignore_ament_install'
[0.560s] Level 1:colcon.colcon_core.package_identification:_identify(roomba_src) by extensions ['colcon_pkg']
[0.560s] Level 1:colcon.colcon_core.package_identification:_identify(roomba_src) by extension 'colcon_pkg'
[0.560s] Level 1:colcon.colcon_core.package_identification:_identify(roomba_src) by extensions ['colcon_meta']
[0.560s] Level 1:colcon.colcon_core.package_identification:_identify(roomba_src) by extension 'colcon_meta'
[0.560s] Level 1:colcon.colcon_core.package_identification:_identify(roomba_src) by extensions ['ros']
[0.561s] Level 1:colcon.colcon_core.package_identification:_identify(roomba_src) by extension 'ros'
[0.561s] Level 1:colcon.colcon_core.package_identification:_identify(roomba_src) by extensions ['cmake', 'python']
[0.561s] Level 1:colcon.colcon_core.package_identification:_identify(roomba_src) by extension 'cmake'
[0.561s] Level 1:colcon.colcon_core.package_identification:_identify(roomba_src) by extension 'python'
[0.561s] Level 1:colcon.colcon_core.package_identification:_identify(roomba_src) by extensions ['python_setup_py']
[0.561s] Level 1:colcon.colcon_core.package_identification:_identify(roomba_src) by extension 'python_setup_py'
[0.561s] Level 1:colcon.colcon_core.package_identification:_identify(roomba_src/first_roomba_pkg) by extensions ['ignore', 'ignore_ament_install']
[0.561s] Level 1:colcon.colcon_core.package_identification:_identify(roomba_src/first_roomba_pkg) by extension 'ignore'
[0.561s] Level 1:colcon.colcon_core.package_identification:_identify(roomba_src/first_roomba_pkg) by extension 'ignore_ament_install'
[0.562s] Level 1:colcon.colcon_core.package_identification:_identify(roomba_src/first_roomba_pkg) by extensions ['colcon_pkg']
[0.562s] Level 1:colcon.colcon_core.package_identification:_identify(roomba_src/first_roomba_pkg) by extension 'colcon_pkg'
[0.562s] Level 1:colcon.colcon_core.package_identification:_identify(roomba_src/first_roomba_pkg) by extensions ['colcon_meta']
[0.562s] Level 1:colcon.colcon_core.package_identification:_identify(roomba_src/first_roomba_pkg) by extension 'colcon_meta'
[0.562s] Level 1:colcon.colcon_core.package_identification:_identify(roomba_src/first_roomba_pkg) by extensions ['ros']
[0.562s] Level 1:colcon.colcon_core.package_identification:_identify(roomba_src/first_roomba_pkg) by extension 'ros'
[0.567s] DEBUG:colcon.colcon_core.package_identification:Package 'roomba_src/first_roomba_pkg' with type 'ros.ament_python' and name 'first_roomba_pkg'
[0.567s] Level 1:colcon.colcon_core.package_identification:_identify(roomba_src/install) by extensions ['ignore', 'ignore_ament_install']
[0.567s] Level 1:colcon.colcon_core.package_identification:_identify(roomba_src/install) by extension 'ignore'
[0.567s] Level 1:colcon.colcon_core.package_identification:_identify(roomba_src/install) ignored
[0.567s] Level 1:colcon.colcon_core.package_identification:_identify(roomba_src/log) by extensions ['ignore', 'ignore_ament_install']
[0.568s] Level 1:colcon.colcon_core.package_identification:_identify(roomba_src/log) by extension 'ignore'
[0.568s] Level 1:colcon.colcon_core.package_identification:_identify(roomba_src/log) ignored
[0.568s] Level 1:colcon.colcon_core.package_identification:_identify(roomba_src/unilidar_sdk2) by extensions ['ignore', 'ignore_ament_install']
[0.568s] Level 1:colcon.colcon_core.package_identification:_identify(roomba_src/unilidar_sdk2) by extension 'ignore'
[0.568s] Level 1:colcon.colcon_core.package_identification:_identify(roomba_src/unilidar_sdk2) by extension 'ignore_ament_install'
[0.568s] Level 1:colcon.colcon_core.package_identification:_identify(roomba_src/unilidar_sdk2) by extensions ['colcon_pkg']
[0.568s] Level 1:colcon.colcon_core.package_identification:_identify(roomba_src/unilidar_sdk2) by extension 'colcon_pkg'
[0.569s] Level 1:colcon.colcon_core.package_identification:_identify(roomba_src/unilidar_sdk2) by extensions ['colcon_meta']
[0.569s] Level 1:colcon.colcon_core.package_identification:_identify(roomba_src/unilidar_sdk2) by extension 'colcon_meta'
[0.569s] Level 1:colcon.colcon_core.package_identification:_identify(roomba_src/unilidar_sdk2) by extensions ['ros']
[0.569s] Level 1:colcon.colcon_core.package_identification:_identify(roomba_src/unilidar_sdk2) by extension 'ros'
[0.569s] Level 1:colcon.colcon_core.package_identification:_identify(roomba_src/unilidar_sdk2) by extensions ['cmake', 'python']
[0.569s] Level 1:colcon.colcon_core.package_identification:_identify(roomba_src/unilidar_sdk2) by extension 'cmake'
[0.569s] Level 1:colcon.colcon_core.package_identification:_identify(roomba_src/unilidar_sdk2) by extension 'python'
[0.569s] Level 1:colcon.colcon_core.package_identification:_identify(roomba_src/unilidar_sdk2) by extensions ['python_setup_py']
[0.569s] Level 1:colcon.colcon_core.package_identification:_identify(roomba_src/unilidar_sdk2) by extension 'python_setup_py'
[0.569s] Level 1:colcon.colcon_core.package_identification:_identify(roomba_src/unilidar_sdk2/docs) by extensions ['ignore', 'ignore_ament_install']
[0.570s] Level 1:colcon.colcon_core.package_identification:_identify(roomba_src/unilidar_sdk2/docs) by extension 'ignore'
[0.570s] Level 1:colcon.colcon_core.package_identification:_identify(roomba_src/unilidar_sdk2/docs) by extension 'ignore_ament_install'
[0.570s] Level 1:colcon.colcon_core.package_identification:_identify(roomba_src/unilidar_sdk2/docs) by extensions ['colcon_pkg']
[0.570s] Level 1:colcon.colcon_core.package_identification:_identify(roomba_src/unilidar_sdk2/docs) by extension 'colcon_pkg'
[0.570s] Level 1:colcon.colcon_core.package_identification:_identify(roomba_src/unilidar_sdk2/docs) by extensions ['colcon_meta']
[0.570s] Level 1:colcon.colcon_core.package_identification:_identify(roomba_src/unilidar_sdk2/docs) by extension 'colcon_meta'
[0.570s] Level 1:colcon.colcon_core.package_identification:_identify(roomba_src/unilidar_sdk2/docs) by extensions ['ros']
[0.570s] Level 1:colcon.colcon_core.package_identification:_identify(roomba_src/unilidar_sdk2/docs) by extension 'ros'
[0.570s] Level 1:colcon.colcon_core.package_identification:_identify(roomba_src/unilidar_sdk2/docs) by extensions ['cmake', 'python']
[0.571s] Level 1:colcon.colcon_core.package_identification:_identify(roomba_src/unilidar_sdk2/docs) by extension 'cmake'
[0.571s] Level 1:colcon.colcon_core.package_identification:_identify(roomba_src/unilidar_sdk2/docs) by extension 'python'
[0.571s] Level 1:colcon.colcon_core.package_identification:_identify(roomba_src/unilidar_sdk2/docs) by extensions ['python_setup_py']
[0.571s] Level 1:colcon.colcon_core.package_identification:_identify(roomba_src/unilidar_sdk2/docs) by extension 'python_setup_py'
[0.571s] Level 1:colcon.colcon_core.package_identification:_identify(roomba_src/unilidar_sdk2/unitree_lidar_ros) by extensions ['ignore', 'ignore_ament_install']
[0.571s] Level 1:colcon.colcon_core.package_identification:_identify(roomba_src/unilidar_sdk2/unitree_lidar_ros) by extension 'ignore'
[0.571s] Level 1:colcon.colcon_core.package_identification:_identify(roomba_src/unilidar_sdk2/unitree_lidar_ros) by extension 'ignore_ament_install'
[0.571s] Level 1:colcon.colcon_core.package_identification:_identify(roomba_src/unilidar_sdk2/unitree_lidar_ros) by extensions ['colcon_pkg']
[0.571s] Level 1:colcon.colcon_core.package_identification:_identify(roomba_src/unilidar_sdk2/unitree_lidar_ros) by extension 'colcon_pkg'
[0.572s] Level 1:colcon.colcon_core.package_identification:_identify(roomba_src/unilidar_sdk2/unitree_lidar_ros) by extensions ['colcon_meta']
[0.572s] Level 1:colcon.colcon_core.package_identification:_identify(roomba_src/unilidar_sdk2/unitree_lidar_ros) by extension 'colcon_meta'
[0.572s] Level 1:colcon.colcon_core.package_identification:_identify(roomba_src/unilidar_sdk2/unitree_lidar_ros) by extensions ['ros']
[0.572s] Level 1:colcon.colcon_core.package_identification:_identify(roomba_src/unilidar_sdk2/unitree_lidar_ros) by extension 'ros'
[0.572s] Level 1:colcon.colcon_core.package_identification:_identify(roomba_src/unilidar_sdk2/unitree_lidar_ros) by extensions ['cmake', 'python']
[0.572s] Level 1:colcon.colcon_core.package_identification:_identify(roomba_src/unilidar_sdk2/unitree_lidar_ros) by extension 'cmake'
[0.572s] Level 1:colcon.colcon_core.package_identification:_identify(roomba_src/unilidar_sdk2/unitree_lidar_ros) by extension 'python'
[0.572s] Level 1:colcon.colcon_core.package_identification:_identify(roomba_src/unilidar_sdk2/unitree_lidar_ros) by extensions ['python_setup_py']
[0.572s] Level 1:colcon.colcon_core.package_identification:_identify(roomba_src/unilidar_sdk2/unitree_lidar_ros) by extension 'python_setup_py'
[0.573s] Level 1:colcon.colcon_core.package_identification:_identify(roomba_src/unilidar_sdk2/unitree_lidar_ros/src) by extensions ['ignore', 'ignore_ament_install']
[0.573s] Level 1:colcon.colcon_core.package_identification:_identify(roomba_src/unilidar_sdk2/unitree_lidar_ros/src) by extension 'ignore'
[0.573s] Level 1:colcon.colcon_core.package_identification:_identify(roomba_src/unilidar_sdk2/unitree_lidar_ros/src) by extension 'ignore_ament_install'
[0.573s] Level 1:colcon.colcon_core.package_identification:_identify(roomba_src/unilidar_sdk2/unitree_lidar_ros/src) by extensions ['colcon_pkg']
[0.573s] Level 1:colcon.colcon_core.package_identification:_identify(roomba_src/unilidar_sdk2/unitree_lidar_ros/src) by extension 'colcon_pkg'
[0.573s] Level 1:colcon.colcon_core.package_identification:_identify(roomba_src/unilidar_sdk2/unitree_lidar_ros/src) by extensions ['colcon_meta']
[0.573s] Level 1:colcon.colcon_core.package_identification:_identify(roomba_src/unilidar_sdk2/unitree_lidar_ros/src) by extension 'colcon_meta'
[0.573s] Level 1:colcon.colcon_core.package_identification:_identify(roomba_src/unilidar_sdk2/unitree_lidar_ros/src) by extensions ['ros']
[0.573s] Level 1:colcon.colcon_core.package_identification:_identify(roomba_src/unilidar_sdk2/unitree_lidar_ros/src) by extension 'ros'
[0.573s] Level 1:colcon.colcon_core.package_identification:_identify(roomba_src/unilidar_sdk2/unitree_lidar_ros/src) by extensions ['cmake', 'python']
[0.574s] Level 1:colcon.colcon_core.package_identification:_identify(roomba_src/unilidar_sdk2/unitree_lidar_ros/src) by extension 'cmake'
[0.574s] Level 1:colcon.colcon_core.package_identification:_identify(roomba_src/unilidar_sdk2/unitree_lidar_ros/src) by extension 'python'
[0.574s] Level 1:colcon.colcon_core.package_identification:_identify(roomba_src/unilidar_sdk2/unitree_lidar_ros/src) by extensions ['python_setup_py']
[0.574s] Level 1:colcon.colcon_core.package_identification:_identify(roomba_src/unilidar_sdk2/unitree_lidar_ros/src) by extension 'python_setup_py'
[0.574s] Level 1:colcon.colcon_core.package_identification:_identify(roomba_src/unilidar_sdk2/unitree_lidar_ros/src/unitree_lidar_ros) by extensions ['ignore', 'ignore_ament_install']
[0.574s] Level 1:colcon.colcon_core.package_identification:_identify(roomba_src/unilidar_sdk2/unitree_lidar_ros/src/unitree_lidar_ros) by extension 'ignore'
[0.574s] Level 1:colcon.colcon_core.package_identification:_identify(roomba_src/unilidar_sdk2/unitree_lidar_ros/src/unitree_lidar_ros) by extension 'ignore_ament_install'
[0.574s] Level 1:colcon.colcon_core.package_identification:_identify(roomba_src/unilidar_sdk2/unitree_lidar_ros/src/unitree_lidar_ros) by extensions ['colcon_pkg']
[0.575s] Level 1:colcon.colcon_core.package_identification:_identify(roomba_src/unilidar_sdk2/unitree_lidar_ros/src/unitree_lidar_ros) by extension 'colcon_pkg'
[0.575s] Level 1:colcon.colcon_core.package_identification:_identify(roomba_src/unilidar_sdk2/unitree_lidar_ros/src/unitree_lidar_ros) by extensions ['colcon_meta']
[0.575s] Level 1:colcon.colcon_core.package_identification:_identify(roomba_src/unilidar_sdk2/unitree_lidar_ros/src/unitree_lidar_ros) by extension 'colcon_meta'
[0.575s] Level 1:colcon.colcon_core.package_identification:_identify(roomba_src/unilidar_sdk2/unitree_lidar_ros/src/unitree_lidar_ros) by extensions ['ros']
[0.575s] Level 1:colcon.colcon_core.package_identification:_identify(roomba_src/unilidar_sdk2/unitree_lidar_ros/src/unitree_lidar_ros) by extension 'ros'
[0.577s] DEBUG:colcon.colcon_core.package_identification:Package 'roomba_src/unilidar_sdk2/unitree_lidar_ros/src/unitree_lidar_ros' with type 'ros.catkin' and name 'unitree_lidar_ros'
[0.577s] Level 1:colcon.colcon_core.package_identification:_identify(roomba_src/unilidar_sdk2/unitree_lidar_ros2) by extensions ['ignore', 'ignore_ament_install']
[0.577s] Level 1:colcon.colcon_core.package_identification:_identify(roomba_src/unilidar_sdk2/unitree_lidar_ros2) by extension 'ignore'
[0.578s] Level 1:colcon.colcon_core.package_identification:_identify(roomba_src/unilidar_sdk2/unitree_lidar_ros2) by extension 'ignore_ament_install'
[0.578s] Level 1:colcon.colcon_core.package_identification:_identify(roomba_src/unilidar_sdk2/unitree_lidar_ros2) by extensions ['colcon_pkg']
[0.578s] Level 1:colcon.colcon_core.package_identification:_identify(roomba_src/unilidar_sdk2/unitree_lidar_ros2) by extension 'colcon_pkg'
[0.578s] Level 1:colcon.colcon_core.package_identification:_identify(roomba_src/unilidar_sdk2/unitree_lidar_ros2) by extensions ['colcon_meta']
[0.578s] Level 1:colcon.colcon_core.package_identification:_identify(roomba_src/unilidar_sdk2/unitree_lidar_ros2) by extension 'colcon_meta'
[0.578s] Level 1:colcon.colcon_core.package_identification:_identify(roomba_src/unilidar_sdk2/unitree_lidar_ros2) by extensions ['ros']
[0.578s] Level 1:colcon.colcon_core.package_identification:_identify(roomba_src/unilidar_sdk2/unitree_lidar_ros2) by extension 'ros'
[0.578s] Level 1:colcon.colcon_core.package_identification:_identify(roomba_src/unilidar_sdk2/unitree_lidar_ros2) by extensions ['cmake', 'python']
[0.578s] Level 1:colcon.colcon_core.package_identification:_identify(roomba_src/unilidar_sdk2/unitree_lidar_ros2) by extension 'cmake'
[0.578s] Level 1:colcon.colcon_core.package_identification:_identify(roomba_src/unilidar_sdk2/unitree_lidar_ros2) by extension 'python'
[0.579s] Level 1:colcon.colcon_core.package_identification:_identify(roomba_src/unilidar_sdk2/unitree_lidar_ros2) by extensions ['python_setup_py']
[0.579s] Level 1:colcon.colcon_core.package_identification:_identify(roomba_src/unilidar_sdk2/unitree_lidar_ros2) by extension 'python_setup_py'
[0.579s] Level 1:colcon.colcon_core.package_identification:_identify(roomba_src/unilidar_sdk2/unitree_lidar_ros2/src) by extensions ['ignore', 'ignore_ament_install']
[0.579s] Level 1:colcon.colcon_core.package_identification:_identify(roomba_src/unilidar_sdk2/unitree_lidar_ros2/src) by extension 'ignore'
[0.579s] Level 1:colcon.colcon_core.package_identification:_identify(roomba_src/unilidar_sdk2/unitree_lidar_ros2/src) by extension 'ignore_ament_install'
[0.579s] Level 1:colcon.colcon_core.package_identification:_identify(roomba_src/unilidar_sdk2/unitree_lidar_ros2/src) by extensions ['colcon_pkg']
[0.579s] Level 1:colcon.colcon_core.package_identification:_identify(roomba_src/unilidar_sdk2/unitree_lidar_ros2/src) by extension 'colcon_pkg'
[0.579s] Level 1:colcon.colcon_core.package_identification:_identify(roomba_src/unilidar_sdk2/unitree_lidar_ros2/src) by extensions ['colcon_meta']
[0.579s] Level 1:colcon.colcon_core.package_identification:_identify(roomba_src/unilidar_sdk2/unitree_lidar_ros2/src) by extension 'colcon_meta'
[0.580s] Level 1:colcon.colcon_core.package_identification:_identify(roomba_src/unilidar_sdk2/unitree_lidar_ros2/src) by extensions ['ros']
[0.580s] Level 1:colcon.colcon_core.package_identification:_identify(roomba_src/unilidar_sdk2/unitree_lidar_ros2/src) by extension 'ros'
[0.580s] Level 1:colcon.colcon_core.package_identification:_identify(roomba_src/unilidar_sdk2/unitree_lidar_ros2/src) by extensions ['cmake', 'python']
[0.580s] Level 1:colcon.colcon_core.package_identification:_identify(roomba_src/unilidar_sdk2/unitree_lidar_ros2/src) by extension 'cmake'
[0.580s] Level 1:colcon.colcon_core.package_identification:_identify(roomba_src/unilidar_sdk2/unitree_lidar_ros2/src) by extension 'python'
[0.580s] Level 1:colcon.colcon_core.package_identification:_identify(roomba_src/unilidar_sdk2/unitree_lidar_ros2/src) by extensions ['python_setup_py']
[0.580s] Level 1:colcon.colcon_core.package_identification:_identify(roomba_src/unilidar_sdk2/unitree_lidar_ros2/src) by extension 'python_setup_py'
[0.580s] Level 1:colcon.colcon_core.package_identification:_identify(roomba_src/unilidar_sdk2/unitree_lidar_ros2/src/unitree_lidar_ros2) by extensions ['ignore', 'ignore_ament_install']
[0.580s] Level 1:colcon.colcon_core.package_identification:_identify(roomba_src/unilidar_sdk2/unitree_lidar_ros2/src/unitree_lidar_ros2) by extension 'ignore'
[0.581s] Level 1:colcon.colcon_core.package_identification:_identify(roomba_src/unilidar_sdk2/unitree_lidar_ros2/src/unitree_lidar_ros2) by extension 'ignore_ament_install'
[0.581s] Level 1:colcon.colcon_core.package_identification:_identify(roomba_src/unilidar_sdk2/unitree_lidar_ros2/src/unitree_lidar_ros2) by extensions ['colcon_pkg']
[0.581s] Level 1:colcon.colcon_core.package_identification:_identify(roomba_src/unilidar_sdk2/unitree_lidar_ros2/src/unitree_lidar_ros2) by extension 'colcon_pkg'
[0.581s] Level 1:colcon.colcon_core.package_identification:_identify(roomba_src/unilidar_sdk2/unitree_lidar_ros2/src/unitree_lidar_ros2) by extensions ['colcon_meta']
[0.581s] Level 1:colcon.colcon_core.package_identification:_identify(roomba_src/unilidar_sdk2/unitree_lidar_ros2/src/unitree_lidar_ros2) by extension 'colcon_meta'
[0.581s] Level 1:colcon.colcon_core.package_identification:_identify(roomba_src/unilidar_sdk2/unitree_lidar_ros2/src/unitree_lidar_ros2) by extensions ['ros']
[0.581s] Level 1:colcon.colcon_core.package_identification:_identify(roomba_src/unilidar_sdk2/unitree_lidar_ros2/src/unitree_lidar_ros2) by extension 'ros'
[0.583s] DEBUG:colcon.colcon_core.package_identification:Package 'roomba_src/unilidar_sdk2/unitree_lidar_ros2/src/unitree_lidar_ros2' with type 'ros.ament_cmake' and name 'unitree_lidar_ros2'
[0.583s] Level 1:colcon.colcon_core.package_identification:_identify(roomba_src/unilidar_sdk2/unitree_lidar_sdk) by extensions ['ignore', 'ignore_ament_install']
[0.583s] Level 1:colcon.colcon_core.package_identification:_identify(roomba_src/unilidar_sdk2/unitree_lidar_sdk) by extension 'ignore'
[0.584s] Level 1:colcon.colcon_core.package_identification:_identify(roomba_src/unilidar_sdk2/unitree_lidar_sdk) by extension 'ignore_ament_install'
[0.584s] Level 1:colcon.colcon_core.package_identification:_identify(roomba_src/unilidar_sdk2/unitree_lidar_sdk) by extensions ['colcon_pkg']
[0.584s] Level 1:colcon.colcon_core.package_identification:_identify(roomba_src/unilidar_sdk2/unitree_lidar_sdk) by extension 'colcon_pkg'
[0.584s] Level 1:colcon.colcon_core.package_identification:_identify(roomba_src/unilidar_sdk2/unitree_lidar_sdk) by extensions ['colcon_meta']
[0.584s] Level 1:colcon.colcon_core.package_identification:_identify(roomba_src/unilidar_sdk2/unitree_lidar_sdk) by extension 'colcon_meta'
[0.584s] Level 1:colcon.colcon_core.package_identification:_identify(roomba_src/unilidar_sdk2/unitree_lidar_sdk) by extensions ['ros']
[0.584s] Level 1:colcon.colcon_core.package_identification:_identify(roomba_src/unilidar_sdk2/unitree_lidar_sdk) by extension 'ros'
[0.584s] Level 1:colcon.colcon_core.package_identification:_identify(roomba_src/unilidar_sdk2/unitree_lidar_sdk) by extensions ['cmake', 'python']
[0.584s] Level 1:colcon.colcon_core.package_identification:_identify(roomba_src/unilidar_sdk2/unitree_lidar_sdk) by extension 'cmake'
[0.587s] Level 1:colcon.colcon_core.package_identification:_identify(roomba_src/unilidar_sdk2/unitree_lidar_sdk) by extension 'python'
[0.587s] DEBUG:colcon.colcon_core.package_identification:Package 'roomba_src/unilidar_sdk2/unitree_lidar_sdk' with type 'cmake' and name 'unitree_lidar_sdk'
[0.587s] Level 1:colcon.colcon_core.package_identification:_identify(roomba_src/zed-ros2-wrapper) by extensions ['ignore', 'ignore_ament_install']
[0.587s] Level 1:colcon.colcon_core.package_identification:_identify(roomba_src/zed-ros2-wrapper) by extension 'ignore'
[0.588s] Level 1:colcon.colcon_core.package_identification:_identify(roomba_src/zed-ros2-wrapper) by extension 'ignore_ament_install'
[0.588s] Level 1:colcon.colcon_core.package_identification:_identify(roomba_src/zed-ros2-wrapper) by extensions ['colcon_pkg']
[0.588s] Level 1:colcon.colcon_core.package_identification:_identify(roomba_src/zed-ros2-wrapper) by extension 'colcon_pkg'
[0.588s] Level 1:colcon.colcon_core.package_identification:_identify(roomba_src/zed-ros2-wrapper) by extensions ['colcon_meta']
[0.588s] Level 1:colcon.colcon_core.package_identification:_identify(roomba_src/zed-ros2-wrapper) by extension 'colcon_meta'
[0.588s] Level 1:colcon.colcon_core.package_identification:_identify(roomba_src/zed-ros2-wrapper) by extensions ['ros']
[0.588s] Level 1:colcon.colcon_core.package_identification:_identify(roomba_src/zed-ros2-wrapper) by extension 'ros'
[0.588s] Level 1:colcon.colcon_core.package_identification:_identify(roomba_src/zed-ros2-wrapper) by extensions ['cmake', 'python']
[0.588s] Level 1:colcon.colcon_core.package_identification:_identify(roomba_src/zed-ros2-wrapper) by extension 'cmake'
[0.588s] Level 1:colcon.colcon_core.package_identification:_identify(roomba_src/zed-ros2-wrapper) by extension 'python'
[0.589s] Level 1:colcon.colcon_core.package_identification:_identify(roomba_src/zed-ros2-wrapper) by extensions ['python_setup_py']
[0.589s] Level 1:colcon.colcon_core.package_identification:_identify(roomba_src/zed-ros2-wrapper) by extension 'python_setup_py'
[0.589s] Level 1:colcon.colcon_core.package_identification:_identify(roomba_src/zed-ros2-wrapper/docker) by extensions ['ignore', 'ignore_ament_install']
[0.589s] Level 1:colcon.colcon_core.package_identification:_identify(roomba_src/zed-ros2-wrapper/docker) by extension 'ignore'
[0.589s] Level 1:colcon.colcon_core.package_identification:_identify(roomba_src/zed-ros2-wrapper/docker) by extension 'ignore_ament_install'
[0.589s] Level 1:colcon.colcon_core.package_identification:_identify(roomba_src/zed-ros2-wrapper/docker) by extensions ['colcon_pkg']
[0.589s] Level 1:colcon.colcon_core.package_identification:_identify(roomba_src/zed-ros2-wrapper/docker) by extension 'colcon_pkg'
[0.589s] Level 1:colcon.colcon_core.package_identification:_identify(roomba_src/zed-ros2-wrapper/docker) by extensions ['colcon_meta']
[0.589s] Level 1:colcon.colcon_core.package_identification:_identify(roomba_src/zed-ros2-wrapper/docker) by extension 'colcon_meta'
[0.589s] Level 1:colcon.colcon_core.package_identification:_identify(roomba_src/zed-ros2-wrapper/docker) by extensions ['ros']
[0.590s] Level 1:colcon.colcon_core.package_identification:_identify(roomba_src/zed-ros2-wrapper/docker) by extension 'ros'
[0.590s] Level 1:colcon.colcon_core.package_identification:_identify(roomba_src/zed-ros2-wrapper/docker) by extensions ['cmake', 'python']
[0.590s] Level 1:colcon.colcon_core.package_identification:_identify(roomba_src/zed-ros2-wrapper/docker) by extension 'cmake'
[0.590s] Level 1:colcon.colcon_core.package_identification:_identify(roomba_src/zed-ros2-wrapper/docker) by extension 'python'
[0.590s] Level 1:colcon.colcon_core.package_identification:_identify(roomba_src/zed-ros2-wrapper/docker) by extensions ['python_setup_py']
[0.590s] Level 1:colcon.colcon_core.package_identification:_identify(roomba_src/zed-ros2-wrapper/docker) by extension 'python_setup_py'
[0.590s] Level 1:colcon.colcon_core.package_identification:_identify(roomba_src/zed-ros2-wrapper/images) by extensions ['ignore', 'ignore_ament_install']
[0.590s] Level 1:colcon.colcon_core.package_identification:_identify(roomba_src/zed-ros2-wrapper/images) by extension 'ignore'
[0.590s] Level 1:colcon.colcon_core.package_identification:_identify(roomba_src/zed-ros2-wrapper/images) by extension 'ignore_ament_install'
[0.591s] Level 1:colcon.colcon_core.package_identification:_identify(roomba_src/zed-ros2-wrapper/images) by extensions ['colcon_pkg']
[0.591s] Level 1:colcon.colcon_core.package_identification:_identify(roomba_src/zed-ros2-wrapper/images) by extension 'colcon_pkg'
[0.591s] Level 1:colcon.colcon_core.package_identification:_identify(roomba_src/zed-ros2-wrapper/images) by extensions ['colcon_meta']
[0.591s] Level 1:colcon.colcon_core.package_identification:_identify(roomba_src/zed-ros2-wrapper/images) by extension 'colcon_meta'
[0.591s] Level 1:colcon.colcon_core.package_identification:_identify(roomba_src/zed-ros2-wrapper/images) by extensions ['ros']
[0.591s] Level 1:colcon.colcon_core.package_identification:_identify(roomba_src/zed-ros2-wrapper/images) by extension 'ros'
[0.591s] Level 1:colcon.colcon_core.package_identification:_identify(roomba_src/zed-ros2-wrapper/images) by extensions ['cmake', 'python']
[0.591s] Level 1:colcon.colcon_core.package_identification:_identify(roomba_src/zed-ros2-wrapper/images) by extension 'cmake'
[0.591s] Level 1:colcon.colcon_core.package_identification:_identify(roomba_src/zed-ros2-wrapper/images) by extension 'python'
[0.591s] Level 1:colcon.colcon_core.package_identification:_identify(roomba_src/zed-ros2-wrapper/images) by extensions ['python_setup_py']
[0.591s] Level 1:colcon.colcon_core.package_identification:_identify(roomba_src/zed-ros2-wrapper/images) by extension 'python_setup_py'
[0.592s] Level 1:colcon.colcon_core.package_identification:_identify(roomba_src/zed-ros2-wrapper/zed_components) by extensions ['ignore', 'ignore_ament_install']
[0.592s] Level 1:colcon.colcon_core.package_identification:_identify(roomba_src/zed-ros2-wrapper/zed_components) by extension 'ignore'
[0.592s] Level 1:colcon.colcon_core.package_identification:_identify(roomba_src/zed-ros2-wrapper/zed_components) by extension 'ignore_ament_install'
[0.592s] Level 1:colcon.colcon_core.package_identification:_identify(roomba_src/zed-ros2-wrapper/zed_components) by extensions ['colcon_pkg']
[0.592s] Level 1:colcon.colcon_core.package_identification:_identify(roomba_src/zed-ros2-wrapper/zed_components) by extension 'colcon_pkg'
[0.592s] Level 1:colcon.colcon_core.package_identification:_identify(roomba_src/zed-ros2-wrapper/zed_components) by extensions ['colcon_meta']
[0.592s] Level 1:colcon.colcon_core.package_identification:_identify(roomba_src/zed-ros2-wrapper/zed_components) by extension 'colcon_meta'
[0.592s] Level 1:colcon.colcon_core.package_identification:_identify(roomba_src/zed-ros2-wrapper/zed_components) by extensions ['ros']
[0.592s] Level 1:colcon.colcon_core.package_identification:_identify(roomba_src/zed-ros2-wrapper/zed_components) by extension 'ros'
[0.595s] DEBUG:colcon.colcon_core.package_identification:Package 'roomba_src/zed-ros2-wrapper/zed_components' with type 'ros.ament_cmake' and name 'zed_components'
[0.595s] Level 1:colcon.colcon_core.package_identification:_identify(roomba_src/zed-ros2-wrapper/zed_ros2) by extensions ['ignore', 'ignore_ament_install']
[0.595s] Level 1:colcon.colcon_core.package_identification:_identify(roomba_src/zed-ros2-wrapper/zed_ros2) by extension 'ignore'
[0.595s] Level 1:colcon.colcon_core.package_identification:_identify(roomba_src/zed-ros2-wrapper/zed_ros2) by extension 'ignore_ament_install'
[0.595s] Level 1:colcon.colcon_core.package_identification:_identify(roomba_src/zed-ros2-wrapper/zed_ros2) by extensions ['colcon_pkg']
[0.595s] Level 1:colcon.colcon_core.package_identification:_identify(roomba_src/zed-ros2-wrapper/zed_ros2) by extension 'colcon_pkg'
[0.595s] Level 1:colcon.colcon_core.package_identification:_identify(roomba_src/zed-ros2-wrapper/zed_ros2) by extensions ['colcon_meta']
[0.595s] Level 1:colcon.colcon_core.package_identification:_identify(roomba_src/zed-ros2-wrapper/zed_ros2) by extension 'colcon_meta'
[0.596s] Level 1:colcon.colcon_core.package_identification:_identify(roomba_src/zed-ros2-wrapper/zed_ros2) by extensions ['ros']
[0.596s] Level 1:colcon.colcon_core.package_identification:_identify(roomba_src/zed-ros2-wrapper/zed_ros2) by extension 'ros'
[0.597s] DEBUG:colcon.colcon_core.package_identification:Package 'roomba_src/zed-ros2-wrapper/zed_ros2' with type 'ros.ament_cmake' and name 'zed_ros2'
[0.597s] Level 1:colcon.colcon_core.package_identification:_identify(roomba_src/zed-ros2-wrapper/zed_wrapper) by extensions ['ignore', 'ignore_ament_install']
[0.597s] Level 1:colcon.colcon_core.package_identification:_identify(roomba_src/zed-ros2-wrapper/zed_wrapper) by extension 'ignore'
[0.597s] Level 1:colcon.colcon_core.package_identification:_identify(roomba_src/zed-ros2-wrapper/zed_wrapper) by extension 'ignore_ament_install'
[0.597s] Level 1:colcon.colcon_core.package_identification:_identify(roomba_src/zed-ros2-wrapper/zed_wrapper) by extensions ['colcon_pkg']
[0.597s] Level 1:colcon.colcon_core.package_identification:_identify(roomba_src/zed-ros2-wrapper/zed_wrapper) by extension 'colcon_pkg'
[0.597s] Level 1:colcon.colcon_core.package_identification:_identify(roomba_src/zed-ros2-wrapper/zed_wrapper) by extensions ['colcon_meta']
[0.598s] Level 1:colcon.colcon_core.package_identification:_identify(roomba_src/zed-ros2-wrapper/zed_wrapper) by extension 'colcon_meta'
[0.598s] Level 1:colcon.colcon_core.package_identification:_identify(roomba_src/zed-ros2-wrapper/zed_wrapper) by extensions ['ros']
[0.598s] Level 1:colcon.colcon_core.package_identification:_identify(roomba_src/zed-ros2-wrapper/zed_wrapper) by extension 'ros'
[0.599s] DEBUG:colcon.colcon_core.package_identification:Package 'roomba_src/zed-ros2-wrapper/zed_wrapper' with type 'ros.ament_cmake' and name 'zed_wrapper'
[0.599s] Level 1:colcon.colcon_core.package_discovery:discover_packages(recursive) using defaults
[0.599s] Level 1:colcon.colcon_core.package_discovery:discover_packages(ignore) discover
[0.599s] Level 1:colcon.colcon_core.package_discovery:discover_packages(ignore) using defaults
[0.599s] Level 1:colcon.colcon_core.package_discovery:discover_packages(path) discover
[0.600s] Level 1:colcon.colcon_core.package_discovery:discover_packages(path) using defaults
[0.670s] Level 1:colcon.colcon_core.package_discovery:discover_packages(prefix_path) check parameters
[0.670s] Level 1:colcon.colcon_core.package_discovery:discover_packages(prefix_path) discover
[0.675s] DEBUG:colcon.colcon_installed_package_information.package_discovery:Found 369 installed packages in /opt/ros/humble
[0.678s] Level 1:colcon.colcon_core.package_discovery:discover_packages(prefix_path) using defaults
[0.761s] Level 5:colcon.colcon_core.verb:set package 'first_roomba_pkg' build argument 'cmake_args' from command line to 'None'
[0.762s] Level 5:colcon.colcon_core.verb:set package 'first_roomba_pkg' build argument 'cmake_target' from command line to 'None'
[0.762s] Level 5:colcon.colcon_core.verb:set package 'first_roomba_pkg' build argument 'cmake_target_skip_unavailable' from command line to 'False'
[0.762s] Level 5:colcon.colcon_core.verb:set package 'first_roomba_pkg' build argument 'cmake_clean_cache' from command line to 'False'
[0.762s] Level 5:colcon.colcon_core.verb:set package 'first_roomba_pkg' build argument 'cmake_clean_first' from command line to 'False'
[0.762s] Level 5:colcon.colcon_core.verb:set package 'first_roomba_pkg' build argument 'cmake_force_configure' from command line to 'False'
[0.762s] Level 5:colcon.colcon_core.verb:set package 'first_roomba_pkg' build argument 'ament_cmake_args' from command line to 'None'
[0.762s] Level 5:colcon.colcon_core.verb:set package 'first_roomba_pkg' build argument 'catkin_cmake_args' from command line to 'None'
[0.762s] Level 5:colcon.colcon_core.verb:set package 'first_roomba_pkg' build argument 'catkin_skip_building_tests' from command line to 'False'
[0.762s] DEBUG:colcon.colcon_core.verb:Building package 'first_roomba_pkg' with the following arguments: {'ament_cmake_args': None, 'build_base': '/home/wolfwagen/Undergrad_Minchan_Folder/ROOMBA_PROJECT_1/build/first_roomba_pkg', 'catkin_cmake_args': None, 'catkin_skip_building_tests': False, 'cmake_args': None, 'cmake_clean_cache': False, 'cmake_clean_first': False, 'cmake_force_configure': False, 'cmake_target': None, 'cmake_target_skip_unavailable': False, 'install_base': '/home/wolfwagen/Undergrad_Minchan_Folder/ROOMBA_PROJECT_1/install/first_roomba_pkg', 'merge_install': False, 'path': '/home/wolfwagen/Undergrad_Minchan_Folder/ROOMBA_PROJECT_1/roomba_src/first_roomba_pkg', 'symlink_install': True, 'test_result_base': None}
[0.763s] Level 5:colcon.colcon_core.verb:set package 'unitree_lidar_ros' build argument 'cmake_args' from command line to 'None'
[0.763s] Level 5:colcon.colcon_core.verb:set package 'unitree_lidar_ros' build argument 'cmake_target' from command line to 'None'
[0.763s] Level 5:colcon.colcon_core.verb:set package 'unitree_lidar_ros' build argument 'cmake_target_skip_unavailable' from command line to 'False'
[0.763s] Level 5:colcon.colcon_core.verb:set package 'unitree_lidar_ros' build argument 'cmake_clean_cache' from command line to 'False'
[0.763s] Level 5:colcon.colcon_core.verb:set package 'unitree_lidar_ros' build argument 'cmake_clean_first' from command line to 'False'
[0.763s] Level 5:colcon.colcon_core.verb:set package 'unitree_lidar_ros' build argument 'cmake_force_configure' from command line to 'False'
[0.763s] Level 5:colcon.colcon_core.verb:set package 'unitree_lidar_ros' build argument 'ament_cmake_args' from command line to 'None'
[0.763s] Level 5:colcon.colcon_core.verb:set package 'unitree_lidar_ros' build argument 'catkin_cmake_args' from command line to 'None'
[0.763s] Level 5:colcon.colcon_core.verb:set package 'unitree_lidar_ros' build argument 'catkin_skip_building_tests' from command line to 'False'
[0.763s] DEBUG:colcon.colcon_core.verb:Building package 'unitree_lidar_ros' with the following arguments: {'ament_cmake_args': None, 'build_base': '/home/wolfwagen/Undergrad_Minchan_Folder/ROOMBA_PROJECT_1/build/unitree_lidar_ros', 'catkin_cmake_args': None, 'catkin_skip_building_tests': False, 'cmake_args': None, 'cmake_clean_cache': False, 'cmake_clean_first': False, 'cmake_force_configure': False, 'cmake_target': None, 'cmake_target_skip_unavailable': False, 'install_base': '/home/wolfwagen/Undergrad_Minchan_Folder/ROOMBA_PROJECT_1/install/unitree_lidar_ros', 'merge_install': False, 'path': '/home/wolfwagen/Undergrad_Minchan_Folder/ROOMBA_PROJECT_1/roomba_src/unilidar_sdk2/unitree_lidar_ros/src/unitree_lidar_ros', 'symlink_install': True, 'test_result_base': None}
[0.764s] Level 5:colcon.colcon_core.verb:set package 'unitree_lidar_ros2' build argument 'cmake_args' from command line to 'None'
[0.764s] Level 5:colcon.colcon_core.verb:set package 'unitree_lidar_ros2' build argument 'cmake_target' from command line to 'None'
[0.764s] Level 5:colcon.colcon_core.verb:set package 'unitree_lidar_ros2' build argument 'cmake_target_skip_unavailable' from command line to 'False'
[0.764s] Level 5:colcon.colcon_core.verb:set package 'unitree_lidar_ros2' build argument 'cmake_clean_cache' from command line to 'False'
[0.764s] Level 5:colcon.colcon_core.verb:set package 'unitree_lidar_ros2' build argument 'cmake_clean_first' from command line to 'False'
[0.764s] Level 5:colcon.colcon_core.verb:set package 'unitree_lidar_ros2' build argument 'cmake_force_configure' from command line to 'False'
[0.764s] Level 5:colcon.colcon_core.verb:set package 'unitree_lidar_ros2' build argument 'ament_cmake_args' from command line to 'None'
[0.764s] Level 5:colcon.colcon_core.verb:set package 'unitree_lidar_ros2' build argument 'catkin_cmake_args' from command line to 'None'
[0.765s] Level 5:colcon.colcon_core.verb:set package 'unitree_lidar_ros2' build argument 'catkin_skip_building_tests' from command line to 'False'
[0.765s] DEBUG:colcon.colcon_core.verb:Building package 'unitree_lidar_ros2' with the following arguments: {'ament_cmake_args': None, 'build_base': '/home/wolfwagen/Undergrad_Minchan_Folder/ROOMBA_PROJECT_1/build/unitree_lidar_ros2', 'catkin_cmake_args': None, 'catkin_skip_building_tests': False, 'cmake_args': None, 'cmake_clean_cache': False, 'cmake_clean_first': False, 'cmake_force_configure': False, 'cmake_target': None, 'cmake_target_skip_unavailable': False, 'install_base': '/home/wolfwagen/Undergrad_Minchan_Folder/ROOMBA_PROJECT_1/install/unitree_lidar_ros2', 'merge_install': False, 'path': '/home/wolfwagen/Undergrad_Minchan_Folder/ROOMBA_PROJECT_1/roomba_src/unilidar_sdk2/unitree_lidar_ros2/src/unitree_lidar_ros2', 'symlink_install': True, 'test_result_base': None}
[0.765s] Level 5:colcon.colcon_core.verb:set package 'unitree_lidar_sdk' build argument 'cmake_args' from command line to 'None'
[0.765s] Level 5:colcon.colcon_core.verb:set package 'unitree_lidar_sdk' build argument 'cmake_target' from command line to 'None'
[0.765s] Level 5:colcon.colcon_core.verb:set package 'unitree_lidar_sdk' build argument 'cmake_target_skip_unavailable' from command line to 'False'
[0.765s] Level 5:colcon.colcon_core.verb:set package 'unitree_lidar_sdk' build argument 'cmake_clean_cache' from command line to 'False'
[0.765s] Level 5:colcon.colcon_core.verb:set package 'unitree_lidar_sdk' build argument 'cmake_clean_first' from command line to 'False'
[0.765s] Level 5:colcon.colcon_core.verb:set package 'unitree_lidar_sdk' build argument 'cmake_force_configure' from command line to 'False'
[0.766s] Level 5:colcon.colcon_core.verb:set package 'unitree_lidar_sdk' build argument 'ament_cmake_args' from command line to 'None'
[0.766s] Level 5:colcon.colcon_core.verb:set package 'unitree_lidar_sdk' build argument 'catkin_cmake_args' from command line to 'None'
[0.766s] Level 5:colcon.colcon_core.verb:set package 'unitree_lidar_sdk' build argument 'catkin_skip_building_tests' from command line to 'False'
[0.766s] DEBUG:colcon.colcon_core.verb:Building package 'unitree_lidar_sdk' with the following arguments: {'ament_cmake_args': None, 'build_base': '/home/wolfwagen/Undergrad_Minchan_Folder/ROOMBA_PROJECT_1/build/unitree_lidar_sdk', 'catkin_cmake_args': None, 'catkin_skip_building_tests': False, 'cmake_args': None, 'cmake_clean_cache': False, 'cmake_clean_first': False, 'cmake_force_configure': False, 'cmake_target': None, 'cmake_target_skip_unavailable': False, 'install_base': '/home/wolfwagen/Undergrad_Minchan_Folder/ROOMBA_PROJECT_1/install/unitree_lidar_sdk', 'merge_install': False, 'path': '/home/wolfwagen/Undergrad_Minchan_Folder/ROOMBA_PROJECT_1/roomba_src/unilidar_sdk2/unitree_lidar_sdk', 'symlink_install': True, 'test_result_base': None}
[0.766s] Level 5:colcon.colcon_core.verb:set package 'zed_components' build argument 'cmake_args' from command line to 'None'
[0.766s] Level 5:colcon.colcon_core.verb:set package 'zed_components' build argument 'cmake_target' from command line to 'None'
[0.766s] Level 5:colcon.colcon_core.verb:set package 'zed_components' build argument 'cmake_target_skip_unavailable' from command line to 'False'
[0.766s] Level 5:colcon.colcon_core.verb:set package 'zed_components' build argument 'cmake_clean_cache' from command line to 'False'
[0.767s] Level 5:colcon.colcon_core.verb:set package 'zed_components' build argument 'cmake_clean_first' from command line to 'False'
[0.767s] Level 5:colcon.colcon_core.verb:set package 'zed_components' build argument 'cmake_force_configure' from command line to 'False'
[0.767s] Level 5:colcon.colcon_core.verb:set package 'zed_components' build argument 'ament_cmake_args' from command line to 'None'
[0.767s] Level 5:colcon.colcon_core.verb:set package 'zed_components' build argument 'catkin_cmake_args' from command line to 'None'
[0.767s] Level 5:colcon.colcon_core.verb:set package 'zed_components' build argument 'catkin_skip_building_tests' from command line to 'False'
[0.767s] DEBUG:colcon.colcon_core.verb:Building package 'zed_components' with the following arguments: {'ament_cmake_args': None, 'build_base': '/home/wolfwagen/Undergrad_Minchan_Folder/ROOMBA_PROJECT_1/build/zed_components', 'catkin_cmake_args': None, 'catkin_skip_building_tests': False, 'cmake_args': None, 'cmake_clean_cache': False, 'cmake_clean_first': False, 'cmake_force_configure': False, 'cmake_target': None, 'cmake_target_skip_unavailable': False, 'install_base': '/home/wolfwagen/Undergrad_Minchan_Folder/ROOMBA_PROJECT_1/install/zed_components', 'merge_install': False, 'path': '/home/wolfwagen/Undergrad_Minchan_Folder/ROOMBA_PROJECT_1/roomba_src/zed-ros2-wrapper/zed_components', 'symlink_install': True, 'test_result_base': None}
[0.767s] Level 5:colcon.colcon_core.verb:set package 'zed_wrapper' build argument 'cmake_args' from command line to 'None'
[0.767s] Level 5:colcon.colcon_core.verb:set package 'zed_wrapper' build argument 'cmake_target' from command line to 'None'
[0.767s] Level 5:colcon.colcon_core.verb:set package 'zed_wrapper' build argument 'cmake_target_skip_unavailable' from command line to 'False'
[0.767s] Level 5:colcon.colcon_core.verb:set package 'zed_wrapper' build argument 'cmake_clean_cache' from command line to 'False'
[0.768s] Level 5:colcon.colcon_core.verb:set package 'zed_wrapper' build argument 'cmake_clean_first' from command line to 'False'
[0.768s] Level 5:colcon.colcon_core.verb:set package 'zed_wrapper' build argument 'cmake_force_configure' from command line to 'False'
[0.768s] Level 5:colcon.colcon_core.verb:set package 'zed_wrapper' build argument 'ament_cmake_args' from command line to 'None'
[0.768s] Level 5:colcon.colcon_core.verb:set package 'zed_wrapper' build argument 'catkin_cmake_args' from command line to 'None'
[0.768s] Level 5:colcon.colcon_core.verb:set package 'zed_wrapper' build argument 'catkin_skip_building_tests' from command line to 'False'
[0.768s] DEBUG:colcon.colcon_core.verb:Building package 'zed_wrapper' with the following arguments: {'ament_cmake_args': None, 'build_base': '/home/wolfwagen/Undergrad_Minchan_Folder/ROOMBA_PROJECT_1/build/zed_wrapper', 'catkin_cmake_args': None, 'catkin_skip_building_tests': False, 'cmake_args': None, 'cmake_clean_cache': False, 'cmake_clean_first': False, 'cmake_force_configure': False, 'cmake_target': None, 'cmake_target_skip_unavailable': False, 'install_base': '/home/wolfwagen/Undergrad_Minchan_Folder/ROOMBA_PROJECT_1/install/zed_wrapper', 'merge_install': False, 'path': '/home/wolfwagen/Undergrad_Minchan_Folder/ROOMBA_PROJECT_1/roomba_src/zed-ros2-wrapper/zed_wrapper', 'symlink_install': True, 'test_result_base': None}
[0.768s] Level 5:colcon.colcon_core.verb:set package 'zed_ros2' build argument 'cmake_args' from command line to 'None'
[0.768s] Level 5:colcon.colcon_core.verb:set package 'zed_ros2' build argument 'cmake_target' from command line to 'None'
[0.768s] Level 5:colcon.colcon_core.verb:set package 'zed_ros2' build argument 'cmake_target_skip_unavailable' from command line to 'False'
[0.768s] Level 5:colcon.colcon_core.verb:set package 'zed_ros2' build argument 'cmake_clean_cache' from command line to 'False'
[0.769s] Level 5:colcon.colcon_core.verb:set package 'zed_ros2' build argument 'cmake_clean_first' from command line to 'False'
[0.769s] Level 5:colcon.colcon_core.verb:set package 'zed_ros2' build argument 'cmake_force_configure' from command line to 'False'
[0.769s] Level 5:colcon.colcon_core.verb:set package 'zed_ros2' build argument 'ament_cmake_args' from command line to 'None'
[0.769s] Level 5:colcon.colcon_core.verb:set package 'zed_ros2' build argument 'catkin_cmake_args' from command line to 'None'
[0.769s] Level 5:colcon.colcon_core.verb:set package 'zed_ros2' build argument 'catkin_skip_building_tests' from command line to 'False'
[0.769s] DEBUG:colcon.colcon_core.verb:Building package 'zed_ros2' with the following arguments: {'ament_cmake_args': None, 'build_base': '/home/wolfwagen/Undergrad_Minchan_Folder/ROOMBA_PROJECT_1/build/zed_ros2', 'catkin_cmake_args': None, 'catkin_skip_building_tests': False, 'cmake_args': None, 'cmake_clean_cache': False, 'cmake_clean_first': False, 'cmake_force_configure': False, 'cmake_target': None, 'cmake_target_skip_unavailable': False, 'install_base': '/home/wolfwagen/Undergrad_Minchan_Folder/ROOMBA_PROJECT_1/install/zed_ros2', 'merge_install': False, 'path': '/home/wolfwagen/Undergrad_Minchan_Folder/ROOMBA_PROJECT_1/roomba_src/zed-ros2-wrapper/zed_ros2', 'symlink_install': True, 'test_result_base': None}
[0.769s] INFO:colcon.colcon_core.executor:Executing jobs using 'parallel' executor
[0.771s] DEBUG:colcon.colcon_parallel_executor.executor.parallel:run_until_complete
[0.772s] INFO:colcon.colcon_ros.task.ament_cmake.build:Building ROS package in '/home/wolfwagen/Undergrad_Minchan_Folder/ROOMBA_PROJECT_1/roomba_src/zed-ros2-wrapper/zed_components' with build type 'ament_cmake'
[0.772s] INFO:colcon.colcon_cmake.task.cmake.build:Building CMake package in '/home/wolfwagen/Undergrad_Minchan_Folder/ROOMBA_PROJECT_1/roomba_src/zed-ros2-wrapper/zed_components'
[0.776s] INFO:colcon.colcon_core.plugin_system:Skipping extension 'colcon_core.shell.bat': Not used on non-Windows systems
[0.776s] INFO:colcon.colcon_core.shell:Skip shell extension 'powershell' for command environment: Not usable outside of PowerShell
[0.776s] DEBUG:colcon.colcon_core.shell:Skip shell extension 'dsv' for command environment
[0.782s] INFO:colcon.colcon_ros.task.ament_python.build:Building ROS package in '/home/wolfwagen/Undergrad_Minchan_Folder/ROOMBA_PROJECT_1/roomba_src/first_roomba_pkg' with build type 'ament_python'
[0.782s] Level 1:colcon.colcon_core.shell:create_environment_hook('first_roomba_pkg', 'ament_prefix_path')
[0.783s] INFO:colcon.colcon_core.shell:Creating environment hook '/home/wolfwagen/Undergrad_Minchan_Folder/ROOMBA_PROJECT_1/install/first_roomba_pkg/share/first_roomba_pkg/hook/ament_prefix_path.ps1'
[0.784s] INFO:colcon.colcon_core.shell:Creating environment descriptor '/home/wolfwagen/Undergrad_Minchan_Folder/ROOMBA_PROJECT_1/install/first_roomba_pkg/share/first_roomba_pkg/hook/ament_prefix_path.dsv'
[0.785s] INFO:colcon.colcon_core.shell:Creating environment hook '/home/wolfwagen/Undergrad_Minchan_Folder/ROOMBA_PROJECT_1/install/first_roomba_pkg/share/first_roomba_pkg/hook/ament_prefix_path.sh'
[0.786s] INFO:colcon.colcon_core.shell:Skip shell extension 'powershell' for command environment: Not usable outside of PowerShell
[0.787s] DEBUG:colcon.colcon_core.shell:Skip shell extension 'dsv' for command environment
[0.791s] INFO:colcon.colcon_ros.task.catkin.build:Building ROS package in '/home/wolfwagen/Undergrad_Minchan_Folder/ROOMBA_PROJECT_1/roomba_src/unilidar_sdk2/unitree_lidar_ros/src/unitree_lidar_ros' with build type 'catkin'
[0.791s] INFO:colcon.colcon_cmake.task.cmake.build:Building CMake package in '/home/wolfwagen/Undergrad_Minchan_Folder/ROOMBA_PROJECT_1/roomba_src/unilidar_sdk2/unitree_lidar_ros/src/unitree_lidar_ros'
[0.792s] INFO:colcon.colcon_core.shell:Skip shell extension 'powershell' for command environment: Not usable outside of PowerShell
[0.792s] DEBUG:colcon.colcon_core.shell:Skip shell extension 'dsv' for command environment
[0.797s] INFO:colcon.colcon_ros.task.ament_cmake.build:Building ROS package in '/home/wolfwagen/Undergrad_Minchan_Folder/ROOMBA_PROJECT_1/roomba_src/unilidar_sdk2/unitree_lidar_ros2/src/unitree_lidar_ros2' with build type 'ament_cmake'
[0.797s] INFO:colcon.colcon_cmake.task.cmake.build:Building CMake package in '/home/wolfwagen/Undergrad_Minchan_Folder/ROOMBA_PROJECT_1/roomba_src/unilidar_sdk2/unitree_lidar_ros2/src/unitree_lidar_ros2'
[0.798s] INFO:colcon.colcon_core.shell:Skip shell extension 'powershell' for command environment: Not usable outside of PowerShell
[0.798s] DEBUG:colcon.colcon_core.shell:Skip shell extension 'dsv' for command environment
[0.803s] INFO:colcon.colcon_cmake.task.cmake.build:Building CMake package in '/home/wolfwagen/Undergrad_Minchan_Folder/ROOMBA_PROJECT_1/roomba_src/unilidar_sdk2/unitree_lidar_sdk'
[0.804s] INFO:colcon.colcon_core.shell:Skip shell extension 'powershell' for command environment: Not usable outside of PowerShell
[0.804s] DEBUG:colcon.colcon_core.shell:Skip shell extension 'dsv' for command environment
[0.818s] DEBUG:colcon.colcon_core.event_handler.log_command:Invoking command in '/home/wolfwagen/Undergrad_Minchan_Folder/ROOMBA_PROJECT_1/build/zed_components': CMAKE_PREFIX_PATH=${CMAKE_PREFIX_PATH}:/opt/ros/humble /usr/bin/cmake /home/wolfwagen/Undergrad_Minchan_Folder/ROOMBA_PROJECT_1/roomba_src/zed-ros2-wrapper/zed_components -DAMENT_CMAKE_SYMLINK_INSTALL=1 -DCMAKE_INSTALL_PREFIX=/home/wolfwagen/Undergrad_Minchan_Folder/ROOMBA_PROJECT_1/install/zed_components
[1.323s] INFO:colcon.colcon_core.task.python.build:Building Python package in '/home/wolfwagen/Undergrad_Minchan_Folder/ROOMBA_PROJECT_1/roomba_src/first_roomba_pkg'
[1.324s] INFO:colcon.colcon_core.shell:Skip shell extension 'powershell' for command environment: Not usable outside of PowerShell
[1.324s] DEBUG:colcon.colcon_core.shell:Skip shell extension 'dsv' for command environment
[1.337s] DEBUG:colcon.colcon_core.event_handler.log_command:Invoking command in '/home/wolfwagen/Undergrad_Minchan_Folder/ROOMBA_PROJECT_1/build/unitree_lidar_ros': /usr/bin/cmake /home/wolfwagen/Undergrad_Minchan_Folder/ROOMBA_PROJECT_1/roomba_src/unilidar_sdk2/unitree_lidar_ros/src/unitree_lidar_ros -DCATKIN_INSTALL_INTO_PREFIX_ROOT=0 -DCATKIN_SYMLINK_INSTALL=ON -DCMAKE_INSTALL_PREFIX=/home/wolfwagen/Undergrad_Minchan_Folder/ROOMBA_PROJECT_1/install/unitree_lidar_ros
[1.347s] DEBUG:colcon.colcon_core.event_handler.log_command:Invoking command in '/home/wolfwagen/Undergrad_Minchan_Folder/ROOMBA_PROJECT_1/build/unitree_lidar_ros2': CMAKE_PREFIX_PATH=${CMAKE_PREFIX_PATH}:/opt/ros/humble /usr/bin/cmake --build /home/wolfwagen/Undergrad_Minchan_Folder/ROOMBA_PROJECT_1/build/unitree_lidar_ros2 -- -j6 -l6
[1.352s] DEBUG:colcon.colcon_core.event_handler.log_command:Invoking command in '/home/wolfwagen/Undergrad_Minchan_Folder/ROOMBA_PROJECT_1/build/unitree_lidar_sdk': /usr/bin/cmake /home/wolfwagen/Undergrad_Minchan_Folder/ROOMBA_PROJECT_1/roomba_src/unilidar_sdk2/unitree_lidar_sdk -DCMAKE_INSTALL_PREFIX=/home/wolfwagen/Undergrad_Minchan_Folder/ROOMBA_PROJECT_1/install/unitree_lidar_sdk
[1.520s] DEBUG:colcon.colcon_core.event_handler.log_command:Invoked command in '/home/wolfwagen/Undergrad_Minchan_Folder/ROOMBA_PROJECT_1/build/unitree_lidar_ros2' returned '0': CMAKE_PREFIX_PATH=${CMAKE_PREFIX_PATH}:/opt/ros/humble /usr/bin/cmake --build /home/wolfwagen/Undergrad_Minchan_Folder/ROOMBA_PROJECT_1/build/unitree_lidar_ros2 -- -j6 -l6
[1.543s] DEBUG:colcon.colcon_core.event_handler.log_command:Invoking command in '/home/wolfwagen/Undergrad_Minchan_Folder/ROOMBA_PROJECT_1/build/unitree_lidar_ros2': CMAKE_PREFIX_PATH=${CMAKE_PREFIX_PATH}:/opt/ros/humble /usr/bin/cmake --install /home/wolfwagen/Undergrad_Minchan_Folder/ROOMBA_PROJECT_1/build/unitree_lidar_ros2
[1.585s] Level 1:colcon.colcon_core.environment:create_environment_scripts_only(unitree_lidar_ros2)
[1.587s] DEBUG:colcon.colcon_core.event_handler.log_command:Invoked command in '/home/wolfwagen/Undergrad_Minchan_Folder/ROOMBA_PROJECT_1/build/unitree_lidar_ros2' returned '0': CMAKE_PREFIX_PATH=${CMAKE_PREFIX_PATH}:/opt/ros/humble /usr/bin/cmake --install /home/wolfwagen/Undergrad_Minchan_Folder/ROOMBA_PROJECT_1/build/unitree_lidar_ros2
[1.592s] Level 1:colcon.colcon_core.environment:checking '/home/wolfwagen/Undergrad_Minchan_Folder/ROOMBA_PROJECT_1/install/unitree_lidar_ros2' for CMake module files
[1.593s] Level 1:colcon.colcon_core.environment:checking '/home/wolfwagen/Undergrad_Minchan_Folder/ROOMBA_PROJECT_1/install/unitree_lidar_ros2' for CMake config files
[1.593s] Level 1:colcon.colcon_core.shell:create_environment_hook('unitree_lidar_ros2', 'cmake_prefix_path')
[1.594s] INFO:colcon.colcon_core.shell:Creating environment hook '/home/wolfwagen/Undergrad_Minchan_Folder/ROOMBA_PROJECT_1/install/unitree_lidar_ros2/share/unitree_lidar_ros2/hook/cmake_prefix_path.ps1'
[1.596s] INFO:colcon.colcon_core.shell:Creating environment descriptor '/home/wolfwagen/Undergrad_Minchan_Folder/ROOMBA_PROJECT_1/install/unitree_lidar_ros2/share/unitree_lidar_ros2/hook/cmake_prefix_path.dsv'
[1.597s] INFO:colcon.colcon_core.shell:Creating environment hook '/home/wolfwagen/Undergrad_Minchan_Folder/ROOMBA_PROJECT_1/install/unitree_lidar_ros2/share/unitree_lidar_ros2/hook/cmake_prefix_path.sh'
[1.599s] Level 1:colcon.colcon_core.environment:checking '/home/wolfwagen/Undergrad_Minchan_Folder/ROOMBA_PROJECT_1/install/unitree_lidar_ros2/lib'
[1.599s] Level 1:colcon.colcon_core.environment:checking '/home/wolfwagen/Undergrad_Minchan_Folder/ROOMBA_PROJECT_1/install/unitree_lidar_ros2/bin'
[1.600s] Level 1:colcon.colcon_core.environment:checking '/home/wolfwagen/Undergrad_Minchan_Folder/ROOMBA_PROJECT_1/install/unitree_lidar_ros2/lib/pkgconfig/unitree_lidar_ros2.pc'
[1.600s] Level 1:colcon.colcon_core.environment:checking '/home/wolfwagen/Undergrad_Minchan_Folder/ROOMBA_PROJECT_1/install/unitree_lidar_ros2/lib/python3.10/site-packages'
[1.601s] Level 1:colcon.colcon_core.environment:checking '/home/wolfwagen/Undergrad_Minchan_Folder/ROOMBA_PROJECT_1/install/unitree_lidar_ros2/bin'
[1.601s] INFO:colcon.colcon_core.shell:Creating package script '/home/wolfwagen/Undergrad_Minchan_Folder/ROOMBA_PROJECT_1/install/unitree_lidar_ros2/share/unitree_lidar_ros2/package.ps1'
[1.604s] INFO:colcon.colcon_core.shell:Creating package descriptor '/home/wolfwagen/Undergrad_Minchan_Folder/ROOMBA_PROJECT_1/install/unitree_lidar_ros2/share/unitree_lidar_ros2/package.dsv'
[1.605s] INFO:colcon.colcon_core.shell:Creating package script '/home/wolfwagen/Undergrad_Minchan_Folder/ROOMBA_PROJECT_1/install/unitree_lidar_ros2/share/unitree_lidar_ros2/package.sh'
[1.606s] INFO:colcon.colcon_core.shell:Creating package script '/home/wolfwagen/Undergrad_Minchan_Folder/ROOMBA_PROJECT_1/install/unitree_lidar_ros2/share/unitree_lidar_ros2/package.bash'
[1.608s] INFO:colcon.colcon_core.shell:Creating package script '/home/wolfwagen/Undergrad_Minchan_Folder/ROOMBA_PROJECT_1/install/unitree_lidar_ros2/share/unitree_lidar_ros2/package.zsh'
[1.609s] Level 1:colcon.colcon_core.environment:create_file_with_runtime_dependencies(/home/wolfwagen/Undergrad_Minchan_Folder/ROOMBA_PROJECT_1/install/unitree_lidar_ros2/share/colcon-core/packages/unitree_lidar_ros2)
[1.611s] Level 1:colcon.colcon_core.environment:create_environment_scripts_only(unitree_lidar_ros2)
[1.613s] Level 1:colcon.colcon_core.environment:checking '/home/wolfwagen/Undergrad_Minchan_Folder/ROOMBA_PROJECT_1/install/unitree_lidar_ros2' for CMake module files
[1.615s] Level 1:colcon.colcon_core.environment:checking '/home/wolfwagen/Undergrad_Minchan_Folder/ROOMBA_PROJECT_1/install/unitree_lidar_ros2' for CMake config files
[1.616s] Level 1:colcon.colcon_core.shell:create_environment_hook('unitree_lidar_ros2', 'cmake_prefix_path')
[1.616s] INFO:colcon.colcon_core.shell:Creating environment hook '/home/wolfwagen/Undergrad_Minchan_Folder/ROOMBA_PROJECT_1/install/unitree_lidar_ros2/share/unitree_lidar_ros2/hook/cmake_prefix_path.ps1'
[1.617s] INFO:colcon.colcon_core.shell:Creating environment descriptor '/home/wolfwagen/Undergrad_Minchan_Folder/ROOMBA_PROJECT_1/install/unitree_lidar_ros2/share/unitree_lidar_ros2/hook/cmake_prefix_path.dsv'
[1.618s] INFO:colcon.colcon_core.shell:Creating environment hook '/home/wolfwagen/Undergrad_Minchan_Folder/ROOMBA_PROJECT_1/install/unitree_lidar_ros2/share/unitree_lidar_ros2/hook/cmake_prefix_path.sh'
[1.620s] Level 1:colcon.colcon_core.environment:checking '/home/wolfwagen/Undergrad_Minchan_Folder/ROOMBA_PROJECT_1/install/unitree_lidar_ros2/lib'
[1.620s] Level 1:colcon.colcon_core.environment:checking '/home/wolfwagen/Undergrad_Minchan_Folder/ROOMBA_PROJECT_1/install/unitree_lidar_ros2/bin'
[1.620s] Level 1:colcon.colcon_core.environment:checking '/home/wolfwagen/Undergrad_Minchan_Folder/ROOMBA_PROJECT_1/install/unitree_lidar_ros2/lib/pkgconfig/unitree_lidar_ros2.pc'
[1.620s] Level 1:colcon.colcon_core.environment:checking '/home/wolfwagen/Undergrad_Minchan_Folder/ROOMBA_PROJECT_1/install/unitree_lidar_ros2/lib/python3.10/site-packages'
[1.621s] Level 1:colcon.colcon_core.environment:checking '/home/wolfwagen/Undergrad_Minchan_Folder/ROOMBA_PROJECT_1/install/unitree_lidar_ros2/bin'
[1.622s] INFO:colcon.colcon_core.shell:Creating package script '/home/wolfwagen/Undergrad_Minchan_Folder/ROOMBA_PROJECT_1/install/unitree_lidar_ros2/share/unitree_lidar_ros2/package.ps1'
[1.625s] INFO:colcon.colcon_core.shell:Creating package descriptor '/home/wolfwagen/Undergrad_Minchan_Folder/ROOMBA_PROJECT_1/install/unitree_lidar_ros2/share/unitree_lidar_ros2/package.dsv'
[1.626s] INFO:colcon.colcon_core.shell:Creating package script '/home/wolfwagen/Undergrad_Minchan_Folder/ROOMBA_PROJECT_1/install/unitree_lidar_ros2/share/unitree_lidar_ros2/package.sh'
[1.628s] INFO:colcon.colcon_core.shell:Creating package script '/home/wolfwagen/Undergrad_Minchan_Folder/ROOMBA_PROJECT_1/install/unitree_lidar_ros2/share/unitree_lidar_ros2/package.bash'
[1.628s] INFO:colcon.colcon_core.shell:Creating package script '/home/wolfwagen/Undergrad_Minchan_Folder/ROOMBA_PROJECT_1/install/unitree_lidar_ros2/share/unitree_lidar_ros2/package.zsh'
[1.629s] Level 1:colcon.colcon_core.environment:create_file_with_runtime_dependencies(/home/wolfwagen/Undergrad_Minchan_Folder/ROOMBA_PROJECT_1/install/unitree_lidar_ros2/share/colcon-core/packages/unitree_lidar_ros2)
[2.009s] DEBUG:colcon.colcon_core.event_handler.log_command:Invoked command in '/home/wolfwagen/Undergrad_Minchan_Folder/ROOMBA_PROJECT_1/build/unitree_lidar_sdk' returned '0': /usr/bin/cmake /home/wolfwagen/Undergrad_Minchan_Folder/ROOMBA_PROJECT_1/roomba_src/unilidar_sdk2/unitree_lidar_sdk -DCMAKE_INSTALL_PREFIX=/home/wolfwagen/Undergrad_Minchan_Folder/ROOMBA_PROJECT_1/install/unitree_lidar_sdk
[2.010s] DEBUG:colcon.colcon_core.event_handler.log_command:Invoking command in '/home/wolfwagen/Undergrad_Minchan_Folder/ROOMBA_PROJECT_1/build/unitree_lidar_sdk': /usr/bin/cmake --build /home/wolfwagen/Undergrad_Minchan_Folder/ROOMBA_PROJECT_1/build/unitree_lidar_sdk -- -j6 -l6
[2.247s] DEBUG:colcon.colcon_core.event_handler.log_command:Invoking command in '/home/wolfwagen/Undergrad_Minchan_Folder/ROOMBA_PROJECT_1/build/first_roomba_pkg': PYTHONPATH=/home/wolfwagen/Undergrad_Minchan_Folder/ROOMBA_PROJECT_1/build/first_roomba_pkg/prefix_override:/usr/lib/python3/dist-packages/colcon_core/task/python/colcon_distutils_commands:/home/wolfwagen/Undergrad_Minchan_Folder/ROOMBA_PROJECT_1/install/first_roomba_pkg/lib/python3.10/site-packages:${PYTHONPATH} /usr/bin/python3 -W ignore:setup.py install is deprecated -W ignore:easy_install command is deprecated setup.py develop --editable --build-directory /home/wolfwagen/Undergrad_Minchan_Folder/ROOMBA_PROJECT_1/build/first_roomba_pkg/build --no-deps symlink_data
[3.323s] DEBUG:colcon.colcon_core.event_handler.log_command:Invoked command in '/home/wolfwagen/Undergrad_Minchan_Folder/ROOMBA_PROJECT_1/build/zed_components' returned '0': CMAKE_PREFIX_PATH=${CMAKE_PREFIX_PATH}:/opt/ros/humble /usr/bin/cmake /home/wolfwagen/Undergrad_Minchan_Folder/ROOMBA_PROJECT_1/roomba_src/zed-ros2-wrapper/zed_components -DAMENT_CMAKE_SYMLINK_INSTALL=1 -DCMAKE_INSTALL_PREFIX=/home/wolfwagen/Undergrad_Minchan_Folder/ROOMBA_PROJECT_1/install/zed_components
[3.324s] DEBUG:colcon.colcon_core.event_handler.log_command:Invoking command in '/home/wolfwagen/Undergrad_Minchan_Folder/ROOMBA_PROJECT_1/build/zed_components': CMAKE_PREFIX_PATH=${CMAKE_PREFIX_PATH}:/opt/ros/humble /usr/bin/cmake --build /home/wolfwagen/Undergrad_Minchan_Folder/ROOMBA_PROJECT_1/build/zed_components -- -j6 -l6
[3.736s] DEBUG:colcon.colcon_core.event_handler.log_command:Invoked command in '/home/wolfwagen/Undergrad_Minchan_Folder/ROOMBA_PROJECT_1/build/zed_components' returned '0': CMAKE_PREFIX_PATH=${CMAKE_PREFIX_PATH}:/opt/ros/humble /usr/bin/cmake --build /home/wolfwagen/Undergrad_Minchan_Folder/ROOMBA_PROJECT_1/build/zed_components -- -j6 -l6
[3.740s] DEBUG:colcon.colcon_core.event_handler.log_command:Invoking command in '/home/wolfwagen/Undergrad_Minchan_Folder/ROOMBA_PROJECT_1/build/zed_components': CMAKE_PREFIX_PATH=${CMAKE_PREFIX_PATH}:/opt/ros/humble /usr/bin/cmake --install /home/wolfwagen/Undergrad_Minchan_Folder/ROOMBA_PROJECT_1/build/zed_components
[3.786s] Level 1:colcon.colcon_core.shell:create_environment_hook('first_roomba_pkg', 'pythonpath_develop')
[3.787s] INFO:colcon.colcon_core.shell:Creating environment hook '/home/wolfwagen/Undergrad_Minchan_Folder/ROOMBA_PROJECT_1/build/first_roomba_pkg/share/first_roomba_pkg/hook/pythonpath_develop.ps1'
[3.788s] INFO:colcon.colcon_core.shell:Creating environment descriptor '/home/wolfwagen/Undergrad_Minchan_Folder/ROOMBA_PROJECT_1/build/first_roomba_pkg/share/first_roomba_pkg/hook/pythonpath_develop.dsv'
[3.789s] INFO:colcon.colcon_core.shell:Creating environment hook '/home/wolfwagen/Undergrad_Minchan_Folder/ROOMBA_PROJECT_1/build/first_roomba_pkg/share/first_roomba_pkg/hook/pythonpath_develop.sh'
[3.791s] Level 1:colcon.colcon_core.environment:checking '/home/wolfwagen/Undergrad_Minchan_Folder/ROOMBA_PROJECT_1/install/first_roomba_pkg' for CMake module files
[3.798s] DEBUG:colcon.colcon_core.event_handler.log_command:Invoked command in '/home/wolfwagen/Undergrad_Minchan_Folder/ROOMBA_PROJECT_1/build/first_roomba_pkg' returned '0': PYTHONPATH=/home/wolfwagen/Undergrad_Minchan_Folder/ROOMBA_PROJECT_1/build/first_roomba_pkg/prefix_override:/usr/lib/python3/dist-packages/colcon_core/task/python/colcon_distutils_commands:/home/wolfwagen/Undergrad_Minchan_Folder/ROOMBA_PROJECT_1/install/first_roomba_pkg/lib/python3.10/site-packages:${PYTHONPATH} /usr/bin/python3 -W ignore:setup.py install is deprecated -W ignore:easy_install command is deprecated setup.py develop --editable --build-directory /home/wolfwagen/Undergrad_Minchan_Folder/ROOMBA_PROJECT_1/build/first_roomba_pkg/build --no-deps symlink_data
[3.799s] Level 1:colcon.colcon_core.environment:checking '/home/wolfwagen/Undergrad_Minchan_Folder/ROOMBA_PROJECT_1/install/first_roomba_pkg' for CMake config files
[3.801s] Level 1:colcon.colcon_core.environment:checking '/home/wolfwagen/Undergrad_Minchan_Folder/ROOMBA_PROJECT_1/install/first_roomba_pkg/lib'
[3.801s] Level 1:colcon.colcon_core.environment:checking '/home/wolfwagen/Undergrad_Minchan_Folder/ROOMBA_PROJECT_1/install/first_roomba_pkg/bin'
[3.802s] Level 1:colcon.colcon_core.environment:checking '/home/wolfwagen/Undergrad_Minchan_Folder/ROOMBA_PROJECT_1/install/first_roomba_pkg/lib/pkgconfig/first_roomba_pkg.pc'
[3.802s] Level 1:colcon.colcon_core.environment:checking '/home/wolfwagen/Undergrad_Minchan_Folder/ROOMBA_PROJECT_1/install/first_roomba_pkg/lib/python3.10/site-packages'
[3.802s] Level 1:colcon.colcon_core.shell:create_environment_hook('first_roomba_pkg', 'pythonpath')
[3.803s] INFO:colcon.colcon_core.shell:Creating environment hook '/home/wolfwagen/Undergrad_Minchan_Folder/ROOMBA_PROJECT_1/install/first_roomba_pkg/share/first_roomba_pkg/hook/pythonpath.ps1'
[3.804s] INFO:colcon.colcon_core.shell:Creating environment descriptor '/home/wolfwagen/Undergrad_Minchan_Folder/ROOMBA_PROJECT_1/install/first_roomba_pkg/share/first_roomba_pkg/hook/pythonpath.dsv'
[3.805s] INFO:colcon.colcon_core.shell:Creating environment hook '/home/wolfwagen/Undergrad_Minchan_Folder/ROOMBA_PROJECT_1/install/first_roomba_pkg/share/first_roomba_pkg/hook/pythonpath.sh'
[3.807s] Level 1:colcon.colcon_core.environment:checking '/home/wolfwagen/Undergrad_Minchan_Folder/ROOMBA_PROJECT_1/install/first_roomba_pkg/bin'
[3.808s] Level 1:colcon.colcon_core.environment:create_environment_scripts_only(first_roomba_pkg)
[3.808s] INFO:colcon.colcon_core.shell:Creating package script '/home/wolfwagen/Undergrad_Minchan_Folder/ROOMBA_PROJECT_1/install/first_roomba_pkg/share/first_roomba_pkg/package.ps1'
[3.810s] INFO:colcon.colcon_core.shell:Creating package descriptor '/home/wolfwagen/Undergrad_Minchan_Folder/ROOMBA_PROJECT_1/install/first_roomba_pkg/share/first_roomba_pkg/package.dsv'
[3.811s] INFO:colcon.colcon_core.shell:Creating package script '/home/wolfwagen/Undergrad_Minchan_Folder/ROOMBA_PROJECT_1/install/first_roomba_pkg/share/first_roomba_pkg/package.sh'
[3.812s] INFO:colcon.colcon_core.shell:Creating package script '/home/wolfwagen/Undergrad_Minchan_Folder/ROOMBA_PROJECT_1/install/first_roomba_pkg/share/first_roomba_pkg/package.bash'
[3.813s] INFO:colcon.colcon_core.shell:Creating package script '/home/wolfwagen/Undergrad_Minchan_Folder/ROOMBA_PROJECT_1/install/first_roomba_pkg/share/first_roomba_pkg/package.zsh'
[3.814s] Level 1:colcon.colcon_core.environment:create_file_with_runtime_dependencies(/home/wolfwagen/Undergrad_Minchan_Folder/ROOMBA_PROJECT_1/install/first_roomba_pkg/share/colcon-core/packages/first_roomba_pkg)
[3.817s] Level 1:colcon.colcon_core.environment:create_environment_scripts_only(zed_components)
[3.817s] DEBUG:colcon.colcon_core.event_handler.log_command:Invoked command in '/home/wolfwagen/Undergrad_Minchan_Folder/ROOMBA_PROJECT_1/build/zed_components' returned '0': CMAKE_PREFIX_PATH=${CMAKE_PREFIX_PATH}:/opt/ros/humble /usr/bin/cmake --install /home/wolfwagen/Undergrad_Minchan_Folder/ROOMBA_PROJECT_1/build/zed_components
[3.818s] Level 1:colcon.colcon_core.environment:checking '/home/wolfwagen/Undergrad_Minchan_Folder/ROOMBA_PROJECT_1/install/zed_components' for CMake module files
[3.819s] Level 1:colcon.colcon_core.environment:checking '/home/wolfwagen/Undergrad_Minchan_Folder/ROOMBA_PROJECT_1/install/zed_components' for CMake config files
[3.820s] Level 1:colcon.colcon_core.shell:create_environment_hook('zed_components', 'cmake_prefix_path')
[3.820s] INFO:colcon.colcon_core.shell:Creating environment hook '/home/wolfwagen/Undergrad_Minchan_Folder/ROOMBA_PROJECT_1/install/zed_components/share/zed_components/hook/cmake_prefix_path.ps1'
[3.822s] INFO:colcon.colcon_core.shell:Creating environment descriptor '/home/wolfwagen/Undergrad_Minchan_Folder/ROOMBA_PROJECT_1/install/zed_components/share/zed_components/hook/cmake_prefix_path.dsv'
[3.823s] INFO:colcon.colcon_core.shell:Creating environment hook '/home/wolfwagen/Undergrad_Minchan_Folder/ROOMBA_PROJECT_1/install/zed_components/share/zed_components/hook/cmake_prefix_path.sh'
[3.824s] Level 1:colcon.colcon_core.environment:checking '/home/wolfwagen/Undergrad_Minchan_Folder/ROOMBA_PROJECT_1/install/zed_components/lib'
[3.825s] Level 1:colcon.colcon_core.shell:create_environment_hook('zed_components', 'ld_library_path_lib')
[3.825s] INFO:colcon.colcon_core.shell:Creating environment hook '/home/wolfwagen/Undergrad_Minchan_Folder/ROOMBA_PROJECT_1/install/zed_components/share/zed_components/hook/ld_library_path_lib.ps1'
[3.826s] INFO:colcon.colcon_core.shell:Creating environment descriptor '/home/wolfwagen/Undergrad_Minchan_Folder/ROOMBA_PROJECT_1/install/zed_components/share/zed_components/hook/ld_library_path_lib.dsv'
[3.827s] INFO:colcon.colcon_core.shell:Creating environment hook '/home/wolfwagen/Undergrad_Minchan_Folder/ROOMBA_PROJECT_1/install/zed_components/share/zed_components/hook/ld_library_path_lib.sh'
[3.828s] Level 1:colcon.colcon_core.environment:checking '/home/wolfwagen/Undergrad_Minchan_Folder/ROOMBA_PROJECT_1/install/zed_components/bin'
[3.829s] Level 1:colcon.colcon_core.environment:checking '/home/wolfwagen/Undergrad_Minchan_Folder/ROOMBA_PROJECT_1/install/zed_components/lib/pkgconfig/zed_components.pc'
[3.829s] Level 1:colcon.colcon_core.environment:checking '/home/wolfwagen/Undergrad_Minchan_Folder/ROOMBA_PROJECT_1/install/zed_components/lib/python3.10/site-packages'
[3.830s] Level 1:colcon.colcon_core.environment:checking '/home/wolfwagen/Undergrad_Minchan_Folder/ROOMBA_PROJECT_1/install/zed_components/bin'
[3.831s] INFO:colcon.colcon_core.shell:Creating package script '/home/wolfwagen/Undergrad_Minchan_Folder/ROOMBA_PROJECT_1/install/zed_components/share/zed_components/package.ps1'
[3.833s] INFO:colcon.colcon_core.shell:Creating package descriptor '/home/wolfwagen/Undergrad_Minchan_Folder/ROOMBA_PROJECT_1/install/zed_components/share/zed_components/package.dsv'
[3.834s] INFO:colcon.colcon_core.shell:Creating package script '/home/wolfwagen/Undergrad_Minchan_Folder/ROOMBA_PROJECT_1/install/zed_components/share/zed_components/package.sh'
[3.835s] INFO:colcon.colcon_core.shell:Creating package script '/home/wolfwagen/Undergrad_Minchan_Folder/ROOMBA_PROJECT_1/install/zed_components/share/zed_components/package.bash'
[3.836s] INFO:colcon.colcon_core.shell:Creating package script '/home/wolfwagen/Undergrad_Minchan_Folder/ROOMBA_PROJECT_1/install/zed_components/share/zed_components/package.zsh'
[3.837s] Level 1:colcon.colcon_core.environment:create_file_with_runtime_dependencies(/home/wolfwagen/Undergrad_Minchan_Folder/ROOMBA_PROJECT_1/install/zed_components/share/colcon-core/packages/zed_components)
[3.838s] Level 1:colcon.colcon_core.environment:create_environment_scripts_only(zed_components)
[3.839s] Level 1:colcon.colcon_core.environment:checking '/home/wolfwagen/Undergrad_Minchan_Folder/ROOMBA_PROJECT_1/install/zed_components' for CMake module files
[3.840s] Level 1:colcon.colcon_core.environment:checking '/home/wolfwagen/Undergrad_Minchan_Folder/ROOMBA_PROJECT_1/install/zed_components' for CMake config files
[3.840s] Level 1:colcon.colcon_core.shell:create_environment_hook('zed_components', 'cmake_prefix_path')
[3.841s] INFO:colcon.colcon_core.shell:Creating environment hook '/home/wolfwagen/Undergrad_Minchan_Folder/ROOMBA_PROJECT_1/install/zed_components/share/zed_components/hook/cmake_prefix_path.ps1'
[3.842s] INFO:colcon.colcon_core.shell:Creating environment descriptor '/home/wolfwagen/Undergrad_Minchan_Folder/ROOMBA_PROJECT_1/install/zed_components/share/zed_components/hook/cmake_prefix_path.dsv'
[3.843s] INFO:colcon.colcon_core.shell:Creating environment hook '/home/wolfwagen/Undergrad_Minchan_Folder/ROOMBA_PROJECT_1/install/zed_components/share/zed_components/hook/cmake_prefix_path.sh'
[3.844s] Level 1:colcon.colcon_core.environment:checking '/home/wolfwagen/Undergrad_Minchan_Folder/ROOMBA_PROJECT_1/install/zed_components/lib'
[3.845s] Level 1:colcon.colcon_core.shell:create_environment_hook('zed_components', 'ld_library_path_lib')
[3.845s] INFO:colcon.colcon_core.shell:Creating environment hook '/home/wolfwagen/Undergrad_Minchan_Folder/ROOMBA_PROJECT_1/install/zed_components/share/zed_components/hook/ld_library_path_lib.ps1'
[3.846s] INFO:colcon.colcon_core.shell:Creating environment descriptor '/home/wolfwagen/Undergrad_Minchan_Folder/ROOMBA_PROJECT_1/install/zed_components/share/zed_components/hook/ld_library_path_lib.dsv'
[3.847s] INFO:colcon.colcon_core.shell:Creating environment hook '/home/wolfwagen/Undergrad_Minchan_Folder/ROOMBA_PROJECT_1/install/zed_components/share/zed_components/hook/ld_library_path_lib.sh'
[3.848s] Level 1:colcon.colcon_core.environment:checking '/home/wolfwagen/Undergrad_Minchan_Folder/ROOMBA_PROJECT_1/install/zed_components/bin'
[3.848s] Level 1:colcon.colcon_core.environment:checking '/home/wolfwagen/Undergrad_Minchan_Folder/ROOMBA_PROJECT_1/install/zed_components/lib/pkgconfig/zed_components.pc'
[3.849s] Level 1:colcon.colcon_core.environment:checking '/home/wolfwagen/Undergrad_Minchan_Folder/ROOMBA_PROJECT_1/install/zed_components/lib/python3.10/site-packages'
[3.849s] Level 1:colcon.colcon_core.environment:checking '/home/wolfwagen/Undergrad_Minchan_Folder/ROOMBA_PROJECT_1/install/zed_components/bin'
[3.850s] INFO:colcon.colcon_core.shell:Creating package script '/home/wolfwagen/Undergrad_Minchan_Folder/ROOMBA_PROJECT_1/install/zed_components/share/zed_components/package.ps1'
[3.852s] INFO:colcon.colcon_core.shell:Creating package descriptor '/home/wolfwagen/Undergrad_Minchan_Folder/ROOMBA_PROJECT_1/install/zed_components/share/zed_components/package.dsv'
[3.854s] INFO:colcon.colcon_core.shell:Creating package script '/home/wolfwagen/Undergrad_Minchan_Folder/ROOMBA_PROJECT_1/install/zed_components/share/zed_components/package.sh'
[3.857s] INFO:colcon.colcon_core.shell:Creating package script '/home/wolfwagen/Undergrad_Minchan_Folder/ROOMBA_PROJECT_1/install/zed_components/share/zed_components/package.bash'
[3.858s] INFO:colcon.colcon_core.shell:Creating package script '/home/wolfwagen/Undergrad_Minchan_Folder/ROOMBA_PROJECT_1/install/zed_components/share/zed_components/package.zsh'
[3.859s] Level 1:colcon.colcon_core.environment:create_file_with_runtime_dependencies(/home/wolfwagen/Undergrad_Minchan_Folder/ROOMBA_PROJECT_1/install/zed_components/share/colcon-core/packages/zed_components)
[3.861s] INFO:colcon.colcon_ros.task.ament_cmake.build:Building ROS package in '/home/wolfwagen/Undergrad_Minchan_Folder/ROOMBA_PROJECT_1/roomba_src/zed-ros2-wrapper/zed_wrapper' with build type 'ament_cmake'
[3.862s] INFO:colcon.colcon_cmake.task.cmake.build:Building CMake package in '/home/wolfwagen/Undergrad_Minchan_Folder/ROOMBA_PROJECT_1/roomba_src/zed-ros2-wrapper/zed_wrapper'
[3.862s] INFO:colcon.colcon_core.shell:Skip shell extension 'powershell' for command environment: Not usable outside of PowerShell
[3.863s] DEBUG:colcon.colcon_core.shell:Skip shell extension 'dsv' for command environment
[3.925s] DEBUG:colcon.colcon_core.event_handler.log_command:Invoking command in '/home/wolfwagen/Undergrad_Minchan_Folder/ROOMBA_PROJECT_1/build/zed_wrapper': AMENT_PREFIX_PATH=/home/wolfwagen/Undergrad_Minchan_Folder/ROOMBA_PROJECT_1/install/zed_components:${AMENT_PREFIX_PATH} CMAKE_PREFIX_PATH=/home/wolfwagen/Undergrad_Minchan_Folder/ROOMBA_PROJECT_1/install/zed_components:/home/wolfwagen/Undergrad_Minchan_Folder/ROOMBA_PROJECT_1/install/zed_ros2:/home/wolfwagen/Undergrad_Minchan_Folder/ROOMBA_PROJECT_1/install/zed_wrapper:/home/wolfwagen/Undergrad_Minchan_Folder/ROOMBA_PROJECT_1/install/unitree_lidar_ros2:/home/wolfwagen/Undergrad_Minchan_Folder/ROOMBA_PROJECT_1/roomba_src/install/unitree_lidar_ros2:/opt/ros/humble LD_LIBRARY_PATH=/home/wolfwagen/Undergrad_Minchan_Folder/ROOMBA_PROJECT_1/install/zed_components/lib:/usr/local/cuda-12.6/lib64:/opt/ros/humble/opt/rviz_ogre_vendor/lib:/opt/ros/humble/lib/aarch64-linux-gnu:/opt/ros/humble/lib:/usr/local/cuda-12.6/lib64 /usr/bin/cmake /home/wolfwagen/Undergrad_Minchan_Folder/ROOMBA_PROJECT_1/roomba_src/zed-ros2-wrapper/zed_wrapper -DAMENT_CMAKE_SYMLINK_INSTALL=1 -DCMAKE_INSTALL_PREFIX=/home/wolfwagen/Undergrad_Minchan_Folder/ROOMBA_PROJECT_1/install/zed_wrapper
[4.318s] DEBUG:colcon.colcon_core.event_handler.log_command:Invoked command in '/home/wolfwagen/Undergrad_Minchan_Folder/ROOMBA_PROJECT_1/build/unitree_lidar_sdk' returned '0': /usr/bin/cmake --build /home/wolfwagen/Undergrad_Minchan_Folder/ROOMBA_PROJECT_1/build/unitree_lidar_sdk -- -j6 -l6
[4.319s] WARNING:colcon.colcon_cmake.task.cmake.build:Could not run installation step for package 'unitree_lidar_sdk' because it has no 'install' target
[4.320s] Level 1:colcon.colcon_core.environment:create_environment_scripts_only(unitree_lidar_sdk)
[4.323s] Level 1:colcon.colcon_core.environment:checking '/home/wolfwagen/Undergrad_Minchan_Folder/ROOMBA_PROJECT_1/install/unitree_lidar_sdk' for CMake module files
[4.324s] Level 1:colcon.colcon_core.environment:checking '/home/wolfwagen/Undergrad_Minchan_Folder/ROOMBA_PROJECT_1/install/unitree_lidar_sdk' for CMake config files
[4.325s] Level 1:colcon.colcon_core.environment:checking '/home/wolfwagen/Undergrad_Minchan_Folder/ROOMBA_PROJECT_1/install/unitree_lidar_sdk/bin'
[4.325s] Level 1:colcon.colcon_core.environment:checking '/home/wolfwagen/Undergrad_Minchan_Folder/ROOMBA_PROJECT_1/install/unitree_lidar_sdk/lib/pkgconfig/unitree_lidar_sdk.pc'
[4.326s] Level 1:colcon.colcon_core.environment:checking '/home/wolfwagen/Undergrad_Minchan_Folder/ROOMBA_PROJECT_1/install/unitree_lidar_sdk/lib/python3.10/site-packages'
[4.328s] Level 1:colcon.colcon_core.environment:checking '/home/wolfwagen/Undergrad_Minchan_Folder/ROOMBA_PROJECT_1/install/unitree_lidar_sdk/bin'
[4.329s] INFO:colcon.colcon_core.shell:Creating package script '/home/wolfwagen/Undergrad_Minchan_Folder/ROOMBA_PROJECT_1/install/unitree_lidar_sdk/share/unitree_lidar_sdk/package.ps1'
[4.331s] INFO:colcon.colcon_core.shell:Creating package descriptor '/home/wolfwagen/Undergrad_Minchan_Folder/ROOMBA_PROJECT_1/install/unitree_lidar_sdk/share/unitree_lidar_sdk/package.dsv'
[4.333s] INFO:colcon.colcon_core.shell:Creating package script '/home/wolfwagen/Undergrad_Minchan_Folder/ROOMBA_PROJECT_1/install/unitree_lidar_sdk/share/unitree_lidar_sdk/package.sh'
[4.334s] INFO:colcon.colcon_core.shell:Creating package script '/home/wolfwagen/Undergrad_Minchan_Folder/ROOMBA_PROJECT_1/install/unitree_lidar_sdk/share/unitree_lidar_sdk/package.bash'
[4.335s] INFO:colcon.colcon_core.shell:Creating package script '/home/wolfwagen/Undergrad_Minchan_Folder/ROOMBA_PROJECT_1/install/unitree_lidar_sdk/share/unitree_lidar_sdk/package.zsh'
[4.336s] Level 1:colcon.colcon_core.environment:create_file_with_runtime_dependencies(/home/wolfwagen/Undergrad_Minchan_Folder/ROOMBA_PROJECT_1/install/unitree_lidar_sdk/share/colcon-core/packages/unitree_lidar_sdk)
[5.417s] DEBUG:colcon.colcon_core.event_handler.log_command:Invoked command in '/home/wolfwagen/Undergrad_Minchan_Folder/ROOMBA_PROJECT_1/build/zed_wrapper' returned '0': AMENT_PREFIX_PATH=/home/wolfwagen/Undergrad_Minchan_Folder/ROOMBA_PROJECT_1/install/zed_components:${AMENT_PREFIX_PATH} CMAKE_PREFIX_PATH=/home/wolfwagen/Undergrad_Minchan_Folder/ROOMBA_PROJECT_1/install/zed_components:/home/wolfwagen/Undergrad_Minchan_Folder/ROOMBA_PROJECT_1/install/zed_ros2:/home/wolfwagen/Undergrad_Minchan_Folder/ROOMBA_PROJECT_1/install/zed_wrapper:/home/wolfwagen/Undergrad_Minchan_Folder/ROOMBA_PROJECT_1/install/unitree_lidar_ros2:/home/wolfwagen/Undergrad_Minchan_Folder/ROOMBA_PROJECT_1/roomba_src/install/unitree_lidar_ros2:/opt/ros/humble LD_LIBRARY_PATH=/home/wolfwagen/Undergrad_Minchan_Folder/ROOMBA_PROJECT_1/install/zed_components/lib:/usr/local/cuda-12.6/lib64:/opt/ros/humble/opt/rviz_ogre_vendor/lib:/opt/ros/humble/lib/aarch64-linux-gnu:/opt/ros/humble/lib:/usr/local/cuda-12.6/lib64 /usr/bin/cmake /home/wolfwagen/Undergrad_Minchan_Folder/ROOMBA_PROJECT_1/roomba_src/zed-ros2-wrapper/zed_wrapper -DAMENT_CMAKE_SYMLINK_INSTALL=1 -DCMAKE_INSTALL_PREFIX=/home/wolfwagen/Undergrad_Minchan_Folder/ROOMBA_PROJECT_1/install/zed_wrapper
[5.421s] DEBUG:colcon.colcon_core.event_handler.log_command:Invoking command in '/home/wolfwagen/Undergrad_Minchan_Folder/ROOMBA_PROJECT_1/build/zed_wrapper': AMENT_PREFIX_PATH=/home/wolfwagen/Undergrad_Minchan_Folder/ROOMBA_PROJECT_1/install/zed_components:${AMENT_PREFIX_PATH} CMAKE_PREFIX_PATH=/home/wolfwagen/Undergrad_Minchan_Folder/ROOMBA_PROJECT_1/install/zed_components:/home/wolfwagen/Undergrad_Minchan_Folder/ROOMBA_PROJECT_1/install/zed_ros2:/home/wolfwagen/Undergrad_Minchan_Folder/ROOMBA_PROJECT_1/install/zed_wrapper:/home/wolfwagen/Undergrad_Minchan_Folder/ROOMBA_PROJECT_1/install/unitree_lidar_ros2:/home/wolfwagen/Undergrad_Minchan_Folder/ROOMBA_PROJECT_1/roomba_src/install/unitree_lidar_ros2:/opt/ros/humble LD_LIBRARY_PATH=/home/wolfwagen/Undergrad_Minchan_Folder/ROOMBA_PROJECT_1/install/zed_components/lib:/usr/local/cuda-12.6/lib64:/opt/ros/humble/opt/rviz_ogre_vendor/lib:/opt/ros/humble/lib/aarch64-linux-gnu:/opt/ros/humble/lib:/usr/local/cuda-12.6/lib64 /usr/bin/cmake --build /home/wolfwagen/Undergrad_Minchan_Folder/ROOMBA_PROJECT_1/build/zed_wrapper -- -j6 -l6
[5.500s] DEBUG:colcon.colcon_core.event_handler.log_command:Invoked command in '/home/wolfwagen/Undergrad_Minchan_Folder/ROOMBA_PROJECT_1/build/zed_wrapper' returned '0': AMENT_PREFIX_PATH=/home/wolfwagen/Undergrad_Minchan_Folder/ROOMBA_PROJECT_1/install/zed_components:${AMENT_PREFIX_PATH} CMAKE_PREFIX_PATH=/home/wolfwagen/Undergrad_Minchan_Folder/ROOMBA_PROJECT_1/install/zed_components:/home/wolfwagen/Undergrad_Minchan_Folder/ROOMBA_PROJECT_1/install/zed_ros2:/home/wolfwagen/Undergrad_Minchan_Folder/ROOMBA_PROJECT_1/install/zed_wrapper:/home/wolfwagen/Undergrad_Minchan_Folder/ROOMBA_PROJECT_1/install/unitree_lidar_ros2:/home/wolfwagen/Undergrad_Minchan_Folder/ROOMBA_PROJECT_1/roomba_src/install/unitree_lidar_ros2:/opt/ros/humble LD_LIBRARY_PATH=/home/wolfwagen/Undergrad_Minchan_Folder/ROOMBA_PROJECT_1/install/zed_components/lib:/usr/local/cuda-12.6/lib64:/opt/ros/humble/opt/rviz_ogre_vendor/lib:/opt/ros/humble/lib/aarch64-linux-gnu:/opt/ros/humble/lib:/usr/local/cuda-12.6/lib64 /usr/bin/cmake --build /home/wolfwagen/Undergrad_Minchan_Folder/ROOMBA_PROJECT_1/build/zed_wrapper -- -j6 -l6
[5.508s] DEBUG:colcon.colcon_core.event_handler.log_command:Invoking command in '/home/wolfwagen/Undergrad_Minchan_Folder/ROOMBA_PROJECT_1/build/zed_wrapper': AMENT_PREFIX_PATH=/home/wolfwagen/Undergrad_Minchan_Folder/ROOMBA_PROJECT_1/install/zed_components:${AMENT_PREFIX_PATH} CMAKE_PREFIX_PATH=/home/wolfwagen/Undergrad_Minchan_Folder/ROOMBA_PROJECT_1/install/zed_components:/home/wolfwagen/Undergrad_Minchan_Folder/ROOMBA_PROJECT_1/install/zed_ros2:/home/wolfwagen/Undergrad_Minchan_Folder/ROOMBA_PROJECT_1/install/zed_wrapper:/home/wolfwagen/Undergrad_Minchan_Folder/ROOMBA_PROJECT_1/install/unitree_lidar_ros2:/home/wolfwagen/Undergrad_Minchan_Folder/ROOMBA_PROJECT_1/roomba_src/install/unitree_lidar_ros2:/opt/ros/humble LD_LIBRARY_PATH=/home/wolfwagen/Undergrad_Minchan_Folder/ROOMBA_PROJECT_1/install/zed_components/lib:/usr/local/cuda-12.6/lib64:/opt/ros/humble/opt/rviz_ogre_vendor/lib:/opt/ros/humble/lib/aarch64-linux-gnu:/opt/ros/humble/lib:/usr/local/cuda-12.6/lib64 /usr/bin/cmake --install /home/wolfwagen/Undergrad_Minchan_Folder/ROOMBA_PROJECT_1/build/zed_wrapper
[5.558s] Level 1:colcon.colcon_core.environment:create_environment_scripts_only(zed_wrapper)
[5.559s] Level 1:colcon.colcon_core.environment:checking '/home/wolfwagen/Undergrad_Minchan_Folder/ROOMBA_PROJECT_1/install/zed_wrapper' for CMake module files
[5.561s] DEBUG:colcon.colcon_core.event_handler.log_command:Invoked command in '/home/wolfwagen/Undergrad_Minchan_Folder/ROOMBA_PROJECT_1/build/zed_wrapper' returned '0': AMENT_PREFIX_PATH=/home/wolfwagen/Undergrad_Minchan_Folder/ROOMBA_PROJECT_1/install/zed_components:${AMENT_PREFIX_PATH} CMAKE_PREFIX_PATH=/home/wolfwagen/Undergrad_Minchan_Folder/ROOMBA_PROJECT_1/install/zed_components:/home/wolfwagen/Undergrad_Minchan_Folder/ROOMBA_PROJECT_1/install/zed_ros2:/home/wolfwagen/Undergrad_Minchan_Folder/ROOMBA_PROJECT_1/install/zed_wrapper:/home/wolfwagen/Undergrad_Minchan_Folder/ROOMBA_PROJECT_1/install/unitree_lidar_ros2:/home/wolfwagen/Undergrad_Minchan_Folder/ROOMBA_PROJECT_1/roomba_src/install/unitree_lidar_ros2:/opt/ros/humble LD_LIBRARY_PATH=/home/wolfwagen/Undergrad_Minchan_Folder/ROOMBA_PROJECT_1/install/zed_components/lib:/usr/local/cuda-12.6/lib64:/opt/ros/humble/opt/rviz_ogre_vendor/lib:/opt/ros/humble/lib/aarch64-linux-gnu:/opt/ros/humble/lib:/usr/local/cuda-12.6/lib64 /usr/bin/cmake --install /home/wolfwagen/Undergrad_Minchan_Folder/ROOMBA_PROJECT_1/build/zed_wrapper
[5.562s] Level 1:colcon.colcon_core.environment:checking '/home/wolfwagen/Undergrad_Minchan_Folder/ROOMBA_PROJECT_1/install/zed_wrapper' for CMake config files
[5.564s] Level 1:colcon.colcon_core.shell:create_environment_hook('zed_wrapper', 'cmake_prefix_path')
[5.565s] INFO:colcon.colcon_core.shell:Creating environment hook '/home/wolfwagen/Undergrad_Minchan_Folder/ROOMBA_PROJECT_1/install/zed_wrapper/share/zed_wrapper/hook/cmake_prefix_path.ps1'
[5.566s] INFO:colcon.colcon_core.shell:Creating environment descriptor '/home/wolfwagen/Undergrad_Minchan_Folder/ROOMBA_PROJECT_1/install/zed_wrapper/share/zed_wrapper/hook/cmake_prefix_path.dsv'
[5.568s] INFO:colcon.colcon_core.shell:Creating environment hook '/home/wolfwagen/Undergrad_Minchan_Folder/ROOMBA_PROJECT_1/install/zed_wrapper/share/zed_wrapper/hook/cmake_prefix_path.sh'
[5.570s] Level 1:colcon.colcon_core.environment:checking '/home/wolfwagen/Undergrad_Minchan_Folder/ROOMBA_PROJECT_1/install/zed_wrapper/bin'
[5.570s] Level 1:colcon.colcon_core.environment:checking '/home/wolfwagen/Undergrad_Minchan_Folder/ROOMBA_PROJECT_1/install/zed_wrapper/lib/pkgconfig/zed_wrapper.pc'
[5.571s] Level 1:colcon.colcon_core.environment:checking '/home/wolfwagen/Undergrad_Minchan_Folder/ROOMBA_PROJECT_1/install/zed_wrapper/lib/python3.10/site-packages'
[5.572s] Level 1:colcon.colcon_core.environment:checking '/home/wolfwagen/Undergrad_Minchan_Folder/ROOMBA_PROJECT_1/install/zed_wrapper/bin'
[5.573s] INFO:colcon.colcon_core.shell:Creating package script '/home/wolfwagen/Undergrad_Minchan_Folder/ROOMBA_PROJECT_1/install/zed_wrapper/share/zed_wrapper/package.ps1'
[5.576s] INFO:colcon.colcon_core.shell:Creating package descriptor '/home/wolfwagen/Undergrad_Minchan_Folder/ROOMBA_PROJECT_1/install/zed_wrapper/share/zed_wrapper/package.dsv'
[5.577s] INFO:colcon.colcon_core.shell:Creating package script '/home/wolfwagen/Undergrad_Minchan_Folder/ROOMBA_PROJECT_1/install/zed_wrapper/share/zed_wrapper/package.sh'
[5.579s] INFO:colcon.colcon_core.shell:Creating package script '/home/wolfwagen/Undergrad_Minchan_Folder/ROOMBA_PROJECT_1/install/zed_wrapper/share/zed_wrapper/package.bash'
[5.580s] INFO:colcon.colcon_core.shell:Creating package script '/home/wolfwagen/Undergrad_Minchan_Folder/ROOMBA_PROJECT_1/install/zed_wrapper/share/zed_wrapper/package.zsh'
[5.582s] Level 1:colcon.colcon_core.environment:create_file_with_runtime_dependencies(/home/wolfwagen/Undergrad_Minchan_Folder/ROOMBA_PROJECT_1/install/zed_wrapper/share/colcon-core/packages/zed_wrapper)
[5.584s] Level 1:colcon.colcon_core.environment:create_environment_scripts_only(zed_wrapper)
[5.585s] Level 1:colcon.colcon_core.environment:checking '/home/wolfwagen/Undergrad_Minchan_Folder/ROOMBA_PROJECT_1/install/zed_wrapper' for CMake module files
[5.586s] Level 1:colcon.colcon_core.environment:checking '/home/wolfwagen/Undergrad_Minchan_Folder/ROOMBA_PROJECT_1/install/zed_wrapper' for CMake config files
[5.589s] Level 1:colcon.colcon_core.shell:create_environment_hook('zed_wrapper', 'cmake_prefix_path')
[5.589s] INFO:colcon.colcon_core.shell:Creating environment hook '/home/wolfwagen/Undergrad_Minchan_Folder/ROOMBA_PROJECT_1/install/zed_wrapper/share/zed_wrapper/hook/cmake_prefix_path.ps1'
[5.591s] INFO:colcon.colcon_core.shell:Creating environment descriptor '/home/wolfwagen/Undergrad_Minchan_Folder/ROOMBA_PROJECT_1/install/zed_wrapper/share/zed_wrapper/hook/cmake_prefix_path.dsv'
[5.592s] INFO:colcon.colcon_core.shell:Creating environment hook '/home/wolfwagen/Undergrad_Minchan_Folder/ROOMBA_PROJECT_1/install/zed_wrapper/share/zed_wrapper/hook/cmake_prefix_path.sh'
[5.594s] Level 1:colcon.colcon_core.environment:checking '/home/wolfwagen/Undergrad_Minchan_Folder/ROOMBA_PROJECT_1/install/zed_wrapper/bin'
[5.595s] Level 1:colcon.colcon_core.environment:checking '/home/wolfwagen/Undergrad_Minchan_Folder/ROOMBA_PROJECT_1/install/zed_wrapper/lib/pkgconfig/zed_wrapper.pc'
[5.596s] Level 1:colcon.colcon_core.environment:checking '/home/wolfwagen/Undergrad_Minchan_Folder/ROOMBA_PROJECT_1/install/zed_wrapper/lib/python3.10/site-packages'
[5.597s] Level 1:colcon.colcon_core.environment:checking '/home/wolfwagen/Undergrad_Minchan_Folder/ROOMBA_PROJECT_1/install/zed_wrapper/bin'
[5.598s] INFO:colcon.colcon_core.shell:Creating package script '/home/wolfwagen/Undergrad_Minchan_Folder/ROOMBA_PROJECT_1/install/zed_wrapper/share/zed_wrapper/package.ps1'
[5.601s] INFO:colcon.colcon_core.shell:Creating package descriptor '/home/wolfwagen/Undergrad_Minchan_Folder/ROOMBA_PROJECT_1/install/zed_wrapper/share/zed_wrapper/package.dsv'
[5.602s] INFO:colcon.colcon_core.shell:Creating package script '/home/wolfwagen/Undergrad_Minchan_Folder/ROOMBA_PROJECT_1/install/zed_wrapper/share/zed_wrapper/package.sh'
[5.605s] INFO:colcon.colcon_core.shell:Creating package script '/home/wolfwagen/Undergrad_Minchan_Folder/ROOMBA_PROJECT_1/install/zed_wrapper/share/zed_wrapper/package.bash'
[5.607s] INFO:colcon.colcon_core.shell:Creating package script '/home/wolfwagen/Undergrad_Minchan_Folder/ROOMBA_PROJECT_1/install/zed_wrapper/share/zed_wrapper/package.zsh'
[5.608s] Level 1:colcon.colcon_core.environment:create_file_with_runtime_dependencies(/home/wolfwagen/Undergrad_Minchan_Folder/ROOMBA_PROJECT_1/install/zed_wrapper/share/colcon-core/packages/zed_wrapper)
[5.609s] INFO:colcon.colcon_ros.task.ament_cmake.build:Building ROS package in '/home/wolfwagen/Undergrad_Minchan_Folder/ROOMBA_PROJECT_1/roomba_src/zed-ros2-wrapper/zed_ros2' with build type 'ament_cmake'
[5.610s] INFO:colcon.colcon_cmake.task.cmake.build:Building CMake package in '/home/wolfwagen/Undergrad_Minchan_Folder/ROOMBA_PROJECT_1/roomba_src/zed-ros2-wrapper/zed_ros2'
[5.611s] INFO:colcon.colcon_core.shell:Skip shell extension 'powershell' for command environment: Not usable outside of PowerShell
[5.611s] DEBUG:colcon.colcon_core.shell:Skip shell extension 'dsv' for command environment
[5.638s] DEBUG:colcon.colcon_core.event_handler.log_command:Invoking command in '/home/wolfwagen/Undergrad_Minchan_Folder/ROOMBA_PROJECT_1/build/zed_ros2': AMENT_PREFIX_PATH=/home/wolfwagen/Undergrad_Minchan_Folder/ROOMBA_PROJECT_1/install/zed_wrapper:/home/wolfwagen/Undergrad_Minchan_Folder/ROOMBA_PROJECT_1/install/zed_components:${AMENT_PREFIX_PATH} CMAKE_PREFIX_PATH=/home/wolfwagen/Undergrad_Minchan_Folder/ROOMBA_PROJECT_1/install/zed_wrapper:/home/wolfwagen/Undergrad_Minchan_Folder/ROOMBA_PROJECT_1/install/zed_components:/home/wolfwagen/Undergrad_Minchan_Folder/ROOMBA_PROJECT_1/install/zed_ros2:/home/wolfwagen/Undergrad_Minchan_Folder/ROOMBA_PROJECT_1/install/unitree_lidar_ros2:/home/wolfwagen/Undergrad_Minchan_Folder/ROOMBA_PROJECT_1/roomba_src/install/unitree_lidar_ros2:/opt/ros/humble LD_LIBRARY_PATH=/home/wolfwagen/Undergrad_Minchan_Folder/ROOMBA_PROJECT_1/install/zed_components/lib:/usr/local/cuda-12.6/lib64:/opt/ros/humble/opt/rviz_ogre_vendor/lib:/opt/ros/humble/lib/aarch64-linux-gnu:/opt/ros/humble/lib:/usr/local/cuda-12.6/lib64 /usr/bin/cmake /home/wolfwagen/Undergrad_Minchan_Folder/ROOMBA_PROJECT_1/roomba_src/zed-ros2-wrapper/zed_ros2 -DAMENT_CMAKE_SYMLINK_INSTALL=1 -DCMAKE_INSTALL_PREFIX=/home/wolfwagen/Undergrad_Minchan_Folder/ROOMBA_PROJECT_1/install/zed_ros2
[6.062s] DEBUG:colcon.colcon_core.event_handler.log_command:Invoked command in '/home/wolfwagen/Undergrad_Minchan_Folder/ROOMBA_PROJECT_1/build/zed_ros2' returned '0': AMENT_PREFIX_PATH=/home/wolfwagen/Undergrad_Minchan_Folder/ROOMBA_PROJECT_1/install/zed_wrapper:/home/wolfwagen/Undergrad_Minchan_Folder/ROOMBA_PROJECT_1/install/zed_components:${AMENT_PREFIX_PATH} CMAKE_PREFIX_PATH=/home/wolfwagen/Undergrad_Minchan_Folder/ROOMBA_PROJECT_1/install/zed_wrapper:/home/wolfwagen/Undergrad_Minchan_Folder/ROOMBA_PROJECT_1/install/zed_components:/home/wolfwagen/Undergrad_Minchan_Folder/ROOMBA_PROJECT_1/install/zed_ros2:/home/wolfwagen/Undergrad_Minchan_Folder/ROOMBA_PROJECT_1/install/unitree_lidar_ros2:/home/wolfwagen/Undergrad_Minchan_Folder/ROOMBA_PROJECT_1/roomba_src/install/unitree_lidar_ros2:/opt/ros/humble LD_LIBRARY_PATH=/home/wolfwagen/Undergrad_Minchan_Folder/ROOMBA_PROJECT_1/install/zed_components/lib:/usr/local/cuda-12.6/lib64:/opt/ros/humble/opt/rviz_ogre_vendor/lib:/opt/ros/humble/lib/aarch64-linux-gnu:/opt/ros/humble/lib:/usr/local/cuda-12.6/lib64 /usr/bin/cmake /home/wolfwagen/Undergrad_Minchan_Folder/ROOMBA_PROJECT_1/roomba_src/zed-ros2-wrapper/zed_ros2 -DAMENT_CMAKE_SYMLINK_INSTALL=1 -DCMAKE_INSTALL_PREFIX=/home/wolfwagen/Undergrad_Minchan_Folder/ROOMBA_PROJECT_1/install/zed_ros2
[6.066s] DEBUG:colcon.colcon_core.event_handler.log_command:Invoking command in '/home/wolfwagen/Undergrad_Minchan_Folder/ROOMBA_PROJECT_1/build/zed_ros2': AMENT_PREFIX_PATH=/home/wolfwagen/Undergrad_Minchan_Folder/ROOMBA_PROJECT_1/install/zed_wrapper:/home/wolfwagen/Undergrad_Minchan_Folder/ROOMBA_PROJECT_1/install/zed_components:${AMENT_PREFIX_PATH} CMAKE_PREFIX_PATH=/home/wolfwagen/Undergrad_Minchan_Folder/ROOMBA_PROJECT_1/install/zed_wrapper:/home/wolfwagen/Undergrad_Minchan_Folder/ROOMBA_PROJECT_1/install/zed_components:/home/wolfwagen/Undergrad_Minchan_Folder/ROOMBA_PROJECT_1/install/zed_ros2:/home/wolfwagen/Undergrad_Minchan_Folder/ROOMBA_PROJECT_1/install/unitree_lidar_ros2:/home/wolfwagen/Undergrad_Minchan_Folder/ROOMBA_PROJECT_1/roomba_src/install/unitree_lidar_ros2:/opt/ros/humble LD_LIBRARY_PATH=/home/wolfwagen/Undergrad_Minchan_Folder/ROOMBA_PROJECT_1/install/zed_components/lib:/usr/local/cuda-12.6/lib64:/opt/ros/humble/opt/rviz_ogre_vendor/lib:/opt/ros/humble/lib/aarch64-linux-gnu:/opt/ros/humble/lib:/usr/local/cuda-12.6/lib64 /usr/bin/cmake --build /home/wolfwagen/Undergrad_Minchan_Folder/ROOMBA_PROJECT_1/build/zed_ros2 -- -j6 -l6
[6.130s] DEBUG:colcon.colcon_core.event_handler.log_command:Invoked command in '/home/wolfwagen/Undergrad_Minchan_Folder/ROOMBA_PROJECT_1/build/zed_ros2' returned '0': AMENT_PREFIX_PATH=/home/wolfwagen/Undergrad_Minchan_Folder/ROOMBA_PROJECT_1/install/zed_wrapper:/home/wolfwagen/Undergrad_Minchan_Folder/ROOMBA_PROJECT_1/install/zed_components:${AMENT_PREFIX_PATH} CMAKE_PREFIX_PATH=/home/wolfwagen/Undergrad_Minchan_Folder/ROOMBA_PROJECT_1/install/zed_wrapper:/home/wolfwagen/Undergrad_Minchan_Folder/ROOMBA_PROJECT_1/install/zed_components:/home/wolfwagen/Undergrad_Minchan_Folder/ROOMBA_PROJECT_1/install/zed_ros2:/home/wolfwagen/Undergrad_Minchan_Folder/ROOMBA_PROJECT_1/install/unitree_lidar_ros2:/home/wolfwagen/Undergrad_Minchan_Folder/ROOMBA_PROJECT_1/roomba_src/install/unitree_lidar_ros2:/opt/ros/humble LD_LIBRARY_PATH=/home/wolfwagen/Undergrad_Minchan_Folder/ROOMBA_PROJECT_1/install/zed_components/lib:/usr/local/cuda-12.6/lib64:/opt/ros/humble/opt/rviz_ogre_vendor/lib:/opt/ros/humble/lib/aarch64-linux-gnu:/opt/ros/humble/lib:/usr/local/cuda-12.6/lib64 /usr/bin/cmake --build /home/wolfwagen/Undergrad_Minchan_Folder/ROOMBA_PROJECT_1/build/zed_ros2 -- -j6 -l6
[6.136s] DEBUG:colcon.colcon_core.event_handler.log_command:Invoking command in '/home/wolfwagen/Undergrad_Minchan_Folder/ROOMBA_PROJECT_1/build/zed_ros2': AMENT_PREFIX_PATH=/home/wolfwagen/Undergrad_Minchan_Folder/ROOMBA_PROJECT_1/install/zed_wrapper:/home/wolfwagen/Undergrad_Minchan_Folder/ROOMBA_PROJECT_1/install/zed_components:${AMENT_PREFIX_PATH} CMAKE_PREFIX_PATH=/home/wolfwagen/Undergrad_Minchan_Folder/ROOMBA_PROJECT_1/install/zed_wrapper:/home/wolfwagen/Undergrad_Minchan_Folder/ROOMBA_PROJECT_1/install/zed_components:/home/wolfwagen/Undergrad_Minchan_Folder/ROOMBA_PROJECT_1/install/zed_ros2:/home/wolfwagen/Undergrad_Minchan_Folder/ROOMBA_PROJECT_1/install/unitree_lidar_ros2:/home/wolfwagen/Undergrad_Minchan_Folder/ROOMBA_PROJECT_1/roomba_src/install/unitree_lidar_ros2:/opt/ros/humble LD_LIBRARY_PATH=/home/wolfwagen/Undergrad_Minchan_Folder/ROOMBA_PROJECT_1/install/zed_components/lib:/usr/local/cuda-12.6/lib64:/opt/ros/humble/opt/rviz_ogre_vendor/lib:/opt/ros/humble/lib/aarch64-linux-gnu:/opt/ros/humble/lib:/usr/local/cuda-12.6/lib64 /usr/bin/cmake --install /home/wolfwagen/Undergrad_Minchan_Folder/ROOMBA_PROJECT_1/build/zed_ros2
[6.171s] Level 1:colcon.colcon_core.environment:create_environment_scripts_only(zed_ros2)
[6.173s] Level 1:colcon.colcon_core.environment:checking '/home/wolfwagen/Undergrad_Minchan_Folder/ROOMBA_PROJECT_1/install/zed_ros2' for CMake module files
[6.175s] DEBUG:colcon.colcon_core.event_handler.log_command:Invoked command in '/home/wolfwagen/Undergrad_Minchan_Folder/ROOMBA_PROJECT_1/build/zed_ros2' returned '0': AMENT_PREFIX_PATH=/home/wolfwagen/Undergrad_Minchan_Folder/ROOMBA_PROJECT_1/install/zed_wrapper:/home/wolfwagen/Undergrad_Minchan_Folder/ROOMBA_PROJECT_1/install/zed_components:${AMENT_PREFIX_PATH} CMAKE_PREFIX_PATH=/home/wolfwagen/Undergrad_Minchan_Folder/ROOMBA_PROJECT_1/install/zed_wrapper:/home/wolfwagen/Undergrad_Minchan_Folder/ROOMBA_PROJECT_1/install/zed_components:/home/wolfwagen/Undergrad_Minchan_Folder/ROOMBA_PROJECT_1/install/zed_ros2:/home/wolfwagen/Undergrad_Minchan_Folder/ROOMBA_PROJECT_1/install/unitree_lidar_ros2:/home/wolfwagen/Undergrad_Minchan_Folder/ROOMBA_PROJECT_1/roomba_src/install/unitree_lidar_ros2:/opt/ros/humble LD_LIBRARY_PATH=/home/wolfwagen/Undergrad_Minchan_Folder/ROOMBA_PROJECT_1/install/zed_components/lib:/usr/local/cuda-12.6/lib64:/opt/ros/humble/opt/rviz_ogre_vendor/lib:/opt/ros/humble/lib/aarch64-linux-gnu:/opt/ros/humble/lib:/usr/local/cuda-12.6/lib64 /usr/bin/cmake --install /home/wolfwagen/Undergrad_Minchan_Folder/ROOMBA_PROJECT_1/build/zed_ros2
[6.176s] Level 1:colcon.colcon_core.environment:checking '/home/wolfwagen/Undergrad_Minchan_Folder/ROOMBA_PROJECT_1/install/zed_ros2' for CMake config files
[6.176s] Level 1:colcon.colcon_core.shell:create_environment_hook('zed_ros2', 'cmake_prefix_path')
[6.177s] INFO:colcon.colcon_core.shell:Creating environment hook '/home/wolfwagen/Undergrad_Minchan_Folder/ROOMBA_PROJECT_1/install/zed_ros2/share/zed_ros2/hook/cmake_prefix_path.ps1'
[6.179s] INFO:colcon.colcon_core.shell:Creating environment descriptor '/home/wolfwagen/Undergrad_Minchan_Folder/ROOMBA_PROJECT_1/install/zed_ros2/share/zed_ros2/hook/cmake_prefix_path.dsv'
[6.181s] INFO:colcon.colcon_core.shell:Creating environment hook '/home/wolfwagen/Undergrad_Minchan_Folder/ROOMBA_PROJECT_1/install/zed_ros2/share/zed_ros2/hook/cmake_prefix_path.sh'
[6.183s] Level 1:colcon.colcon_core.environment:checking '/home/wolfwagen/Undergrad_Minchan_Folder/ROOMBA_PROJECT_1/install/zed_ros2/bin'
[6.183s] Level 1:colcon.colcon_core.environment:checking '/home/wolfwagen/Undergrad_Minchan_Folder/ROOMBA_PROJECT_1/install/zed_ros2/lib/pkgconfig/zed_ros2.pc'
[6.184s] Level 1:colcon.colcon_core.environment:checking '/home/wolfwagen/Undergrad_Minchan_Folder/ROOMBA_PROJECT_1/install/zed_ros2/lib/python3.10/site-packages'
[6.185s] Level 1:colcon.colcon_core.environment:checking '/home/wolfwagen/Undergrad_Minchan_Folder/ROOMBA_PROJECT_1/install/zed_ros2/bin'
[6.186s] INFO:colcon.colcon_core.shell:Creating package script '/home/wolfwagen/Undergrad_Minchan_Folder/ROOMBA_PROJECT_1/install/zed_ros2/share/zed_ros2/package.ps1'
[6.189s] INFO:colcon.colcon_core.shell:Creating package descriptor '/home/wolfwagen/Undergrad_Minchan_Folder/ROOMBA_PROJECT_1/install/zed_ros2/share/zed_ros2/package.dsv'
[6.191s] INFO:colcon.colcon_core.shell:Creating package script '/home/wolfwagen/Undergrad_Minchan_Folder/ROOMBA_PROJECT_1/install/zed_ros2/share/zed_ros2/package.sh'
[6.192s] INFO:colcon.colcon_core.shell:Creating package script '/home/wolfwagen/Undergrad_Minchan_Folder/ROOMBA_PROJECT_1/install/zed_ros2/share/zed_ros2/package.bash'
[6.193s] INFO:colcon.colcon_core.shell:Creating package script '/home/wolfwagen/Undergrad_Minchan_Folder/ROOMBA_PROJECT_1/install/zed_ros2/share/zed_ros2/package.zsh'
[6.195s] Level 1:colcon.colcon_core.environment:create_file_with_runtime_dependencies(/home/wolfwagen/Undergrad_Minchan_Folder/ROOMBA_PROJECT_1/install/zed_ros2/share/colcon-core/packages/zed_ros2)
[6.197s] Level 1:colcon.colcon_core.environment:create_environment_scripts_only(zed_ros2)
[6.198s] Level 1:colcon.colcon_core.environment:checking '/home/wolfwagen/Undergrad_Minchan_Folder/ROOMBA_PROJECT_1/install/zed_ros2' for CMake module files
[6.199s] Level 1:colcon.colcon_core.environment:checking '/home/wolfwagen/Undergrad_Minchan_Folder/ROOMBA_PROJECT_1/install/zed_ros2' for CMake config files
[6.200s] Level 1:colcon.colcon_core.shell:create_environment_hook('zed_ros2', 'cmake_prefix_path')
[6.201s] INFO:colcon.colcon_core.shell:Creating environment hook '/home/wolfwagen/Undergrad_Minchan_Folder/ROOMBA_PROJECT_1/install/zed_ros2/share/zed_ros2/hook/cmake_prefix_path.ps1'
[6.202s] INFO:colcon.colcon_core.shell:Creating environment descriptor '/home/wolfwagen/Undergrad_Minchan_Folder/ROOMBA_PROJECT_1/install/zed_ros2/share/zed_ros2/hook/cmake_prefix_path.dsv'
[6.204s] INFO:colcon.colcon_core.shell:Creating environment hook '/home/wolfwagen/Undergrad_Minchan_Folder/ROOMBA_PROJECT_1/install/zed_ros2/share/zed_ros2/hook/cmake_prefix_path.sh'
[6.206s] Level 1:colcon.colcon_core.environment:checking '/home/wolfwagen/Undergrad_Minchan_Folder/ROOMBA_PROJECT_1/install/zed_ros2/bin'
[6.206s] Level 1:colcon.colcon_core.environment:checking '/home/wolfwagen/Undergrad_Minchan_Folder/ROOMBA_PROJECT_1/install/zed_ros2/lib/pkgconfig/zed_ros2.pc'
[6.207s] Level 1:colcon.colcon_core.environment:checking '/home/wolfwagen/Undergrad_Minchan_Folder/ROOMBA_PROJECT_1/install/zed_ros2/lib/python3.10/site-packages'
[6.208s] Level 1:colcon.colcon_core.environment:checking '/home/wolfwagen/Undergrad_Minchan_Folder/ROOMBA_PROJECT_1/install/zed_ros2/bin'
[6.209s] INFO:colcon.colcon_core.shell:Creating package script '/home/wolfwagen/Undergrad_Minchan_Folder/ROOMBA_PROJECT_1/install/zed_ros2/share/zed_ros2/package.ps1'
[6.212s] INFO:colcon.colcon_core.shell:Creating package descriptor '/home/wolfwagen/Undergrad_Minchan_Folder/ROOMBA_PROJECT_1/install/zed_ros2/share/zed_ros2/package.dsv'
[6.214s] INFO:colcon.colcon_core.shell:Creating package script '/home/wolfwagen/Undergrad_Minchan_Folder/ROOMBA_PROJECT_1/install/zed_ros2/share/zed_ros2/package.sh'
[6.215s] INFO:colcon.colcon_core.shell:Creating package script '/home/wolfwagen/Undergrad_Minchan_Folder/ROOMBA_PROJECT_1/install/zed_ros2/share/zed_ros2/package.bash'
[6.217s] INFO:colcon.colcon_core.shell:Creating package script '/home/wolfwagen/Undergrad_Minchan_Folder/ROOMBA_PROJECT_1/install/zed_ros2/share/zed_ros2/package.zsh'
[6.218s] Level 1:colcon.colcon_core.environment:create_file_with_runtime_dependencies(/home/wolfwagen/Undergrad_Minchan_Folder/ROOMBA_PROJECT_1/install/zed_ros2/share/colcon-core/packages/zed_ros2)
[6.620s] DEBUG:colcon.colcon_core.event_handler.log_command:Invoked command in '/home/wolfwagen/Undergrad_Minchan_Folder/ROOMBA_PROJECT_1/build/unitree_lidar_ros' returned '1': /usr/bin/cmake /home/wolfwagen/Undergrad_Minchan_Folder/ROOMBA_PROJECT_1/roomba_src/unilidar_sdk2/unitree_lidar_ros/src/unitree_lidar_ros -DCATKIN_INSTALL_INTO_PREFIX_ROOT=0 -DCATKIN_SYMLINK_INSTALL=ON -DCMAKE_INSTALL_PREFIX=/home/wolfwagen/Undergrad_Minchan_Folder/ROOMBA_PROJECT_1/install/unitree_lidar_ros
[6.646s] Level 1:colcon.colcon_core.environment:create_environment_scripts_only(unitree_lidar_ros)
[6.648s] Level 1:colcon.colcon_core.environment:checking '/home/wolfwagen/Undergrad_Minchan_Folder/ROOMBA_PROJECT_1/install/unitree_lidar_ros' for CMake module files
[6.649s] Level 1:colcon.colcon_core.environment:checking '/home/wolfwagen/Undergrad_Minchan_Folder/ROOMBA_PROJECT_1/install/unitree_lidar_ros' for CMake config files
[6.649s] Level 1:colcon.colcon_core.environment:checking '/home/wolfwagen/Undergrad_Minchan_Folder/ROOMBA_PROJECT_1/install/unitree_lidar_ros/bin'
[6.650s] Level 1:colcon.colcon_core.environment:checking '/home/wolfwagen/Undergrad_Minchan_Folder/ROOMBA_PROJECT_1/install/unitree_lidar_ros/lib/pkgconfig/unitree_lidar_ros.pc'
[6.651s] Level 1:colcon.colcon_core.environment:checking '/home/wolfwagen/Undergrad_Minchan_Folder/ROOMBA_PROJECT_1/install/unitree_lidar_ros/lib/python3.10/site-packages'
[6.652s] Level 1:colcon.colcon_core.environment:checking '/home/wolfwagen/Undergrad_Minchan_Folder/ROOMBA_PROJECT_1/install/unitree_lidar_ros/bin'
[6.653s] INFO:colcon.colcon_core.shell:Creating package script '/home/wolfwagen/Undergrad_Minchan_Folder/ROOMBA_PROJECT_1/install/unitree_lidar_ros/share/unitree_lidar_ros/package.ps1'
[6.656s] INFO:colcon.colcon_core.shell:Creating package descriptor '/home/wolfwagen/Undergrad_Minchan_Folder/ROOMBA_PROJECT_1/install/unitree_lidar_ros/share/unitree_lidar_ros/package.dsv'
[6.657s] INFO:colcon.colcon_core.shell:Creating package script '/home/wolfwagen/Undergrad_Minchan_Folder/ROOMBA_PROJECT_1/install/unitree_lidar_ros/share/unitree_lidar_ros/package.sh'
[6.658s] INFO:colcon.colcon_core.shell:Creating package script '/home/wolfwagen/Undergrad_Minchan_Folder/ROOMBA_PROJECT_1/install/unitree_lidar_ros/share/unitree_lidar_ros/package.bash'
[6.659s] INFO:colcon.colcon_core.shell:Creating package script '/home/wolfwagen/Undergrad_Minchan_Folder/ROOMBA_PROJECT_1/install/unitree_lidar_ros/share/unitree_lidar_ros/package.zsh'
[6.660s] Level 1:colcon.colcon_core.environment:create_file_with_runtime_dependencies(/home/wolfwagen/Undergrad_Minchan_Folder/ROOMBA_PROJECT_1/install/unitree_lidar_ros/share/colcon-core/packages/unitree_lidar_ros)
[6.672s] DEBUG:colcon.colcon_parallel_executor.executor.parallel:closing loop
[6.673s] DEBUG:colcon.colcon_parallel_executor.executor.parallel:loop closed
[6.673s] DEBUG:colcon.colcon_parallel_executor.executor.parallel:run_until_complete finished with '1'
[6.673s] DEBUG:colcon.colcon_core.event_reactor:joining thread
[6.676s] DEBUG:colcon.colcon_core.event_reactor:joined thread
[6.677s] INFO:colcon.colcon_core.shell:Creating prefix script '/home/wolfwagen/Undergrad_Minchan_Folder/ROOMBA_PROJECT_1/install/local_setup.ps1'
[6.683s] INFO:colcon.colcon_core.shell:Creating prefix util module '/home/wolfwagen/Undergrad_Minchan_Folder/ROOMBA_PROJECT_1/install/_local_setup_util_ps1.py'
[6.689s] INFO:colcon.colcon_core.shell:Creating prefix chain script '/home/wolfwagen/Undergrad_Minchan_Folder/ROOMBA_PROJECT_1/install/setup.ps1'
[6.693s] INFO:colcon.colcon_core.shell:Creating prefix script '/home/wolfwagen/Undergrad_Minchan_Folder/ROOMBA_PROJECT_1/install/local_setup.sh'
[6.695s] INFO:colcon.colcon_core.shell:Creating prefix util module '/home/wolfwagen/Undergrad_Minchan_Folder/ROOMBA_PROJECT_1/install/_local_setup_util_sh.py'
[6.697s] INFO:colcon.colcon_core.shell:Creating prefix chain script '/home/wolfwagen/Undergrad_Minchan_Folder/ROOMBA_PROJECT_1/install/setup.sh'
[6.701s] INFO:colcon.colcon_core.shell:Creating prefix script '/home/wolfwagen/Undergrad_Minchan_Folder/ROOMBA_PROJECT_1/install/local_setup.bash'
[6.703s] INFO:colcon.colcon_core.shell:Creating prefix chain script '/home/wolfwagen/Undergrad_Minchan_Folder/ROOMBA_PROJECT_1/install/setup.bash'
[6.706s] INFO:colcon.colcon_core.shell:Creating prefix script '/home/wolfwagen/Undergrad_Minchan_Folder/ROOMBA_PROJECT_1/install/local_setup.zsh'
[6.708s] INFO:colcon.colcon_core.shell:Creating prefix chain script '/home/wolfwagen/Undergrad_Minchan_Folder/ROOMBA_PROJECT_1/install/setup.zsh'
